patient_id,vital_status
24001,Dead
24002,Dead
24003,Dead
24004,Dead
24005,Dead
24006,Dead
24007,Dead
24008,Dead
24009,Dead
24010,Dead
24011,Dead
24012,Dead
24013,Dead
24014,Dead
24015,Dead
24016,Dead
24017,Dead
24018,Dead
24019,Dead
24020,Dead
24021,Dead
24022,Dead
24023,Dead
24024,Dead
24025,Dead
24026,Dead
24027,Dead
24028,Dead
24029,Dead
24030,Dead
24031,Dead
24032,Dead
24033,Dead
24034,Dead
24035,Dead
24036,Dead
24037,Dead
24038,Dead
24039,Dead
24040,Dead
24041,Dead
24042,Dead
24043,Dead
24044,Dead
24045,Dead
24046,Dead
24047,Dead
24048,Dead
24049,Dead
24050,Dead
24051,Dead
24052,Dead
24053,Dead
24054,Dead
24055,Dead
24056,Dead
24057,Dead
24058,Dead
24059,Dead
24060,Dead
24061,Dead
24062,Dead
24063,Dead
24064,Dead
24065,Dead
24066,Dead
24067,Dead
24068,Dead
24069,Dead
24070,Dead
24071,Dead
24072,Dead
24073,Dead
24074,Dead
24075,Dead
24076,Dead
24077,Dead
24078,Dead
24079,Dead
24080,Dead
24081,Dead
24082,Dead
24083,Dead
24084,Dead
24085,Dead
24086,Dead
24087,Dead
24088,Dead
24089,Dead
24090,Dead
24091,Dead
24092,Dead
24093,Dead
24094,Dead
24095,Dead
24096,Dead
24097,Dead
24098,Dead
24099,Dead
24100,Dead
24101,Dead
24102,Dead
24103,Dead
24104,Dead
24105,Dead
24106,Dead
24107,Dead
24108,Dead
24109,Dead
24110,Dead
24111,Dead
24112,Dead
24113,Dead
24114,Dead
24115,Dead
24116,Dead
24117,Dead
24118,Dead
24119,Dead
24120,Dead
24121,Dead
24122,Dead
24123,Dead
24124,Dead
24125,Dead
24126,Dead
24127,Dead
24128,Dead
24129,Dead
24130,Dead
24131,Dead
24132,Dead
24133,Dead
24134,Dead
24135,Dead
24136,Dead
24137,Dead
24138,Dead
24139,Dead
24140,Dead
24141,Dead
24142,Dead
24143,Dead
24144,Dead
24145,Dead
24146,Dead
24147,Dead
24148,Dead
24149,Dead
24150,Dead
24151,Dead
24152,Dead
24153,Dead
24154,Dead
24155,Dead
24156,Dead
24157,Dead
24158,Dead
24159,Dead
24160,Dead
24161,Dead
24162,Dead
24163,Dead
24164,Dead
24165,Dead
24166,Dead
24167,Dead
24168,Dead
24169,Dead
24170,Dead
24171,Dead
24172,Dead
24173,Dead
24174,Dead
24175,Dead
24176,Dead
24177,Dead
24178,Dead
24179,Dead
24180,Dead
24181,Dead
24182,Dead
24183,Dead
24184,Dead
24185,Dead
24186,Dead
24187,Dead
24188,Dead
24189,Dead
24190,Dead
24191,Dead
24192,Dead
24193,Dead
24194,Dead
24195,Dead
24196,Dead
24197,Dead
24198,Dead
24199,Dead
24200,Dead
24201,Dead
24202,Dead
24203,Dead
24204,Dead
24205,Dead
24206,Dead
24207,Dead
24208,Dead
24209,Dead
24210,Dead
24211,Dead
24212,Dead
24213,Dead
24214,Dead
24215,Dead
24216,Dead
24217,Dead
24218,Dead
24219,Dead
24220,Dead
24221,Dead
24222,Dead
24223,Dead
24224,Dead
24225,Dead
24226,Dead
24227,Dead
24228,Dead
24229,Dead
24230,Dead
24231,Dead
24232,Dead
24233,Dead
24234,Dead
24235,Dead
24236,Dead
24237,Dead
24238,Dead
24239,Dead
24240,Dead
24241,Dead
24242,Dead
24243,Dead
24244,Dead
24245,Dead
24246,Dead
24247,Dead
24248,Dead
24249,Dead
24250,Dead
24251,Dead
24252,Dead
24253,Dead
24254,Dead
24255,Dead
24256,Dead
24257,Dead
24258,Dead
24259,Dead
24260,Dead
24261,Dead
24262,Dead
24263,Dead
24264,Dead
24265,Dead
24266,Dead
24267,Dead
24268,Dead
24269,Dead
24270,Dead
24271,Dead
24272,Dead
24273,Dead
24274,Dead
24275,Dead
24276,Dead
24277,Dead
24278,Dead
24279,Dead
24280,Dead
24281,Dead
24282,Dead
24283,Dead
24284,Dead
24285,Dead
24286,Dead
24287,Dead
24288,Dead
24289,Dead
24290,Dead
24291,Dead
24292,Dead
24293,Dead
24294,Dead
24295,Dead
24296,Dead
24297,Dead
24298,Dead
24299,Dead
24300,Dead
24301,Dead
24302,Dead
24303,Dead
24304,Dead
24305,Dead
24306,Dead
24307,Dead
24308,Dead
24309,Dead
24310,Dead
24311,Dead
24312,Dead
24313,Dead
24314,Dead
24315,Dead
24316,Dead
24317,Dead
24318,Dead
24319,Dead
24320,Dead
24321,Dead
24322,Dead
24323,Dead
24324,Dead
24325,Dead
24326,Dead
24327,Dead
24328,Dead
24329,Dead
24330,Dead
24331,Dead
24332,Dead
24333,Dead
24334,Dead
24335,Dead
24336,Dead
24337,Dead
24338,Dead
24339,Dead
24340,Dead
24341,Dead
24342,Dead
24343,Dead
24344,Dead
24345,Dead
24346,Dead
24347,Dead
24348,Dead
24349,Dead
24350,Dead
24351,Dead
24352,Dead
24353,Dead
24354,Dead
24355,Dead
24356,Dead
24357,Dead
24358,Dead
24359,Dead
24360,Dead
24361,Dead
24362,Dead
24363,Dead
24364,Dead
24365,Dead
24366,Dead
24367,Dead
24368,Dead
24369,Dead
24370,Dead
24371,Dead
24372,Dead
24373,Dead
24374,Dead
24375,Dead
24376,Dead
24377,Dead
24378,Dead
24379,Dead
24380,Dead
24381,Dead
24382,Dead
24383,Dead
24384,Dead
24385,Dead
24386,Dead
24387,Dead
24388,Dead
24389,Dead
24390,Dead
24391,Dead
24392,Dead
24393,Dead
24394,Dead
24395,Dead
24396,Dead
24397,Dead
24398,Dead
24399,Dead
24400,Dead
24401,Dead
24402,Dead
24403,Dead
24404,Dead
24405,Dead
24406,Dead
24407,Dead
24408,Dead
24409,Dead
24410,Dead
24411,Dead
24412,Dead
24413,Dead
24414,Dead
24415,Dead
24416,Dead
24417,Dead
24418,Dead
24419,Dead
24420,Dead
24421,Dead
24422,Dead
24423,Dead
24424,Dead
24425,Dead
24426,Dead
24427,Dead
24428,Dead
24429,Dead
24430,Dead
24431,Dead
24432,Dead
24433,Dead
24434,Dead
24435,Dead
24436,Dead
24437,Dead
24438,Dead
24439,Dead
24440,Dead
24441,Dead
24442,Dead
24443,Dead
24444,Dead
24445,Dead
24446,Dead
24447,Dead
24448,Dead
24449,Dead
24450,Dead
24451,Dead
24452,Dead
24453,Dead
24454,Dead
24455,Dead
24456,Dead
24457,Dead
24458,Dead
24459,Dead
24460,Dead
24461,Dead
24462,Dead
24463,Dead
24464,Dead
24465,Dead
24466,Dead
24467,Dead
24468,Dead
24469,Dead
24470,Dead
24471,Dead
24472,Dead
24473,Dead
24474,Dead
24475,Dead
24476,Dead
24477,Dead
24478,Dead
24479,Dead
24480,Dead
24481,Dead
24482,Dead
24483,Dead
24484,Dead
24485,Dead
24486,Dead
24487,Dead
24488,Dead
24489,Dead
24490,Dead
24491,Dead
24492,Dead
24493,Dead
24494,Dead
24495,Dead
24496,Dead
24497,Dead
24498,Dead
24499,Dead
24500,Dead
24501,Dead
24502,Dead
24503,Dead
24504,Dead
24505,Dead
24506,Dead
24507,Dead
24508,Dead
24509,Dead
24510,Dead
24511,Dead
24512,Dead
24513,Dead
24514,Dead
24515,Dead
24516,Dead
24517,Dead
24518,Dead
24519,Dead
24520,Dead
24521,Dead
24522,Dead
24523,Dead
24524,Dead
24525,Dead
24526,Dead
24527,Dead
24528,Dead
24529,Dead
24530,Dead
24531,Dead
24532,Dead
24533,Dead
24534,Dead
24535,Dead
24536,Dead
24537,Dead
24538,Dead
24539,Dead
24540,Dead
24541,Dead
24542,Dead
24543,Dead
24544,Dead
24545,Dead
24546,Dead
24547,Dead
24548,Dead
24549,Dead
24550,Dead
24551,Dead
24552,Dead
24553,Dead
24554,Dead
24555,Dead
24556,Dead
24557,Dead
24558,Dead
24559,Dead
24560,Dead
24561,Dead
24562,Dead
24563,Dead
24564,Dead
24565,Dead
24566,Dead
24567,Dead
24568,Dead
24569,Dead
24570,Dead
24571,Dead
24572,Dead
24573,Dead
24574,Dead
24575,Dead
24576,Dead
24577,Dead
24578,Dead
24579,Dead
24580,Dead
24581,Dead
24582,Dead
24583,Dead
24584,Dead
24585,Dead
24586,Dead
24587,Dead
24588,Dead
24589,Dead
24590,Dead
24591,Dead
24592,Dead
24593,Dead
24594,Dead
24595,Dead
24596,Dead
24597,Dead
24598,Dead
24599,Dead
24600,Dead
24601,Dead
24602,Dead
24603,Dead
24604,Dead
24605,Dead
24606,Dead
24607,Dead
24608,Dead
24609,Dead
24610,Dead
24611,Dead
24612,Dead
24613,Dead
24614,Dead
24615,Dead
24616,Dead
24617,Dead
24618,Dead
24619,Dead
24620,Dead
24621,Dead
24622,Dead
24623,Dead
24624,Dead
24625,Dead
24626,Dead
24627,Dead
24628,Dead
24629,Dead
24630,Dead
24631,Dead
24632,Dead
24633,Dead
24634,Dead
24635,Dead
24636,Dead
24637,Dead
24638,Dead
24639,Dead
24640,Dead
24641,Dead
24642,Dead
24643,Dead
24644,Dead
24645,Dead
24646,Dead
24647,Dead
24648,Dead
24649,Dead
24650,Dead
24651,Dead
24652,Dead
24653,Dead
24654,Dead
24655,Dead
24656,Dead
24657,Dead
24658,Dead
24659,Dead
24660,Dead
24661,Dead
24662,Dead
24663,Dead
24664,Dead
24665,Dead
24666,Dead
24667,Dead
24668,Dead
24669,Dead
24670,Dead
24671,Dead
24672,Dead
24673,Dead
24674,Dead
24675,Dead
24676,Dead
24677,Dead
24678,Dead
24679,Dead
24680,Dead
24681,Dead
24682,Dead
24683,Dead
24684,Dead
24685,Dead
24686,Dead
24687,Dead
24688,Dead
24689,Dead
24690,Dead
24691,Dead
24692,Dead
24693,Dead
24694,Dead
24695,Dead
24696,Dead
24697,Dead
24698,Dead
24699,Dead
24700,Dead
24701,Dead
24702,Dead
24703,Dead
24704,Dead
24705,Dead
24706,Dead
24707,Dead
24708,Dead
24709,Dead
24710,Dead
24711,Dead
24712,Dead
24713,Dead
24714,Dead
24715,Dead
24716,Dead
24717,Dead
24718,Dead
24719,Dead
24720,Dead
24721,Dead
24722,Dead
24723,Dead
24724,Dead
24725,Dead
24726,Dead
24727,Dead
24728,Dead
24729,Dead
24730,Dead
24731,Dead
24732,Dead
24733,Dead
24734,Dead
24735,Dead
24736,Dead
24737,Dead
24738,Dead
24739,Dead
24740,Dead
24741,Dead
24742,Dead
24743,Dead
24744,Dead
24745,Dead
24746,Dead
24747,Dead
24748,Dead
24749,Dead
24750,Dead
24751,Dead
24752,Dead
24753,Dead
24754,Dead
24755,Dead
24756,Dead
24757,Dead
24758,Dead
24759,Dead
24760,Dead
24761,Dead
24762,Dead
24763,Dead
24764,Dead
24765,Dead
24766,Dead
24767,Dead
24768,Dead
24769,Dead
24770,Dead
24771,Dead
24772,Dead
24773,Dead
24774,Dead
24775,Dead
24776,Dead
24777,Dead
24778,Dead
24779,Dead
24780,Dead
24781,Dead
24782,Dead
24783,Dead
24784,Dead
24785,Dead
24786,Dead
24787,Dead
24788,Dead
24789,Dead
24790,Dead
24791,Dead
24792,Dead
24793,Dead
24794,Dead
24795,Dead
24796,Dead
24797,Dead
24798,Dead
24799,Dead
24800,Dead
24801,Dead
24802,Dead
24803,Dead
24804,Dead
24805,Dead
24806,Dead
24807,Dead
24808,Dead
24809,Dead
24810,Dead
24811,Dead
24812,Dead
24813,Dead
24814,Dead
24815,Dead
24816,Dead
24817,Dead
24818,Dead
24819,Dead
24820,Dead
24821,Dead
24822,Dead
24823,Dead
24824,Dead
24825,Dead
24826,Dead
24827,Dead
24828,Dead
24829,Dead
24830,Dead
24831,Dead
24832,Dead
24833,Dead
24834,Dead
24835,Dead
24836,Dead
24837,Dead
24838,Dead
24839,Dead
24840,Dead
24841,Dead
24842,Dead
24843,Dead
24844,Dead
24845,Dead
24846,Dead
24847,Dead
24848,Dead
24849,Dead
24850,Dead
24851,Dead
24852,Dead
24853,Dead
24854,Dead
24855,Dead
24856,Dead
24857,Dead
24858,Dead
24859,Dead
24860,Dead
24861,Dead
24862,Dead
24863,Dead
24864,Dead
24865,Dead
24866,Dead
24867,Dead
24868,Dead
24869,Dead
24870,Dead
24871,Dead
24872,Dead
24873,Dead
24874,Dead
24875,Dead
24876,Dead
24877,Dead
24878,Dead
24879,Dead
24880,Dead
24881,Dead
24882,Dead
24883,Dead
24884,Dead
24885,Dead
24886,Dead
24887,Dead
24888,Dead
24889,Dead
24890,Dead
24891,Dead
24892,Dead
24893,Dead
24894,Dead
24895,Dead
24896,Dead
24897,Dead
24898,Dead
24899,Dead
24900,Dead
24901,Dead
24902,Dead
24903,Dead
24904,Dead
24905,Dead
24906,Dead
24907,Dead
24908,Dead
24909,Dead
24910,Dead
24911,Dead
24912,Dead
24913,Dead
24914,Dead
24915,Dead
24916,Dead
24917,Dead
24918,Dead
24919,Dead
24920,Dead
24921,Dead
24922,Dead
24923,Dead
24924,Dead
24925,Dead
24926,Dead
24927,Dead
24928,Dead
24929,Dead
24930,Dead
24931,Dead
24932,Dead
24933,Dead
24934,Dead
24935,Dead
24936,Dead
24937,Dead
24938,Dead
24939,Dead
24940,Dead
24941,Dead
24942,Dead
24943,Dead
24944,Dead
24945,Dead
24946,Dead
24947,Dead
24948,Dead
24949,Dead
24950,Dead
24951,Dead
24952,Dead
24953,Dead
24954,Dead
24955,Dead
24956,Dead
24957,Dead
24958,Dead
24959,Dead
24960,Dead
24961,Dead
24962,Dead
24963,Dead
24964,Dead
24965,Dead
24966,Dead
24967,Dead
24968,Dead
24969,Dead
24970,Dead
24971,Dead
24972,Dead
24973,Dead
24974,Dead
24975,Dead
24976,Dead
24977,Dead
24978,Dead
24979,Dead
24980,Dead
24981,Dead
24982,Dead
24983,Dead
24984,Dead
24985,Dead
24986,Dead
24987,Dead
24988,Dead
24989,Dead
24990,Dead
24991,Dead
24992,Dead
24993,Dead
24994,Dead
24995,Dead
24996,Dead
24997,Dead
24998,Dead
24999,Dead
25000,Dead
25001,Dead
25002,Dead
25003,Dead
25004,Dead
25005,Dead
25006,Dead
25007,Dead
25008,Dead
25009,Dead
25010,Dead
25011,Dead
25012,Dead
25013,Dead
25014,Dead
25015,Dead
25016,Dead
25017,Dead
25018,Dead
25019,Dead
25020,Dead
25021,Dead
25022,Dead
25023,Dead
25024,Dead
25025,Dead
25026,Dead
25027,Dead
25028,Dead
25029,Dead
25030,Dead
25031,Dead
25032,Dead
25033,Dead
25034,Dead
25035,Dead
25036,Dead
25037,Dead
25038,Dead
25039,Dead
25040,Dead
25041,Dead
25042,Dead
25043,Dead
25044,Dead
25045,Dead
25046,Dead
25047,Dead
25048,Dead
25049,Dead
25050,Dead
25051,Dead
25052,Dead
25053,Dead
25054,Dead
25055,Dead
25056,Dead
25057,Dead
25058,Dead
25059,Dead
25060,Dead
25061,Dead
25062,Dead
25063,Dead
25064,Dead
25065,Dead
25066,Dead
25067,Dead
25068,Dead
25069,Dead
25070,Dead
25071,Dead
25072,Dead
25073,Dead
25074,Dead
25075,Dead
25076,Dead
25077,Dead
25078,Dead
25079,Dead
25080,Dead
25081,Dead
25082,Dead
25083,Dead
25084,Dead
25085,Dead
25086,Dead
25087,Dead
25088,Dead
25089,Dead
25090,Dead
25091,Dead
25092,Dead
25093,Dead
25094,Dead
25095,Dead
25096,Dead
25097,Dead
25098,Dead
25099,Dead
25100,Dead
25101,Dead
25102,Dead
25103,Dead
25104,Dead
25105,Dead
25106,Dead
25107,Dead
25108,Dead
25109,Dead
25110,Dead
25111,Dead
25112,Dead
25113,Dead
25114,Dead
25115,Dead
25116,Dead
25117,Dead
25118,Dead
25119,Dead
25120,Dead
25121,Dead
25122,Dead
25123,Dead
25124,Dead
25125,Dead
25126,Dead
25127,Dead
25128,Dead
25129,Dead
25130,Dead
25131,Dead
25132,Dead
25133,Dead
25134,Dead
25135,Dead
25136,Dead
25137,Dead
25138,Dead
25139,Dead
25140,Dead
25141,Dead
25142,Dead
25143,Dead
25144,Dead
25145,Dead
25146,Dead
25147,Dead
25148,Dead
25149,Dead
25150,Dead
25151,Dead
25152,Dead
25153,Dead
25154,Dead
25155,Dead
25156,Dead
25157,Dead
25158,Dead
25159,Dead
25160,Dead
25161,Dead
25162,Dead
25163,Dead
25164,Dead
25165,Dead
25166,Dead
25167,Dead
25168,Dead
25169,Dead
25170,Dead
25171,Dead
25172,Dead
25173,Dead
25174,Dead
25175,Dead
25176,Dead
25177,Dead
25178,Dead
25179,Dead
25180,Dead
25181,Dead
25182,Dead
25183,Dead
25184,Dead
25185,Dead
25186,Dead
25187,Dead
25188,Dead
25189,Dead
25190,Dead
25191,Dead
25192,Dead
25193,Dead
25194,Dead
25195,Dead
25196,Dead
25197,Dead
25198,Dead
25199,Dead
25200,Dead
25201,Dead
25202,Dead
25203,Dead
25204,Dead
25205,Dead
25206,Dead
25207,Dead
25208,Dead
25209,Dead
25210,Dead
25211,Dead
25212,Dead
25213,Dead
25214,Dead
25215,Dead
25216,Dead
25217,Dead
25218,Dead
25219,Dead
25220,Dead
25221,Dead
25222,Dead
25223,Dead
25224,Dead
25225,Dead
25226,Dead
25227,Dead
25228,Dead
25229,Dead
25230,Dead
25231,Dead
25232,Dead
25233,Dead
25234,Dead
25235,Dead
25236,Dead
25237,Dead
25238,Dead
25239,Dead
25240,Dead
25241,Dead
25242,Dead
25243,Dead
25244,Dead
25245,Dead
25246,Dead
25247,Dead
25248,Dead
25249,Dead
25250,Dead
25251,Dead
25252,Dead
25253,Dead
25254,Dead
25255,Dead
25256,Dead
25257,Dead
25258,Dead
25259,Dead
25260,Dead
25261,Dead
25262,Dead
25263,Dead
25264,Dead
25265,Dead
25266,Dead
25267,Dead
25268,Dead
25269,Dead
25270,Dead
25271,Dead
25272,Dead
25273,Dead
25274,Dead
25275,Dead
25276,Dead
25277,Dead
25278,Dead
25279,Dead
25280,Dead
25281,Dead
25282,Dead
25283,Dead
25284,Dead
25285,Dead
25286,Dead
25287,Dead
25288,Dead
25289,Dead
25290,Dead
25291,Dead
25292,Dead
25293,Dead
25294,Dead
25295,Dead
25296,Dead
25297,Dead
25298,Dead
25299,Dead
25300,Dead
25301,Dead
25302,Dead
25303,Dead
25304,Dead
25305,Dead
25306,Dead
25307,Dead
25308,Dead
25309,Dead
25310,Dead
25311,Dead
25312,Dead
25313,Dead
25314,Dead
25315,Dead
25316,Dead
25317,Dead
25318,Dead
25319,Dead
25320,Dead
25321,Dead
25322,Dead
25323,Dead
25324,Dead
25325,Dead
25326,Dead
25327,Dead
25328,Dead
25329,Dead
25330,Dead
25331,Dead
25332,Dead
25333,Dead
25334,Dead
25335,Dead
25336,Dead
25337,Dead
25338,Dead
25339,Dead
25340,Dead
25341,Dead
25342,Dead
25343,Dead
25344,Dead
25345,Dead
25346,Dead
25347,Dead
25348,Dead
25349,Dead
25350,Dead
25351,Dead
25352,Dead
25353,Dead
25354,Dead
25355,Dead
25356,Dead
25357,Dead
25358,Dead
25359,Dead
25360,Dead
25361,Dead
25362,Dead
25363,Dead
25364,Dead
25365,Dead
25366,Dead
25367,Dead
25368,Dead
25369,Dead
25370,Dead
25371,Dead
25372,Dead
25373,Dead
25374,Dead
25375,Dead
25376,Dead
25377,Dead
25378,Dead
25379,Dead
25380,Dead
25381,Dead
25382,Dead
25383,Dead
25384,Dead
25385,Dead
25386,Dead
25387,Dead
25388,Dead
25389,Dead
25390,Dead
25391,Dead
25392,Dead
25393,Dead
25394,Dead
25395,Dead
25396,Dead
25397,Dead
25398,Dead
25399,Dead
25400,Dead
25401,Dead
25402,Dead
25403,Dead
25404,Dead
25405,Dead
25406,Dead
25407,Dead
25408,Dead
25409,Dead
25410,Dead
25411,Dead
25412,Dead
25413,Dead
25414,Dead
25415,Dead
25416,Dead
25417,Dead
25418,Dead
25419,Dead
25420,Dead
25421,Dead
25422,Dead
25423,Dead
25424,Dead
25425,Dead
25426,Dead
25427,Dead
25428,Dead
25429,Dead
25430,Dead
25431,Dead
25432,Dead
25433,Dead
25434,Dead
25435,Dead
25436,Dead
25437,Dead
25438,Dead
25439,Dead
25440,Dead
25441,Dead
25442,Dead
25443,Dead
25444,Dead
25445,Dead
25446,Dead
25447,Dead
25448,Dead
25449,Dead
25450,Dead
25451,Dead
25452,Dead
25453,Dead
25454,Dead
25455,Dead
25456,Dead
25457,Dead
25458,Dead
25459,Dead
25460,Dead
25461,Dead
25462,Dead
25463,Dead
25464,Dead
25465,Dead
25466,Dead
25467,Dead
25468,Dead
25469,Dead
25470,Dead
25471,Dead
25472,Dead
25473,Dead
25474,Dead
25475,Dead
25476,Dead
25477,Dead
25478,Dead
25479,Dead
25480,Dead
25481,Dead
25482,Dead
25483,Dead
25484,Dead
25485,Dead
25486,Dead
25487,Dead
25488,Dead
25489,Dead
25490,Dead
25491,Dead
25492,Dead
25493,Dead
25494,Dead
25495,Dead
25496,Dead
25497,Dead
25498,Dead
25499,Dead
25500,Dead
25501,Dead
25502,Dead
25503,Dead
25504,Dead
25505,Dead
25506,Dead
25507,Dead
25508,Dead
25509,Dead
25510,Dead
25511,Dead
25512,Dead
25513,Dead
25514,Dead
25515,Dead
25516,Dead
25517,Dead
25518,Dead
25519,Dead
25520,Dead
25521,Dead
25522,Dead
25523,Dead
25524,Dead
25525,Dead
25526,Dead
25527,Dead
25528,Dead
25529,Dead
25530,Dead
25531,Dead
25532,Dead
25533,Dead
25534,Dead
25535,Dead
25536,Dead
25537,Dead
25538,Dead
25539,Dead
25540,Dead
25541,Dead
25542,Dead
25543,Dead
25544,Dead
25545,Dead
25546,Dead
25547,Dead
25548,Dead
25549,Dead
25550,Dead
25551,Dead
25552,Dead
25553,Dead
25554,Dead
25555,Dead
25556,Dead
25557,Dead
25558,Dead
25559,Dead
25560,Dead
25561,Dead
25562,Dead
25563,Dead
25564,Dead
25565,Dead
25566,Dead
25567,Dead
25568,Dead
25569,Dead
25570,Dead
25571,Dead
25572,Dead
25573,Dead
25574,Dead
25575,Dead
25576,Dead
25577,Dead
25578,Dead
25579,Dead
25580,Dead
25581,Dead
25582,Dead
25583,Dead
25584,Dead
25585,Dead
25586,Dead
25587,Dead
25588,Dead
25589,Dead
25590,Dead
25591,Dead
25592,Dead
25593,Dead
25594,Dead
25595,Dead
25596,Dead
25597,Dead
25598,Dead
25599,Dead
25600,Dead
25601,Dead
25602,Dead
25603,Dead
25604,Dead
25605,Dead
25606,Dead
25607,Dead
25608,Dead
25609,Dead
25610,Dead
25611,Dead
25612,Dead
25613,Dead
25614,Dead
25615,Dead
25616,Dead
25617,Dead
25618,Dead
25619,Dead
25620,Dead
25621,Dead
25622,Dead
25623,Dead
25624,Dead
25625,Dead
25626,Dead
25627,Dead
25628,Dead
25629,Dead
25630,Dead
25631,Dead
25632,Dead
25633,Dead
25634,Dead
25635,Dead
25636,Dead
25637,Dead
25638,Dead
25639,Dead
25640,Dead
25641,Dead
25642,Dead
25643,Dead
25644,Dead
25645,Dead
25646,Dead
25647,Dead
25648,Dead
25649,Dead
25650,Dead
25651,Dead
25652,Dead
25653,Dead
25654,Dead
25655,Dead
25656,Dead
25657,Dead
25658,Dead
25659,Dead
25660,Dead
25661,Dead
25662,Dead
25663,Dead
25664,Dead
25665,Dead
25666,Dead
25667,Dead
25668,Dead
25669,Dead
25670,Dead
25671,Dead
25672,Dead
25673,Dead
25674,Dead
25675,Dead
25676,Dead
25677,Dead
25678,Dead
25679,Dead
25680,Dead
25681,Dead
25682,Dead
25683,Dead
25684,Dead
25685,Dead
25686,Dead
25687,Dead
25688,Dead
25689,Dead
25690,Dead
25691,Dead
25692,Dead
25693,Dead
25694,Dead
25695,Dead
25696,Dead
25697,Dead
25698,Dead
25699,Dead
25700,Dead
25701,Dead
25702,Dead
25703,Dead
25704,Dead
25705,Dead
25706,Dead
25707,Dead
25708,Dead
25709,Dead
25710,Dead
25711,Dead
25712,Dead
25713,Dead
25714,Dead
25715,Dead
25716,Dead
25717,Dead
25718,Dead
25719,Dead
25720,Dead
25721,Dead
25722,Dead
25723,Dead
25724,Dead
25725,Dead
25726,Dead
25727,Dead
25728,Dead
25729,Dead
25730,Dead
25731,Dead
25732,Dead
25733,Dead
25734,Dead
25735,Dead
25736,Dead
25737,Dead
25738,Dead
25739,Dead
25740,Dead
25741,Dead
25742,Dead
25743,Dead
25744,Dead
25745,Dead
25746,Dead
25747,Dead
25748,Dead
25749,Dead
25750,Dead
25751,Dead
25752,Dead
25753,Dead
25754,Dead
25755,Dead
25756,Dead
25757,Dead
25758,Dead
25759,Dead
25760,Dead
25761,Dead
25762,Dead
25763,Dead
25764,Dead
25765,Dead
25766,Dead
25767,Dead
25768,Dead
25769,Dead
25770,Dead
25771,Dead
25772,Dead
25773,Dead
25774,Dead
25775,Dead
25776,Dead
25777,Dead
25778,Dead
25779,Dead
25780,Dead
25781,Dead
25782,Dead
25783,Dead
25784,Dead
25785,Dead
25786,Dead
25787,Dead
25788,Dead
25789,Dead
25790,Dead
25791,Dead
25792,Dead
25793,Dead
25794,Dead
25795,Dead
25796,Dead
25797,Dead
25798,Dead
25799,Dead
25800,Dead
25801,Dead
25802,Dead
25803,Dead
25804,Dead
25805,Dead
25806,Dead
25807,Dead
25808,Dead
25809,Dead
25810,Dead
25811,Dead
25812,Dead
25813,Dead
25814,Dead
25815,Dead
25816,Dead
25817,Dead
25818,Dead
25819,Dead
25820,Dead
25821,Dead
25822,Dead
25823,Dead
25824,Dead
25825,Dead
25826,Dead
25827,Dead
25828,Dead
25829,Dead
25830,Dead
25831,Dead
25832,Dead
25833,Dead
25834,Dead
25835,Dead
25836,Dead
25837,Dead
25838,Dead
25839,Dead
25840,Dead
25841,Dead
25842,Dead
25843,Dead
25844,Dead
25845,Dead
25846,Dead
25847,Dead
25848,Dead
25849,Dead
25850,Dead
25851,Dead
25852,Dead
25853,Dead
25854,Dead
25855,Dead
25856,Dead
25857,Dead
25858,Dead
25859,Dead
25860,Dead
25861,Dead
25862,Dead
25863,Dead
25864,Dead
25865,Dead
25866,Dead
25867,Dead
25868,Dead
25869,Dead
25870,Dead
25871,Dead
25872,Dead
25873,Dead
25874,Dead
25875,Dead
25876,Dead
25877,Dead
25878,Dead
25879,Dead
25880,Dead
25881,Dead
25882,Dead
25883,Dead
25884,Dead
25885,Dead
25886,Dead
25887,Dead
25888,Dead
25889,Dead
25890,Dead
25891,Dead
25892,Dead
25893,Dead
25894,Dead
25895,Dead
25896,Dead
25897,Dead
25898,Dead
25899,Dead
25900,Dead
25901,Dead
25902,Dead
25903,Dead
25904,Dead
25905,Dead
25906,Dead
25907,Dead
25908,Dead
25909,Dead
25910,Dead
25911,Dead
25912,Dead
25913,Dead
25914,Dead
25915,Dead
25916,Dead
25917,Dead
25918,Dead
25919,Dead
25920,Dead
25921,Dead
25922,Dead
25923,Dead
25924,Dead
25925,Dead
25926,Dead
25927,Dead
25928,Dead
25929,Dead
25930,Dead
25931,Dead
25932,Dead
25933,Dead
25934,Dead
25935,Dead
25936,Dead
25937,Dead
25938,Dead
25939,Dead
25940,Dead
25941,Dead
25942,Dead
25943,Dead
25944,Dead
25945,Dead
25946,Dead
25947,Dead
25948,Dead
25949,Dead
25950,Dead
25951,Dead
25952,Dead
25953,Dead
25954,Dead
25955,Dead
25956,Dead
25957,Dead
25958,Dead
25959,Dead
25960,Dead
25961,Dead
25962,Dead
25963,Dead
25964,Dead
25965,Dead
25966,Dead
25967,Dead
25968,Dead
25969,Dead
25970,Dead
25971,Dead
25972,Dead
25973,Dead
25974,Dead
25975,Dead
25976,Dead
25977,Dead
25978,Dead
25979,Dead
25980,Dead
25981,Dead
25982,Dead
25983,Dead
25984,Dead
25985,Dead
25986,Dead
25987,Dead
25988,Dead
25989,Dead
25990,Dead
25991,Dead
25992,Dead
25993,Dead
25994,Dead
25995,Dead
25996,Dead
25997,Dead
25998,Dead
25999,Dead
26000,Dead
26001,Dead
26002,Dead
26003,Dead
26004,Dead
26005,Dead
26006,Dead
26007,Dead
26008,Dead
26009,Dead
26010,Dead
26011,Dead
26012,Dead
26013,Dead
26014,Dead
26015,Dead
26016,Dead
26017,Dead
26018,Dead
26019,Dead
26020,Dead
26021,Dead
26022,Dead
26023,Dead
26024,Dead
26025,Dead
26026,Dead
26027,Dead
26028,Dead
26029,Dead
26030,Dead
26031,Dead
26032,Dead
26033,Dead
26034,Dead
26035,Dead
26036,Dead
26037,Dead
26038,Dead
26039,Dead
26040,Dead
26041,Dead
26042,Dead
26043,Dead
26044,Dead
26045,Dead
26046,Dead
26047,Dead
26048,Dead
26049,Dead
26050,Dead
26051,Dead
26052,Dead
26053,Dead
26054,Dead
26055,Dead
26056,Dead
26057,Dead
26058,Dead
26059,Dead
26060,Dead
26061,Dead
26062,Dead
26063,Dead
26064,Dead
26065,Dead
26066,Dead
26067,Dead
26068,Dead
26069,Dead
26070,Dead
26071,Dead
26072,Dead
26073,Dead
26074,Dead
26075,Dead
26076,Dead
26077,Dead
26078,Dead
26079,Dead
26080,Dead
26081,Dead
26082,Dead
26083,Dead
26084,Dead
26085,Dead
26086,Dead
26087,Dead
26088,Dead
26089,Dead
26090,Dead
26091,Dead
26092,Dead
26093,Dead
26094,Dead
26095,Dead
26096,Dead
26097,Dead
26098,Dead
26099,Dead
26100,Dead
26101,Dead
26102,Dead
26103,Dead
26104,Dead
26105,Dead
26106,Dead
26107,Dead
26108,Dead
26109,Dead
26110,Dead
26111,Dead
26112,Dead
26113,Dead
26114,Dead
26115,Dead
26116,Dead
26117,Dead
26118,Dead
26119,Dead
26120,Dead
26121,Dead
26122,Dead
26123,Dead
26124,Dead
26125,Dead
26126,Dead
26127,Dead
26128,Dead
26129,Dead
26130,Dead
26131,Dead
26132,Dead
26133,Dead
26134,Dead
26135,Dead
26136,Dead
26137,Dead
26138,Dead
26139,Dead
26140,Dead
26141,Dead
26142,Dead
26143,Dead
26144,Dead
26145,Dead
26146,Dead
26147,Dead
26148,Dead
26149,Dead
26150,Dead
26151,Dead
26152,Dead
26153,Dead
26154,Dead
26155,Dead
26156,Dead
26157,Dead
26158,Dead
26159,Dead
26160,Dead
26161,Dead
26162,Dead
26163,Dead
26164,Dead
26165,Dead
26166,Dead
26167,Dead
26168,Dead
26169,Dead
26170,Dead
26171,Dead
26172,Dead
26173,Dead
26174,Dead
26175,Dead
26176,Dead
26177,Dead
26178,Dead
26179,Dead
26180,Dead
26181,Dead
26182,Dead
26183,Dead
26184,Dead
26185,Dead
26186,Dead
26187,Dead
26188,Dead
26189,Dead
26190,Dead
26191,Dead
26192,Dead
26193,Dead
26194,Dead
26195,Dead
26196,Dead
26197,Dead
26198,Dead
26199,Dead
26200,Dead
26201,Dead
26202,Dead
26203,Dead
26204,Dead
26205,Dead
26206,Dead
26207,Dead
26208,Dead
26209,Dead
26210,Dead
26211,Dead
26212,Dead
26213,Dead
26214,Dead
26215,Dead
26216,Dead
26217,Dead
26218,Dead
26219,Dead
26220,Dead
26221,Dead
26222,Dead
26223,Dead
26224,Dead
26225,Dead
26226,Dead
26227,Dead
26228,Dead
26229,Dead
26230,Dead
26231,Dead
26232,Dead
26233,Dead
26234,Dead
26235,Dead
26236,Dead
26237,Dead
26238,Dead
26239,Dead
26240,Dead
26241,Dead
26242,Dead
26243,Dead
26244,Dead
26245,Dead
26246,Dead
26247,Dead
26248,Dead
26249,Dead
26250,Dead
26251,Dead
26252,Dead
26253,Dead
26254,Dead
26255,Dead
26256,Dead
26257,Dead
26258,Dead
26259,Dead
26260,Dead
26261,Dead
26262,Dead
26263,Dead
26264,Dead
26265,Dead
26266,Dead
26267,Dead
26268,Dead
26269,Dead
26270,Dead
26271,Dead
26272,Dead
26273,Dead
26274,Dead
26275,Dead
26276,Dead
26277,Dead
26278,Dead
26279,Dead
26280,Dead
26281,Dead
26282,Dead
26283,Dead
26284,Dead
26285,Dead
26286,Dead
26287,Dead
26288,Dead
26289,Dead
26290,Dead
26291,Dead
26292,Dead
26293,Dead
26294,Dead
26295,Dead
26296,Dead
26297,Dead
26298,Dead
26299,Dead
26300,Dead
26301,Dead
26302,Dead
26303,Dead
26304,Dead
26305,Dead
26306,Dead
26307,Dead
26308,Dead
26309,Dead
26310,Dead
26311,Dead
26312,Dead
26313,Dead
26314,Dead
26315,Dead
26316,Dead
26317,Dead
26318,Dead
26319,Dead
26320,Dead
26321,Dead
26322,Dead
26323,Dead
26324,Dead
26325,Dead
26326,Dead
26327,Dead
26328,Dead
26329,Dead
26330,Dead
26331,Dead
26332,Dead
26333,Dead
26334,Dead
26335,Dead
26336,Dead
26337,Dead
26338,Dead
26339,Dead
26340,Dead
26341,Dead
26342,Dead
26343,Dead
26344,Dead
26345,Dead
26346,Dead
26347,Dead
26348,Dead
26349,Dead
26350,Dead
26351,Dead
26352,Dead
26353,Dead
26354,Dead
26355,Dead
26356,Dead
26357,Dead
26358,Dead
26359,Dead
26360,Dead
26361,Dead
26362,Dead
26363,Dead
26364,Dead
26365,Dead
26366,Dead
26367,Dead
26368,Dead
26369,Dead
26370,Dead
26371,Dead
26372,Dead
26373,Dead
26374,Dead
26375,Dead
26376,Dead
26377,Dead
26378,Dead
26379,Dead
26380,Dead
26381,Dead
26382,Dead
26383,Dead
26384,Dead
26385,Dead
26386,Dead
26387,Dead
26388,Dead
26389,Dead
26390,Dead
26391,Dead
26392,Dead
26393,Dead
26394,Dead
26395,Dead
26396,Dead
26397,Dead
26398,Dead
26399,Dead
26400,Dead
26401,Dead
26402,Dead
26403,Dead
26404,Dead
26405,Dead
26406,Dead
26407,Dead
26408,Dead
26409,Dead
26410,Dead
26411,Dead
26412,Dead
26413,Dead
26414,Dead
26415,Dead
26416,Dead
26417,Dead
26418,Dead
26419,Dead
26420,Dead
26421,Dead
26422,Dead
26423,Dead
26424,Dead
26425,Dead
26426,Dead
26427,Dead
26428,Dead
26429,Dead
26430,Dead
26431,Dead
26432,Dead
26433,Dead
26434,Dead
26435,Dead
26436,Dead
26437,Dead
26438,Dead
26439,Dead
26440,Dead
26441,Dead
26442,Dead
26443,Dead
26444,Dead
26445,Dead
26446,Dead
26447,Dead
26448,Dead
26449,Dead
26450,Dead
26451,Dead
26452,Dead
26453,Dead
26454,Dead
26455,Dead
26456,Dead
26457,Dead
26458,Dead
26459,Dead
26460,Dead
26461,Dead
26462,Dead
26463,Dead
26464,Dead
26465,Dead
26466,Dead
26467,Dead
26468,Dead
26469,Dead
26470,Dead
26471,Dead
26472,Dead
26473,Dead
26474,Dead
26475,Dead
26476,Dead
26477,Dead
26478,Dead
26479,Dead
26480,Dead
26481,Dead
26482,Dead
26483,Dead
26484,Dead
26485,Dead
26486,Dead
26487,Dead
26488,Dead
26489,Dead
26490,Dead
26491,Dead
26492,Dead
26493,Dead
26494,Dead
26495,Dead
26496,Dead
26497,Dead
26498,Dead
26499,Dead
26500,Dead
26501,Dead
26502,Dead
26503,Dead
26504,Dead
26505,Dead
26506,Dead
26507,Dead
26508,Dead
26509,Dead
26510,Dead
26511,Dead
26512,Dead
26513,Dead
26514,Dead
26515,Dead
26516,Dead
26517,Dead
26518,Dead
26519,Dead
26520,Dead
26521,Dead
26522,Dead
26523,Dead
26524,Dead
26525,Dead
26526,Dead
26527,Dead
26528,Dead
26529,Dead
26530,Dead
26531,Dead
26532,Dead
26533,Dead
26534,Dead
26535,Dead
26536,Dead
26537,Dead
26538,Dead
26539,Dead
26540,Dead
26541,Dead
26542,Dead
26543,Dead
26544,Dead
26545,Dead
26546,Dead
26547,Dead
26548,Dead
26549,Dead
26550,Dead
26551,Dead
26552,Dead
26553,Dead
26554,Dead
26555,Dead
26556,Dead
26557,Dead
26558,Dead
26559,Dead
26560,Dead
26561,Dead
26562,Dead
26563,Dead
26564,Dead
26565,Dead
26566,Dead
26567,Dead
26568,Dead
26569,Dead
26570,Dead
26571,Dead
26572,Dead
26573,Dead
26574,Dead
26575,Dead
26576,Dead
26577,Dead
26578,Dead
26579,Dead
26580,Dead
26581,Dead
26582,Dead
26583,Dead
26584,Dead
26585,Dead
26586,Dead
26587,Dead
26588,Dead
26589,Dead
26590,Dead
26591,Dead
26592,Dead
26593,Dead
26594,Dead
26595,Dead
26596,Dead
26597,Dead
26598,Dead
26599,Dead
26600,Dead
26601,Dead
26602,Dead
26603,Dead
26604,Dead
26605,Dead
26606,Dead
26607,Dead
26608,Dead
26609,Dead
26610,Dead
26611,Dead
26612,Dead
26613,Dead
26614,Dead
26615,Dead
26616,Dead
26617,Dead
26618,Dead
26619,Dead
26620,Dead
26621,Dead
26622,Dead
26623,Dead
26624,Dead
26625,Dead
26626,Dead
26627,Dead
26628,Dead
26629,Dead
26630,Dead
26631,Dead
26632,Dead
26633,Dead
26634,Dead
26635,Dead
26636,Dead
26637,Dead
26638,Dead
26639,Dead
26640,Dead
26641,Dead
26642,Dead
26643,Dead
26644,Dead
26645,Dead
26646,Dead
26647,Dead
26648,Dead
26649,Dead
26650,Dead
26651,Dead
26652,Dead
26653,Dead
26654,Dead
26655,Dead
26656,Dead
26657,Dead
26658,Dead
26659,Dead
26660,Dead
26661,Dead
26662,Dead
26663,Dead
26664,Dead
26665,Dead
26666,Dead
26667,Dead
26668,Dead
26669,Dead
26670,Dead
26671,Dead
26672,Dead
26673,Dead
26674,Dead
26675,Dead
26676,Dead
26677,Dead
26678,Dead
26679,Dead
26680,Dead
26681,Dead
26682,Dead
26683,Dead
26684,Dead
26685,Dead
26686,Dead
26687,Dead
26688,Dead
26689,Dead
26690,Dead
26691,Dead
26692,Dead
26693,Dead
26694,Dead
26695,Dead
26696,Dead
26697,Dead
26698,Dead
26699,Dead
26700,Dead
26701,Dead
26702,Dead
26703,Dead
26704,Dead
26705,Dead
26706,Dead
26707,Dead
26708,Dead
26709,Dead
26710,Dead
26711,Dead
26712,Dead
26713,Dead
26714,Dead
26715,Dead
26716,Dead
26717,Dead
26718,Dead
26719,Dead
26720,Dead
26721,Dead
26722,Dead
26723,Dead
26724,Dead
26725,Dead
26726,Dead
26727,Dead
26728,Dead
26729,Dead
26730,Dead
26731,Dead
26732,Dead
26733,Dead
26734,Dead
26735,Dead
26736,Dead
26737,Dead
26738,Dead
26739,Dead
26740,Dead
26741,Dead
26742,Dead
26743,Dead
26744,Dead
26745,Dead
26746,Dead
26747,Dead
26748,Dead
26749,Dead
26750,Dead
26751,Dead
26752,Dead
26753,Dead
26754,Dead
26755,Dead
26756,Dead
26757,Dead
26758,Dead
26759,Dead
26760,Dead
26761,Dead
26762,Dead
26763,Dead
26764,Dead
26765,Dead
26766,Dead
26767,Dead
26768,Dead
26769,Dead
26770,Dead
26771,Dead
26772,Dead
26773,Dead
26774,Dead
26775,Dead
26776,Dead
26777,Dead
26778,Dead
26779,Dead
26780,Dead
26781,Dead
26782,Dead
26783,Dead
26784,Dead
26785,Dead
26786,Dead
26787,Dead
26788,Dead
26789,Dead
26790,Dead
26791,Dead
26792,Dead
26793,Dead
26794,Dead
26795,Dead
26796,Dead
26797,Dead
26798,Dead
26799,Dead
26800,Dead
26801,Dead
26802,Dead
26803,Dead
26804,Dead
26805,Dead
26806,Dead
26807,Dead
26808,Dead
26809,Dead
26810,Dead
26811,Dead
26812,Dead
26813,Dead
26814,Dead
26815,Dead
26816,Dead
26817,Dead
26818,Dead
26819,Dead
26820,Dead
26821,Dead
26822,Dead
26823,Dead
26824,Dead
26825,Dead
26826,Dead
26827,Dead
26828,Dead
26829,Dead
26830,Dead
26831,Dead
26832,Dead
26833,Dead
26834,Dead
26835,Dead
26836,Dead
26837,Dead
26838,Dead
26839,Dead
26840,Dead
26841,Dead
26842,Dead
26843,Dead
26844,Dead
26845,Dead
26846,Dead
26847,Dead
26848,Dead
26849,Dead
26850,Dead
26851,Dead
26852,Dead
26853,Dead
26854,Dead
26855,Dead
26856,Dead
26857,Dead
26858,Dead
26859,Dead
26860,Dead
26861,Dead
26862,Dead
26863,Dead
26864,Dead
26865,Dead
26866,Dead
26867,Dead
26868,Dead
26869,Dead
26870,Dead
26871,Dead
26872,Dead
26873,Dead
26874,Dead
26875,Dead
26876,Dead
26877,Dead
26878,Dead
26879,Dead
26880,Dead
26881,Dead
26882,Dead
26883,Dead
26884,Dead
26885,Dead
26886,Dead
26887,Dead
26888,Dead
26889,Dead
26890,Dead
26891,Dead
26892,Dead
26893,Dead
26894,Dead
26895,Dead
26896,Dead
26897,Dead
26898,Dead
26899,Dead
26900,Dead
26901,Dead
26902,Dead
26903,Dead
26904,Dead
26905,Dead
26906,Dead
26907,Dead
26908,Dead
26909,Dead
26910,Dead
26911,Dead
26912,Dead
26913,Dead
26914,Dead
26915,Dead
26916,Dead
26917,Dead
26918,Dead
26919,Dead
26920,Dead
26921,Dead
26922,Dead
26923,Dead
26924,Dead
26925,Dead
26926,Dead
26927,Dead
26928,Dead
26929,Dead
26930,Dead
26931,Dead
26932,Dead
26933,Dead
26934,Dead
26935,Dead
26936,Dead
26937,Dead
26938,Dead
26939,Dead
26940,Dead
26941,Dead
26942,Dead
26943,Dead
26944,Dead
26945,Dead
26946,Dead
26947,Dead
26948,Dead
26949,Dead
26950,Dead
26951,Dead
26952,Dead
26953,Dead
26954,Dead
26955,Dead
26956,Dead
26957,Dead
26958,Dead
26959,Dead
26960,Dead
26961,Dead
26962,Dead
26963,Dead
26964,Dead
26965,Dead
26966,Dead
26967,Dead
26968,Dead
26969,Dead
26970,Dead
26971,Dead
26972,Dead
26973,Dead
26974,Dead
26975,Dead
26976,Dead
26977,Dead
26978,Dead
26979,Dead
26980,Dead
26981,Dead
26982,Dead
26983,Dead
26984,Dead
26985,Dead
26986,Dead
26987,Dead
26988,Dead
26989,Dead
26990,Dead
26991,Dead
26992,Dead
26993,Dead
26994,Dead
26995,Dead
26996,Dead
26997,Dead
26998,Dead
26999,Dead
27000,Dead
27001,Dead
27002,Dead
27003,Dead
27004,Dead
27005,Dead
27006,Dead
27007,Dead
27008,Dead
27009,Dead
27010,Dead
27011,Dead
27012,Dead
27013,Dead
27014,Dead
27015,Dead
27016,Dead
27017,Dead
27018,Dead
27019,Dead
27020,Dead
27021,Dead
27022,Dead
27023,Dead
27024,Dead
27025,Dead
27026,Dead
27027,Dead
27028,Dead
27029,Dead
27030,Dead
27031,Dead
27032,Dead
27033,Dead
27034,Dead
27035,Dead
27036,Dead
27037,Dead
27038,Dead
27039,Dead
27040,Dead
27041,Dead
27042,Dead
27043,Dead
27044,Dead
27045,Dead
27046,Dead
27047,Dead
27048,Dead
27049,Dead
27050,Dead
27051,Dead
27052,Dead
27053,Dead
27054,Dead
27055,Dead
27056,Dead
27057,Dead
27058,Dead
27059,Dead
27060,Dead
27061,Dead
27062,Dead
27063,Dead
27064,Dead
27065,Dead
27066,Dead
27067,Dead
27068,Dead
27069,Dead
27070,Dead
27071,Dead
27072,Dead
27073,Dead
27074,Dead
27075,Dead
27076,Dead
27077,Dead
27078,Dead
27079,Dead
27080,Dead
27081,Dead
27082,Dead
27083,Dead
27084,Dead
27085,Dead
27086,Dead
27087,Dead
27088,Dead
27089,Dead
27090,Dead
27091,Dead
27092,Dead
27093,Dead
27094,Dead
27095,Dead
27096,Dead
27097,Dead
27098,Dead
27099,Dead
27100,Dead
27101,Dead
27102,Dead
27103,Dead
27104,Dead
27105,Dead
27106,Dead
27107,Dead
27108,Dead
27109,Dead
27110,Dead
27111,Dead
27112,Dead
27113,Dead
27114,Dead
27115,Dead
27116,Dead
27117,Dead
27118,Dead
27119,Dead
27120,Dead
27121,Dead
27122,Dead
27123,Dead
27124,Dead
27125,Dead
27126,Dead
27127,Dead
27128,Dead
27129,Dead
27130,Dead
27131,Dead
27132,Dead
27133,Dead
27134,Dead
27135,Dead
27136,Dead
27137,Dead
27138,Dead
27139,Dead
27140,Dead
27141,Dead
27142,Dead
27143,Dead
27144,Dead
27145,Dead
27146,Dead
27147,Dead
27148,Dead
27149,Dead
27150,Dead
27151,Dead
27152,Dead
27153,Dead
27154,Dead
27155,Dead
27156,Dead
27157,Dead
27158,Dead
27159,Dead
27160,Dead
27161,Dead
27162,Dead
27163,Dead
27164,Dead
27165,Dead
27166,Dead
27167,Dead
27168,Dead
27169,Dead
27170,Dead
27171,Dead
27172,Dead
27173,Dead
27174,Dead
27175,Dead
27176,Dead
27177,Dead
27178,Dead
27179,Dead
27180,Dead
27181,Dead
27182,Dead
27183,Dead
27184,Dead
27185,Dead
27186,Dead
27187,Dead
27188,Dead
27189,Dead
27190,Dead
27191,Dead
27192,Dead
27193,Dead
27194,Dead
27195,Dead
27196,Dead
27197,Dead
27198,Dead
27199,Dead
27200,Dead
27201,Dead
27202,Dead
27203,Dead
27204,Dead
27205,Dead
27206,Dead
27207,Dead
27208,Dead
27209,Dead
27210,Dead
27211,Dead
27212,Dead
27213,Dead
27214,Dead
27215,Dead
27216,Dead
27217,Dead
27218,Dead
27219,Dead
27220,Dead
27221,Dead
27222,Dead
27223,Dead
27224,Dead
27225,Dead
27226,Dead
27227,Dead
27228,Dead
27229,Dead
27230,Dead
27231,Dead
27232,Dead
27233,Dead
27234,Dead
27235,Dead
27236,Dead
27237,Dead
27238,Dead
27239,Dead
27240,Dead
27241,Dead
27242,Dead
27243,Dead
27244,Dead
27245,Dead
27246,Dead
27247,Dead
27248,Dead
27249,Dead
27250,Dead
27251,Dead
27252,Dead
27253,Dead
27254,Dead
27255,Dead
27256,Dead
27257,Dead
27258,Dead
27259,Dead
27260,Dead
27261,Dead
27262,Dead
27263,Dead
27264,Dead
27265,Dead
27266,Dead
27267,Dead
27268,Dead
27269,Dead
27270,Dead
27271,Dead
27272,Dead
27273,Dead
27274,Dead
27275,Dead
27276,Dead
27277,Dead
27278,Dead
27279,Dead
27280,Dead
27281,Dead
27282,Dead
27283,Dead
27284,Dead
27285,Dead
27286,Dead
27287,Dead
27288,Dead
27289,Dead
27290,Dead
27291,Dead
27292,Dead
27293,Dead
27294,Dead
27295,Dead
27296,Dead
27297,Dead
27298,Dead
27299,Dead
27300,Dead
27301,Dead
27302,Dead
27303,Dead
27304,Dead
27305,Dead
27306,Dead
27307,Dead
27308,Dead
27309,Dead
27310,Dead
27311,Dead
27312,Dead
27313,Dead
27314,Dead
27315,Dead
27316,Dead
27317,Dead
27318,Dead
27319,Dead
27320,Dead
27321,Dead
27322,Dead
27323,Dead
27324,Dead
27325,Dead
27326,Dead
27327,Dead
27328,Dead
27329,Dead
27330,Dead
27331,Dead
27332,Dead
27333,Dead
27334,Dead
27335,Dead
27336,Dead
27337,Dead
27338,Dead
27339,Dead
27340,Dead
27341,Dead
27342,Dead
27343,Dead
27344,Dead
27345,Dead
27346,Dead
27347,Dead
27348,Dead
27349,Dead
27350,Dead
27351,Dead
27352,Dead
27353,Dead
27354,Dead
27355,Dead
27356,Dead
27357,Dead
27358,Dead
27359,Dead
27360,Dead
27361,Dead
27362,Dead
27363,Dead
27364,Dead
27365,Dead
27366,Dead
27367,Dead
27368,Dead
27369,Dead
27370,Dead
27371,Dead
27372,Dead
27373,Dead
27374,Dead
27375,Dead
27376,Dead
27377,Dead
27378,Dead
27379,Dead
27380,Dead
27381,Dead
27382,Dead
27383,Dead
27384,Dead
27385,Dead
27386,Dead
27387,Dead
27388,Dead
27389,Dead
27390,Dead
27391,Dead
27392,Dead
27393,Dead
27394,Dead
27395,Dead
27396,Dead
27397,Dead
27398,Dead
27399,Dead
27400,Dead
27401,Dead
27402,Dead
27403,Dead
27404,Dead
27405,Dead
27406,Dead
27407,Dead
27408,Dead
27409,Dead
27410,Dead
27411,Dead
27412,Dead
27413,Dead
27414,Dead
27415,Dead
27416,Dead
27417,Dead
27418,Dead
27419,Dead
27420,Dead
27421,Dead
27422,Dead
27423,Dead
27424,Dead
27425,Dead
27426,Dead
27427,Dead
27428,Dead
27429,Dead
27430,Dead
27431,Dead
27432,Dead
27433,Dead
27434,Dead
27435,Dead
27436,Dead
27437,Dead
27438,Dead
27439,Dead
27440,Dead
27441,Dead
27442,Dead
27443,Dead
27444,Dead
27445,Dead
27446,Dead
27447,Dead
27448,Dead
27449,Dead
27450,Dead
27451,Dead
27452,Dead
27453,Dead
27454,Dead
27455,Dead
27456,Dead
27457,Dead
27458,Dead
27459,Dead
27460,Dead
27461,Dead
27462,Dead
27463,Dead
27464,Dead
27465,Dead
27466,Dead
27467,Dead
27468,Dead
27469,Dead
27470,Dead
27471,Dead
27472,Dead
27473,Dead
27474,Dead
27475,Dead
27476,Dead
27477,Dead
27478,Dead
27479,Dead
27480,Dead
27481,Dead
27482,Dead
27483,Dead
27484,Dead
27485,Dead
27486,Dead
27487,Dead
27488,Dead
27489,Dead
27490,Dead
27491,Dead
27492,Dead
27493,Dead
27494,Dead
27495,Dead
27496,Dead
27497,Dead
27498,Dead
27499,Dead
27500,Dead
27501,Dead
27502,Dead
27503,Dead
27504,Dead
27505,Dead
27506,Dead
27507,Dead
27508,Dead
27509,Dead
27510,Dead
27511,Dead
27512,Dead
27513,Dead
27514,Dead
27515,Dead
27516,Dead
27517,Dead
27518,Dead
27519,Dead
27520,Dead
27521,Dead
27522,Dead
27523,Dead
27524,Dead
27525,Dead
27526,Dead
27527,Dead
27528,Dead
27529,Dead
27530,Dead
27531,Dead
27532,Dead
27533,Dead
27534,Dead
27535,Dead
27536,Dead
27537,Dead
27538,Dead
27539,Dead
27540,Dead
27541,Dead
27542,Dead
27543,Dead
27544,Dead
27545,Dead
27546,Dead
27547,Dead
27548,Dead
27549,Dead
27550,Dead
27551,Dead
27552,Dead
27553,Dead
27554,Dead
27555,Dead
27556,Dead
27557,Dead
27558,Dead
27559,Dead
27560,Dead
27561,Dead
27562,Dead
27563,Dead
27564,Dead
27565,Dead
27566,Dead
27567,Dead
27568,Dead
27569,Dead
27570,Dead
27571,Dead
27572,Dead
27573,Dead
27574,Dead
27575,Dead
27576,Dead
27577,Dead
27578,Dead
27579,Dead
27580,Dead
27581,Dead
27582,Dead
27583,Dead
27584,Dead
27585,Dead
27586,Dead
27587,Dead
27588,Dead
27589,Dead
27590,Dead
27591,Dead
27592,Dead
27593,Dead
27594,Dead
27595,Dead
27596,Dead
27597,Dead
27598,Dead
27599,Dead
27600,Dead
27601,Dead
27602,Dead
27603,Dead
27604,Dead
27605,Dead
27606,Dead
27607,Dead
27608,Dead
27609,Dead
27610,Dead
27611,Dead
27612,Dead
27613,Dead
27614,Dead
27615,Dead
27616,Dead
27617,Dead
27618,Dead
27619,Dead
27620,Dead
27621,Dead
27622,Dead
27623,Dead
27624,Dead
27625,Dead
27626,Dead
27627,Dead
27628,Dead
27629,Dead
27630,Dead
27631,Dead
27632,Dead
27633,Dead
27634,Dead
27635,Dead
27636,Dead
27637,Dead
27638,Dead
27639,Dead
27640,Dead
27641,Dead
27642,Dead
27643,Dead
27644,Dead
27645,Dead
27646,Dead
27647,Dead
27648,Dead
27649,Dead
27650,Dead
27651,Dead
27652,Dead
27653,Dead
27654,Dead
27655,Dead
27656,Dead
27657,Dead
27658,Dead
27659,Dead
27660,Dead
27661,Dead
27662,Dead
27663,Dead
27664,Dead
27665,Dead
27666,Dead
27667,Dead
27668,Dead
27669,Dead
27670,Dead
27671,Dead
27672,Dead
27673,Dead
27674,Dead
27675,Dead
27676,Dead
27677,Dead
27678,Dead
27679,Dead
27680,Dead
27681,Dead
27682,Dead
27683,Dead
27684,Dead
27685,Dead
27686,Dead
27687,Dead
27688,Dead
27689,Dead
27690,Dead
27691,Dead
27692,Dead
27693,Dead
27694,Dead
27695,Dead
27696,Dead
27697,Dead
27698,Dead
27699,Dead
27700,Dead
27701,Dead
27702,Dead
27703,Dead
27704,Dead
27705,Dead
27706,Dead
27707,Dead
27708,Dead
27709,Dead
27710,Dead
27711,Dead
27712,Dead
27713,Dead
27714,Dead
27715,Dead
27716,Dead
27717,Dead
27718,Dead
27719,Dead
27720,Dead
27721,Dead
27722,Dead
27723,Dead
27724,Dead
27725,Dead
27726,Dead
27727,Dead
27728,Dead
27729,Dead
27730,Dead
27731,Dead
27732,Dead
27733,Dead
27734,Dead
27735,Dead
27736,Dead
27737,Dead
27738,Dead
27739,Dead
27740,Dead
27741,Dead
27742,Dead
27743,Dead
27744,Dead
27745,Dead
27746,Dead
27747,Dead
27748,Dead
27749,Dead
27750,Dead
27751,Dead
27752,Dead
27753,Dead
27754,Dead
27755,Dead
27756,Dead
27757,Dead
27758,Dead
27759,Dead
27760,Dead
27761,Dead
27762,Dead
27763,Dead
27764,Dead
27765,Dead
27766,Dead
27767,Dead
27768,Dead
27769,Dead
27770,Dead
27771,Dead
27772,Dead
27773,Dead
27774,Dead
27775,Dead
27776,Dead
27777,Dead
27778,Dead
27779,Dead
27780,Dead
27781,Dead
27782,Dead
27783,Dead
27784,Dead
27785,Dead
27786,Dead
27787,Dead
27788,Dead
27789,Dead
27790,Dead
27791,Dead
27792,Dead
27793,Dead
27794,Dead
27795,Dead
27796,Dead
27797,Dead
27798,Dead
27799,Dead
27800,Dead
27801,Dead
27802,Dead
27803,Dead
27804,Dead
27805,Dead
27806,Dead
27807,Dead
27808,Dead
27809,Dead
27810,Dead
27811,Dead
27812,Dead
27813,Dead
27814,Dead
27815,Dead
27816,Dead
27817,Dead
27818,Dead
27819,Dead
27820,Dead
27821,Dead
27822,Dead
27823,Dead
27824,Dead
27825,Dead
27826,Dead
27827,Dead
27828,Dead
27829,Dead
27830,Dead
27831,Dead
27832,Dead
27833,Dead
27834,Dead
27835,Dead
27836,Dead
27837,Dead
27838,Dead
27839,Dead
27840,Dead
27841,Dead
27842,Dead
27843,Dead
27844,Dead
27845,Dead
27846,Dead
27847,Dead
27848,Dead
27849,Dead
27850,Dead
27851,Dead
27852,Dead
27853,Dead
27854,Dead
27855,Dead
27856,Dead
27857,Dead
27858,Dead
27859,Dead
27860,Dead
27861,Dead
27862,Dead
27863,Dead
27864,Dead
27865,Dead
27866,Dead
27867,Dead
27868,Dead
27869,Dead
27870,Dead
27871,Dead
27872,Dead
27873,Dead
27874,Dead
27875,Dead
27876,Dead
27877,Dead
27878,Dead
27879,Dead
27880,Dead
27881,Dead
27882,Dead
27883,Dead
27884,Dead
27885,Dead
27886,Dead
27887,Dead
27888,Dead
27889,Dead
27890,Dead
27891,Dead
27892,Dead
27893,Dead
27894,Dead
27895,Dead
27896,Dead
27897,Dead
27898,Dead
27899,Dead
27900,Dead
27901,Dead
27902,Dead
27903,Dead
27904,Dead
27905,Dead
27906,Dead
27907,Dead
27908,Dead
27909,Dead
27910,Dead
27911,Dead
27912,Dead
27913,Dead
27914,Dead
27915,Dead
27916,Dead
27917,Dead
27918,Dead
27919,Dead
27920,Dead
27921,Dead
27922,Dead
27923,Dead
27924,Dead
27925,Dead
27926,Dead
27927,Dead
27928,Dead
27929,Dead
27930,Dead
27931,Dead
27932,Dead
27933,Dead
27934,Dead
27935,Dead
27936,Dead
27937,Dead
27938,Dead
27939,Dead
27940,Dead
27941,Dead
27942,Dead
27943,Dead
27944,Dead
27945,Dead
27946,Dead
27947,Dead
27948,Dead
27949,Dead
27950,Dead
27951,Dead
27952,Dead
27953,Dead
27954,Dead
27955,Dead
27956,Dead
27957,Dead
27958,Dead
27959,Dead
27960,Dead
27961,Dead
27962,Dead
27963,Dead
27964,Dead
27965,Dead
27966,Dead
27967,Dead
27968,Dead
27969,Dead
27970,Dead
27971,Dead
27972,Dead
27973,Dead
27974,Dead
27975,Dead
27976,Dead
27977,Dead
27978,Dead
27979,Dead
27980,Dead
27981,Dead
27982,Dead
27983,Dead
27984,Dead
27985,Dead
27986,Dead
27987,Dead
27988,Dead
27989,Dead
27990,Dead
27991,Dead
27992,Dead
27993,Dead
27994,Dead
27995,Dead
27996,Dead
27997,Dead
27998,Dead
27999,Dead
28000,Dead
28001,Dead
28002,Dead
28003,Dead
28004,Dead
28005,Dead
28006,Dead
28007,Dead
28008,Dead
28009,Dead
28010,Dead
28011,Dead
28012,Dead
28013,Dead
28014,Dead
28015,Dead
28016,Dead
28017,Dead
28018,Dead
28019,Dead
28020,Dead
28021,Dead
28022,Dead
28023,Dead
28024,Dead
28025,Dead
28026,Dead
28027,Dead
28028,Dead
28029,Dead
28030,Dead
28031,Dead
28032,Dead
28033,Dead
28034,Dead
28035,Dead
28036,Dead
28037,Dead
28038,Dead
28039,Dead
28040,Dead
28041,Dead
28042,Dead
28043,Dead
28044,Dead
28045,Dead
28046,Dead
28047,Dead
28048,Dead
28049,Dead
28050,Dead
28051,Dead
28052,Dead
28053,Dead
28054,Dead
28055,Dead
28056,Dead
28057,Dead
28058,Dead
28059,Dead
28060,Dead
28061,Dead
28062,Dead
28063,Dead
28064,Dead
28065,Dead
28066,Dead
28067,Dead
28068,Dead
28069,Dead
28070,Dead
28071,Dead
28072,Dead
28073,Dead
28074,Dead
28075,Dead
28076,Dead
28077,Dead
28078,Dead
28079,Dead
28080,Dead
28081,Dead
28082,Dead
28083,Dead
28084,Dead
28085,Dead
28086,Dead
28087,Dead
28088,Dead
28089,Dead
28090,Dead
28091,Dead
28092,Dead
28093,Dead
28094,Dead
28095,Dead
28096,Dead
28097,Dead
28098,Dead
28099,Dead
28100,Dead
28101,Dead
28102,Dead
28103,Dead
28104,Dead
28105,Dead
28106,Dead
28107,Dead
28108,Dead
28109,Dead
28110,Dead
28111,Dead
28112,Dead
28113,Dead
28114,Dead
28115,Dead
28116,Dead
28117,Dead
28118,Dead
28119,Dead
28120,Dead
28121,Dead
28122,Dead
28123,Dead
28124,Dead
28125,Dead
28126,Dead
28127,Dead
28128,Dead
28129,Dead
28130,Dead
28131,Dead
28132,Dead
28133,Dead
28134,Dead
28135,Dead
28136,Dead
28137,Dead
28138,Dead
28139,Dead
28140,Dead
28141,Dead
28142,Dead
28143,Dead
28144,Dead
28145,Dead
28146,Dead
28147,Dead
28148,Dead
28149,Dead
28150,Dead
28151,Dead
28152,Dead
28153,Dead
28154,Dead
28155,Dead
28156,Dead
28157,Dead
28158,Dead
28159,Dead
28160,Dead
28161,Dead
28162,Dead
28163,Dead
28164,Dead
28165,Dead
28166,Dead
28167,Dead
28168,Dead
28169,Dead
28170,Dead
28171,Dead
28172,Dead
28173,Dead
28174,Dead
28175,Dead
28176,Dead
28177,Dead
28178,Dead
28179,Dead
28180,Dead
28181,Dead
28182,Dead
28183,Dead
28184,Dead
28185,Dead
28186,Dead
28187,Dead
28188,Dead
28189,Dead
28190,Dead
28191,Dead
28192,Dead
28193,Dead
28194,Dead
28195,Dead
28196,Dead
28197,Dead
28198,Dead
28199,Dead
28200,Dead
28201,Dead
28202,Dead
28203,Dead
28204,Dead
28205,Dead
28206,Dead
28207,Dead
28208,Dead
28209,Dead
28210,Dead
28211,Dead
28212,Dead
28213,Dead
28214,Dead
28215,Dead
28216,Dead
28217,Dead
28218,Dead
28219,Dead
28220,Dead
28221,Dead
28222,Dead
28223,Dead
28224,Dead
28225,Dead
28226,Dead
28227,Dead
28228,Dead
28229,Dead
28230,Dead
28231,Dead
28232,Dead
28233,Dead
28234,Dead
28235,Dead
28236,Dead
28237,Dead
28238,Dead
28239,Dead
28240,Dead
28241,Dead
28242,Dead
28243,Dead
28244,Dead
28245,Dead
28246,Dead
28247,Dead
28248,Dead
28249,Dead
28250,Dead
28251,Dead
28252,Dead
28253,Dead
28254,Dead
28255,Dead
28256,Dead
28257,Dead
28258,Dead
28259,Dead
28260,Dead
28261,Dead
28262,Dead
28263,Dead
28264,Dead
28265,Dead
28266,Dead
28267,Dead
28268,Dead
28269,Dead
28270,Dead
28271,Dead
28272,Dead
28273,Dead
28274,Dead
28275,Dead
28276,Dead
28277,Dead
28278,Dead
28279,Dead
28280,Dead
28281,Dead
28282,Dead
28283,Dead
28284,Dead
28285,Dead
28286,Dead
28287,Dead
28288,Dead
28289,Dead
28290,Dead
28291,Dead
28292,Dead
28293,Dead
28294,Dead
28295,Dead
28296,Dead
28297,Dead
28298,Dead
28299,Dead
28300,Dead
28301,Dead
28302,Dead
28303,Dead
28304,Dead
28305,Dead
28306,Dead
28307,Dead
28308,Dead
28309,Dead
28310,Dead
28311,Dead
28312,Dead
28313,Dead
28314,Dead
28315,Dead
28316,Dead
28317,Dead
28318,Dead
28319,Dead
28320,Dead
28321,Dead
28322,Dead
28323,Dead
28324,Dead
28325,Dead
28326,Dead
28327,Dead
28328,Dead
28329,Dead
28330,Dead
28331,Dead
28332,Dead
28333,Dead
28334,Dead
28335,Dead
28336,Dead
28337,Dead
28338,Dead
28339,Dead
28340,Dead
28341,Dead
28342,Dead
28343,Dead
28344,Dead
28345,Dead
28346,Dead
28347,Dead
28348,Dead
28349,Dead
28350,Dead
28351,Dead
28352,Dead
28353,Dead
28354,Dead
28355,Dead
28356,Dead
28357,Dead
28358,Dead
28359,Dead
28360,Dead
28361,Dead
28362,Dead
28363,Dead
28364,Dead
28365,Dead
28366,Dead
28367,Dead
28368,Dead
28369,Dead
28370,Dead
28371,Dead
28372,Dead
28373,Dead
28374,Dead
28375,Dead
28376,Dead
28377,Dead
28378,Dead
28379,Dead
28380,Dead
28381,Dead
28382,Dead
28383,Dead
28384,Dead
28385,Dead
28386,Dead
28387,Dead
28388,Dead
28389,Dead
28390,Dead
28391,Dead
28392,Dead
28393,Dead
28394,Dead
28395,Dead
28396,Dead
28397,Dead
28398,Dead
28399,Dead
28400,Dead
28401,Dead
28402,Dead
28403,Dead
28404,Dead
28405,Dead
28406,Dead
28407,Dead
28408,Dead
28409,Dead
28410,Dead
28411,Dead
28412,Dead
28413,Dead
28414,Dead
28415,Dead
28416,Dead
28417,Dead
28418,Dead
28419,Dead
28420,Dead
28421,Dead
28422,Dead
28423,Dead
28424,Dead
28425,Dead
28426,Dead
28427,Dead
28428,Dead
28429,Dead
28430,Dead
28431,Dead
28432,Dead
28433,Dead
28434,Dead
28435,Dead
28436,Dead
28437,Dead
28438,Dead
28439,Dead
28440,Dead
28441,Dead
28442,Dead
28443,Dead
28444,Dead
28445,Dead
28446,Dead
28447,Dead
28448,Dead
28449,Dead
28450,Dead
28451,Dead
28452,Dead
28453,Dead
28454,Dead
28455,Dead
28456,Dead
28457,Dead
28458,Dead
28459,Dead
28460,Dead
28461,Dead
28462,Dead
28463,Dead
28464,Dead
28465,Dead
28466,Dead
28467,Dead
28468,Dead
28469,Dead
28470,Dead
28471,Dead
28472,Dead
28473,Dead
28474,Dead
28475,Dead
28476,Dead
28477,Dead
28478,Dead
28479,Dead
28480,Dead
28481,Dead
28482,Dead
28483,Dead
28484,Dead
28485,Dead
28486,Dead
28487,Dead
28488,Dead
28489,Dead
28490,Dead
28491,Dead
28492,Dead
28493,Dead
28494,Dead
28495,Dead
28496,Dead
28497,Dead
28498,Dead
28499,Dead
28500,Dead
28501,Dead
28502,Dead
28503,Dead
28504,Dead
28505,Dead
28506,Dead
28507,Dead
28508,Dead
28509,Dead
28510,Dead
28511,Dead
28512,Dead
28513,Dead
28514,Dead
28515,Dead
28516,Dead
28517,Dead
28518,Dead
28519,Dead
28520,Dead
28521,Dead
28522,Dead
28523,Dead
28524,Dead
28525,Dead
28526,Dead
28527,Dead
28528,Dead
28529,Dead
28530,Dead
28531,Dead
28532,Dead
28533,Dead
28534,Dead
28535,Dead
28536,Dead
28537,Dead
28538,Dead
28539,Dead
28540,Dead
28541,Dead
28542,Dead
28543,Dead
28544,Dead
28545,Dead
28546,Dead
28547,Dead
28548,Dead
28549,Dead
28550,Dead
28551,Dead
28552,Dead
28553,Dead
28554,Dead
28555,Dead
28556,Dead
28557,Dead
28558,Dead
28559,Dead
28560,Dead
28561,Dead
28562,Dead
28563,Dead
28564,Dead
28565,Dead
28566,Dead
28567,Dead
28568,Dead
28569,Dead
28570,Dead
28571,Dead
28572,Dead
28573,Dead
28574,Dead
28575,Dead
28576,Dead
28577,Dead
28578,Dead
28579,Dead
28580,Dead
28581,Dead
28582,Dead
28583,Dead
28584,Dead
28585,Dead
28586,Dead
28587,Dead
28588,Dead
28589,Dead
28590,Dead
28591,Dead
28592,Dead
28593,Dead
28594,Dead
28595,Dead
28596,Dead
28597,Dead
28598,Dead
28599,Dead
28600,Dead
28601,Dead
28602,Dead
28603,Dead
28604,Dead
28605,Dead
28606,Dead
28607,Dead
28608,Dead
28609,Dead
28610,Dead
28611,Dead
28612,Dead
28613,Dead
28614,Dead
28615,Dead
28616,Dead
28617,Dead
28618,Dead
28619,Dead
28620,Dead
28621,Dead
28622,Dead
28623,Dead
28624,Dead
28625,Dead
28626,Dead
28627,Dead
28628,Dead
28629,Dead
28630,Dead
28631,Dead
28632,Dead
28633,Dead
28634,Dead
28635,Dead
28636,Dead
28637,Dead
28638,Dead
28639,Dead
28640,Dead
28641,Dead
28642,Dead
28643,Dead
28644,Dead
28645,Dead
28646,Dead
28647,Dead
28648,Dead
28649,Dead
28650,Dead
28651,Dead
28652,Dead
28653,Dead
28654,Dead
28655,Dead
28656,Dead
28657,Dead
28658,Dead
28659,Dead
28660,Dead
28661,Dead
28662,Dead
28663,Dead
28664,Dead
28665,Dead
28666,Dead
28667,Dead
28668,Dead
28669,Dead
28670,Dead
28671,Dead
28672,Dead
28673,Dead
28674,Dead
28675,Dead
28676,Dead
28677,Dead
28678,Dead
28679,Dead
28680,Dead
28681,Dead
28682,Dead
28683,Dead
28684,Dead
28685,Dead
28686,Dead
28687,Dead
28688,Dead
28689,Dead
28690,Dead
28691,Dead
28692,Dead
28693,Dead
28694,Dead
28695,Dead
28696,Dead
28697,Dead
28698,Dead
28699,Dead
28700,Dead
28701,Dead
28702,Dead
28703,Dead
28704,Dead
28705,Dead
28706,Dead
28707,Dead
28708,Dead
28709,Dead
28710,Dead
28711,Dead
28712,Dead
28713,Dead
28714,Dead
28715,Dead
28716,Dead
28717,Dead
28718,Dead
28719,Dead
28720,Dead
28721,Dead
28722,Dead
28723,Dead
28724,Dead
28725,Dead
28726,Dead
28727,Dead
28728,Dead
28729,Dead
28730,Dead
28731,Dead
28732,Dead
28733,Dead
28734,Dead
28735,Dead
28736,Dead
28737,Dead
28738,Dead
28739,Dead
28740,Dead
28741,Dead
28742,Dead
28743,Dead
28744,Dead
28745,Dead
28746,Dead
28747,Dead
28748,Dead
28749,Dead
28750,Dead
28751,Dead
28752,Dead
28753,Dead
28754,Dead
28755,Dead
28756,Dead
28757,Dead
28758,Dead
28759,Dead
28760,Dead
28761,Dead
28762,Dead
28763,Dead
28764,Dead
28765,Dead
28766,Dead
28767,Dead
28768,Dead
28769,Dead
28770,Dead
28771,Dead
28772,Dead
28773,Dead
28774,Dead
28775,Dead
28776,Dead
28777,Dead
28778,Dead
28779,Dead
28780,Dead
28781,Dead
28782,Dead
28783,Dead
28784,Dead
28785,Dead
28786,Dead
28787,Dead
28788,Dead
28789,Dead
28790,Dead
28791,Dead
28792,Dead
28793,Dead
28794,Dead
28795,Dead
28796,Dead
28797,Dead
28798,Dead
28799,Dead
28800,Dead
28801,Dead
28802,Dead
28803,Dead
28804,Dead
28805,Dead
28806,Dead
28807,Dead
28808,Dead
28809,Dead
28810,Dead
28811,Dead
28812,Dead
28813,Dead
28814,Dead
28815,Dead
28816,Dead
28817,Dead
28818,Dead
28819,Dead
28820,Dead
28821,Dead
28822,Dead
28823,Dead
28824,Dead
28825,Dead
28826,Dead
28827,Dead
28828,Dead
28829,Dead
28830,Dead
28831,Dead
28832,Dead
28833,Dead
28834,Dead
28835,Dead
28836,Dead
28837,Dead
28838,Dead
28839,Dead
28840,Dead
28841,Dead
28842,Dead
28843,Dead
28844,Dead
28845,Dead
28846,Dead
28847,Dead
28848,Dead
28849,Dead
28850,Dead
28851,Dead
28852,Dead
28853,Dead
28854,Dead
28855,Dead
28856,Dead
28857,Dead
28858,Dead
28859,Dead
28860,Dead
28861,Dead
28862,Dead
28863,Dead
28864,Dead
28865,Dead
28866,Dead
28867,Dead
28868,Dead
28869,Dead
28870,Dead
28871,Dead
28872,Dead
28873,Dead
28874,Dead
28875,Dead
28876,Dead
28877,Dead
28878,Dead
28879,Dead
28880,Dead
28881,Dead
28882,Dead
28883,Dead
28884,Dead
28885,Dead
28886,Dead
28887,Dead
28888,Dead
28889,Dead
28890,Dead
28891,Dead
28892,Dead
28893,Dead
28894,Dead
28895,Dead
28896,Dead
28897,Dead
28898,Dead
28899,Dead
28900,Dead
28901,Dead
28902,Dead
28903,Dead
28904,Dead
28905,Dead
28906,Dead
28907,Dead
28908,Dead
28909,Dead
28910,Dead
28911,Dead
28912,Dead
28913,Dead
28914,Dead
28915,Dead
28916,Dead
28917,Dead
28918,Dead
28919,Dead
28920,Dead
28921,Dead
28922,Dead
28923,Dead
28924,Dead
28925,Dead
28926,Dead
28927,Dead
28928,Dead
28929,Dead
28930,Dead
28931,Dead
28932,Dead
28933,Dead
28934,Dead
28935,Dead
28936,Dead
28937,Dead
28938,Dead
28939,Dead
28940,Dead
28941,Dead
28942,Dead
28943,Dead
28944,Dead
28945,Dead
28946,Dead
28947,Dead
28948,Dead
28949,Dead
28950,Dead
28951,Dead
28952,Dead
28953,Dead
28954,Dead
28955,Dead
28956,Dead
28957,Dead
28958,Dead
28959,Dead
28960,Dead
28961,Dead
28962,Dead
28963,Dead
28964,Dead
28965,Dead
28966,Dead
28967,Dead
28968,Dead
28969,Dead
28970,Dead
28971,Dead
28972,Dead
28973,Dead
28974,Dead
28975,Dead
28976,Dead
28977,Dead
28978,Dead
28979,Dead
28980,Dead
28981,Dead
28982,Dead
28983,Dead
28984,Dead
28985,Dead
28986,Dead
28987,Dead
28988,Dead
28989,Dead
28990,Dead
28991,Dead
28992,Dead
28993,Dead
28994,Dead
28995,Dead
28996,Dead
28997,Dead
28998,Dead
28999,Dead
29000,Dead
29001,Dead
29002,Dead
29003,Dead
29004,Dead
29005,Dead
29006,Dead
29007,Dead
29008,Dead
29009,Dead
29010,Dead
29011,Dead
29012,Dead
29013,Dead
29014,Dead
29015,Dead
29016,Dead
29017,Dead
29018,Dead
29019,Dead
29020,Dead
29021,Dead
29022,Dead
29023,Dead
29024,Dead
29025,Dead
29026,Dead
29027,Dead
29028,Dead
29029,Dead
29030,Dead
29031,Dead
29032,Dead
29033,Dead
29034,Dead
29035,Dead
29036,Dead
29037,Dead
29038,Dead
29039,Dead
29040,Dead
29041,Dead
29042,Dead
29043,Dead
29044,Dead
29045,Dead
29046,Dead
29047,Dead
29048,Dead
29049,Dead
29050,Dead
29051,Dead
29052,Dead
29053,Dead
29054,Dead
29055,Dead
29056,Dead
29057,Dead
29058,Dead
29059,Dead
29060,Dead
29061,Dead
29062,Dead
29063,Dead
29064,Dead
29065,Dead
29066,Dead
29067,Dead
29068,Dead
29069,Dead
29070,Dead
29071,Dead
29072,Dead
29073,Dead
29074,Dead
29075,Dead
29076,Dead
29077,Dead
29078,Dead
29079,Dead
29080,Dead
29081,Dead
29082,Dead
29083,Dead
29084,Dead
29085,Dead
29086,Dead
29087,Dead
29088,Dead
29089,Dead
29090,Dead
29091,Dead
29092,Dead
29093,Dead
29094,Dead
29095,Dead
29096,Dead
29097,Dead
29098,Dead
29099,Dead
29100,Dead
29101,Dead
29102,Dead
29103,Dead
29104,Dead
29105,Dead
29106,Dead
29107,Dead
29108,Dead
29109,Dead
29110,Dead
29111,Dead
29112,Dead
29113,Dead
29114,Dead
29115,Dead
29116,Dead
29117,Dead
29118,Dead
29119,Dead
29120,Dead
29121,Dead
29122,Dead
29123,Dead
29124,Dead
29125,Dead
29126,Dead
29127,Dead
29128,Dead
29129,Dead
29130,Dead
29131,Dead
29132,Dead
29133,Dead
29134,Dead
29135,Dead
29136,Dead
29137,Dead
29138,Dead
29139,Dead
29140,Dead
29141,Dead
29142,Dead
29143,Dead
29144,Dead
29145,Dead
29146,Dead
29147,Dead
29148,Dead
29149,Dead
29150,Dead
29151,Dead
29152,Dead
29153,Dead
29154,Dead
29155,Dead
29156,Dead
29157,Dead
29158,Dead
29159,Dead
29160,Dead
29161,Dead
29162,Dead
29163,Dead
29164,Dead
29165,Dead
29166,Dead
29167,Dead
29168,Dead
29169,Dead
29170,Dead
29171,Dead
29172,Dead
29173,Dead
29174,Dead
29175,Dead
29176,Dead
29177,Dead
29178,Dead
29179,Dead
29180,Dead
29181,Dead
29182,Dead
29183,Dead
29184,Dead
29185,Dead
29186,Dead
29187,Dead
29188,Dead
29189,Dead
29190,Dead
29191,Dead
29192,Dead
29193,Dead
29194,Dead
29195,Dead
29196,Dead
29197,Dead
29198,Dead
29199,Dead
29200,Dead
29201,Dead
29202,Dead
29203,Dead
29204,Dead
29205,Dead
29206,Dead
29207,Dead
29208,Dead
29209,Dead
29210,Dead
29211,Dead
29212,Dead
29213,Dead
29214,Dead
29215,Dead
29216,Dead
29217,Dead
29218,Dead
29219,Dead
29220,Dead
29221,Dead
29222,Dead
29223,Dead
29224,Dead
29225,Dead
29226,Dead
29227,Dead
29228,Dead
29229,Dead
29230,Dead
29231,Dead
29232,Dead
29233,Dead
29234,Dead
29235,Dead
29236,Dead
29237,Dead
29238,Dead
29239,Dead
29240,Dead
29241,Dead
29242,Dead
29243,Dead
29244,Dead
29245,Dead
29246,Dead
29247,Dead
29248,Dead
29249,Dead
29250,Dead
29251,Dead
29252,Dead
29253,Dead
29254,Dead
29255,Dead
29256,Dead
29257,Dead
29258,Dead
29259,Dead
29260,Dead
29261,Dead
29262,Dead
29263,Dead
29264,Dead
29265,Dead
29266,Dead
29267,Dead
29268,Dead
29269,Dead
29270,Dead
29271,Dead
29272,Dead
29273,Dead
29274,Dead
29275,Dead
29276,Dead
29277,Dead
29278,Dead
29279,Dead
29280,Dead
29281,Dead
29282,Dead
29283,Dead
29284,Dead
29285,Dead
29286,Dead
29287,Dead
29288,Dead
29289,Dead
29290,Dead
29291,Dead
29292,Dead
29293,Dead
29294,Dead
29295,Dead
29296,Dead
29297,Dead
29298,Dead
29299,Dead
29300,Dead
29301,Dead
29302,Dead
29303,Dead
29304,Dead
29305,Dead
29306,Dead
29307,Dead
29308,Dead
29309,Dead
29310,Dead
29311,Dead
29312,Dead
29313,Dead
29314,Dead
29315,Dead
29316,Dead
29317,Dead
29318,Dead
29319,Dead
29320,Dead
29321,Dead
29322,Dead
29323,Dead
29324,Dead
29325,Dead
29326,Dead
29327,Dead
29328,Dead
29329,Dead
29330,Dead
29331,Dead
29332,Dead
29333,Dead
29334,Dead
29335,Dead
29336,Dead
29337,Dead
29338,Dead
29339,Dead
29340,Dead
29341,Dead
29342,Dead
29343,Dead
29344,Dead
29345,Dead
29346,Dead
29347,Dead
29348,Dead
29349,Dead
29350,Dead
29351,Dead
29352,Dead
29353,Dead
29354,Dead
29355,Dead
29356,Dead
29357,Dead
29358,Dead
29359,Dead
29360,Dead
29361,Dead
29362,Dead
29363,Dead
29364,Dead
29365,Dead
29366,Dead
29367,Dead
29368,Dead
29369,Dead
29370,Dead
29371,Dead
29372,Dead
29373,Dead
29374,Dead
29375,Dead
29376,Dead
29377,Dead
29378,Dead
29379,Dead
29380,Dead
29381,Dead
29382,Dead
29383,Dead
29384,Dead
29385,Dead
29386,Dead
29387,Dead
29388,Dead
29389,Dead
29390,Dead
29391,Dead
29392,Dead
29393,Dead
29394,Dead
29395,Dead
29396,Dead
29397,Dead
29398,Dead
29399,Dead
29400,Dead
29401,Dead
29402,Dead
29403,Dead
29404,Dead
29405,Dead
29406,Dead
29407,Dead
29408,Dead
29409,Dead
29410,Dead
29411,Dead
29412,Dead
29413,Dead
29414,Dead
29415,Dead
29416,Dead
29417,Dead
29418,Dead
29419,Dead
29420,Dead
29421,Dead
29422,Dead
29423,Dead
29424,Dead
29425,Dead
29426,Dead
29427,Dead
29428,Dead
29429,Dead
29430,Dead
29431,Dead
29432,Dead
29433,Dead
29434,Dead
29435,Dead
29436,Dead
29437,Dead
29438,Dead
29439,Dead
29440,Dead
29441,Dead
29442,Dead
29443,Dead
29444,Dead
29445,Dead
29446,Dead
29447,Dead
29448,Dead
29449,Dead
29450,Dead
29451,Dead
29452,Dead
29453,Dead
29454,Dead
29455,Dead
29456,Dead
29457,Dead
29458,Dead
29459,Dead
29460,Dead
29461,Dead
29462,Dead
29463,Dead
29464,Dead
29465,Dead
29466,Dead
29467,Dead
29468,Dead
29469,Dead
29470,Dead
29471,Dead
29472,Dead
29473,Dead
29474,Dead
29475,Dead
29476,Dead
29477,Dead
29478,Dead
29479,Dead
29480,Dead
29481,Dead
29482,Dead
29483,Dead
29484,Dead
29485,Dead
29486,Dead
29487,Dead
29488,Dead
29489,Dead
29490,Dead
29491,Dead
29492,Dead
29493,Dead
29494,Dead
29495,Dead
29496,Dead
29497,Dead
29498,Dead
29499,Dead
29500,Dead
29501,Dead
29502,Dead
29503,Dead
29504,Dead
29505,Dead
29506,Dead
29507,Dead
29508,Dead
29509,Dead
29510,Dead
29511,Dead
29512,Dead
29513,Dead
29514,Dead
29515,Dead
29516,Dead
29517,Dead
29518,Dead
29519,Dead
29520,Dead
29521,Dead
29522,Dead
29523,Dead
29524,Dead
29525,Dead
29526,Dead
29527,Dead
29528,Dead
29529,Dead
29530,Dead
29531,Dead
29532,Dead
29533,Dead
29534,Dead
29535,Dead
29536,Dead
29537,Dead
29538,Dead
29539,Dead
29540,Dead
29541,Dead
29542,Dead
29543,Dead
29544,Dead
29545,Dead
29546,Dead
29547,Dead
29548,Dead
29549,Dead
29550,Dead
29551,Dead
29552,Dead
29553,Dead
29554,Dead
29555,Dead
29556,Dead
29557,Dead
29558,Dead
29559,Dead
29560,Dead
29561,Dead
29562,Dead
29563,Dead
29564,Dead
29565,Dead
29566,Dead
29567,Dead
29568,Dead
29569,Dead
29570,Dead
29571,Dead
29572,Dead
29573,Dead
29574,Dead
29575,Dead
29576,Dead
29577,Dead
29578,Dead
29579,Dead
29580,Dead
29581,Dead
29582,Dead
29583,Dead
29584,Dead
29585,Dead
29586,Dead
29587,Dead
29588,Dead
29589,Dead
29590,Dead
29591,Dead
29592,Dead
29593,Dead
29594,Dead
29595,Dead
29596,Dead
29597,Dead
29598,Dead
29599,Dead
29600,Dead
29601,Dead
29602,Dead
29603,Dead
29604,Dead
29605,Dead
29606,Dead
29607,Dead
29608,Dead
29609,Dead
29610,Dead
29611,Dead
29612,Dead
29613,Dead
29614,Dead
29615,Dead
29616,Dead
29617,Dead
29618,Dead
29619,Dead
29620,Dead
29621,Dead
29622,Dead
29623,Dead
29624,Dead
29625,Dead
29626,Dead
29627,Dead
29628,Dead
29629,Dead
29630,Dead
29631,Dead
29632,Dead
29633,Dead
29634,Dead
29635,Dead
29636,Dead
29637,Dead
29638,Dead
29639,Dead
29640,Dead
29641,Dead
29642,Dead
29643,Dead
29644,Dead
29645,Dead
29646,Dead
29647,Dead
29648,Dead
29649,Dead
29650,Dead
29651,Dead
29652,Dead
29653,Dead
29654,Dead
29655,Dead
29656,Dead
29657,Dead
29658,Dead
29659,Dead
29660,Dead
29661,Dead
29662,Dead
29663,Dead
29664,Dead
29665,Dead
29666,Dead
29667,Dead
29668,Dead
29669,Dead
29670,Dead
29671,Dead
29672,Dead
29673,Dead
29674,Dead
29675,Dead
29676,Dead
29677,Dead
29678,Dead
29679,Dead
29680,Dead
29681,Dead
29682,Dead
29683,Dead
29684,Dead
29685,Dead
29686,Dead
29687,Dead
29688,Dead
29689,Dead
29690,Dead
29691,Dead
29692,Dead
29693,Dead
29694,Dead
29695,Dead
29696,Dead
29697,Dead
29698,Dead
29699,Dead
29700,Dead
29701,Dead
29702,Dead
29703,Dead
29704,Dead
29705,Dead
29706,Dead
29707,Dead
29708,Dead
29709,Dead
29710,Dead
29711,Dead
29712,Dead
29713,Dead
29714,Dead
29715,Dead
29716,Dead
29717,Dead
29718,Dead
29719,Dead
29720,Dead
29721,Dead
29722,Dead
29723,Dead
29724,Dead
29725,Dead
29726,Dead
29727,Dead
29728,Dead
29729,Dead
29730,Dead
29731,Dead
29732,Dead
29733,Dead
29734,Dead
29735,Dead
29736,Dead
29737,Dead
29738,Dead
29739,Dead
29740,Dead
29741,Dead
29742,Dead
29743,Dead
29744,Dead
29745,Dead
29746,Dead
29747,Dead
29748,Dead
29749,Dead
29750,Dead
29751,Dead
29752,Dead
29753,Dead
29754,Dead
29755,Dead
29756,Dead
29757,Dead
29758,Dead
29759,Dead
29760,Dead
29761,Dead
29762,Dead
29763,Dead
29764,Dead
29765,Dead
29766,Dead
29767,Dead
29768,Dead
29769,Dead
29770,Dead
29771,Dead
29772,Dead
29773,Dead
29774,Dead
29775,Dead
29776,Dead
29777,Dead
29778,Dead
29779,Dead
29780,Dead
29781,Dead
29782,Dead
29783,Dead
29784,Dead
29785,Dead
29786,Dead
29787,Dead
29788,Dead
29789,Dead
29790,Dead
29791,Dead
29792,Dead
29793,Dead
29794,Dead
29795,Dead
29796,Dead
29797,Dead
29798,Dead
29799,Dead
29800,Dead
29801,Dead
29802,Dead
29803,Dead
29804,Dead
29805,Dead
29806,Dead
29807,Dead
29808,Dead
29809,Dead
29810,Dead
29811,Dead
29812,Dead
29813,Dead
29814,Dead
29815,Dead
29816,Dead
29817,Dead
29818,Dead
29819,Dead
29820,Dead
29821,Dead
29822,Dead
29823,Dead
29824,Dead
29825,Dead
29826,Dead
29827,Dead
29828,Dead
29829,Dead
29830,Dead
29831,Dead
29832,Dead
29833,Dead
29834,Dead
29835,Dead
29836,Dead
29837,Dead
29838,Dead
29839,Dead
29840,Dead
29841,Dead
29842,Dead
29843,Dead
29844,Dead
29845,Dead
29846,Dead
29847,Dead
29848,Dead
29849,Dead
29850,Dead
29851,Dead
29852,Dead
29853,Dead
29854,Dead
29855,Dead
29856,Dead
29857,Dead
29858,Dead
29859,Dead
29860,Dead
29861,Dead
29862,Dead
29863,Dead
29864,Dead
29865,Dead
29866,Dead
29867,Dead
29868,Dead
29869,Dead
29870,Dead
29871,Dead
29872,Dead
29873,Dead
29874,Dead
29875,Dead
29876,Dead
29877,Dead
29878,Dead
29879,Dead
29880,Dead
29881,Dead
29882,Dead
29883,Dead
29884,Dead
29885,Dead
29886,Dead
29887,Dead
29888,Dead
29889,Dead
29890,Dead
29891,Dead
29892,Dead
29893,Dead
29894,Dead
29895,Dead
29896,Dead
29897,Dead
29898,Dead
29899,Dead
29900,Dead
29901,Dead
29902,Dead
29903,Dead
29904,Dead
29905,Dead
29906,Dead
29907,Dead
29908,Dead
29909,Dead
29910,Dead
29911,Dead
29912,Dead
29913,Dead
29914,Dead
29915,Dead
29916,Dead
29917,Dead
29918,Dead
29919,Dead
29920,Dead
29921,Dead
29922,Dead
29923,Dead
29924,Dead
29925,Dead
29926,Dead
29927,Dead
29928,Dead
29929,Dead
29930,Dead
29931,Dead
29932,Dead
29933,Dead
29934,Dead
29935,Dead
29936,Dead
29937,Dead
29938,Dead
29939,Dead
29940,Dead
29941,Dead
29942,Dead
29943,Dead
29944,Dead
29945,Dead
29946,Dead
29947,Dead
29948,Dead
29949,Dead
29950,Dead
29951,Dead
29952,Dead
29953,Dead
29954,Dead
29955,Dead
29956,Dead
29957,Dead
29958,Dead
29959,Dead
29960,Dead
29961,Dead
29962,Dead
29963,Dead
29964,Dead
29965,Dead
29966,Dead
29967,Dead
29968,Dead
29969,Dead
29970,Dead
29971,Dead
29972,Dead
29973,Dead
29974,Dead
29975,Dead
29976,Dead
29977,Dead
29978,Dead
29979,Dead
29980,Dead
29981,Dead
29982,Dead
29983,Dead
29984,Dead
29985,Dead
29986,Dead
29987,Dead
29988,Dead
29989,Dead
29990,Dead
29991,Dead
29992,Dead
29993,Dead
29994,Dead
29995,Dead
29996,Dead
29997,Dead
29998,Dead
29999,Dead
30000,Dead
30001,Dead
30002,Dead
30003,Dead
30004,Dead
30005,Dead
30006,Dead
30007,Dead
30008,Dead
30009,Dead
30010,Dead
30011,Dead
30012,Dead
30013,Dead
30014,Dead
30015,Dead
30016,Dead
30017,Dead
30018,Dead
30019,Dead
30020,Dead
30021,Dead
30022,Dead
30023,Dead
30024,Dead
30025,Dead
30026,Dead
30027,Dead
30028,Dead
30029,Dead
30030,Dead
30031,Dead
30032,Dead
30033,Dead
30034,Dead
30035,Dead
30036,Dead
30037,Dead
30038,Dead
30039,Dead
30040,Dead
30041,Dead
30042,Dead
30043,Dead
30044,Dead
30045,Dead
30046,Dead
30047,Dead
30048,Dead
30049,Dead
30050,Dead
30051,Dead
30052,Dead
30053,Dead
30054,Dead
30055,Dead
30056,Dead
30057,Dead
30058,Dead
30059,Dead
30060,Dead
30061,Dead
30062,Dead
30063,Dead
30064,Dead
30065,Dead
30066,Dead
30067,Dead
30068,Dead
30069,Dead
30070,Dead
30071,Dead
30072,Dead
30073,Dead
30074,Dead
30075,Dead
30076,Dead
30077,Dead
30078,Dead
30079,Dead
30080,Dead
30081,Dead
30082,Dead
30083,Dead
30084,Dead
30085,Dead
30086,Dead
30087,Dead
30088,Dead
30089,Dead
30090,Dead
30091,Dead
30092,Dead
30093,Dead
30094,Dead
30095,Dead
30096,Dead
30097,Dead
30098,Dead
30099,Dead
30100,Dead
30101,Dead
30102,Dead
30103,Dead
30104,Dead
30105,Dead
30106,Dead
30107,Dead
30108,Dead
30109,Dead
30110,Dead
30111,Dead
30112,Dead
30113,Dead
30114,Dead
30115,Dead
30116,Dead
30117,Dead
30118,Dead
30119,Dead
30120,Dead
30121,Dead
30122,Dead
30123,Dead
30124,Dead
30125,Dead
30126,Dead
30127,Dead
30128,Dead
30129,Dead
30130,Dead
30131,Dead
30132,Dead
30133,Dead
30134,Dead
30135,Dead
30136,Dead
30137,Dead
30138,Dead
30139,Dead
30140,Dead
30141,Dead
30142,Dead
30143,Dead
30144,Dead
30145,Dead
30146,Dead
30147,Dead
30148,Dead
30149,Dead
30150,Dead
30151,Dead
30152,Dead
30153,Dead
30154,Dead
30155,Dead
30156,Dead
30157,Dead
30158,Dead
30159,Dead
30160,Dead
30161,Dead
30162,Dead
30163,Dead
30164,Dead
30165,Dead
30166,Dead
30167,Dead
30168,Dead
30169,Dead
30170,Dead
30171,Dead
30172,Dead
30173,Dead
30174,Dead
30175,Dead
30176,Dead
30177,Dead
30178,Dead
30179,Dead
30180,Dead
30181,Dead
30182,Dead
30183,Dead
30184,Dead
30185,Dead
30186,Dead
30187,Dead
30188,Dead
30189,Dead
30190,Dead
30191,Dead
30192,Dead
30193,Dead
30194,Dead
30195,Dead
30196,Dead
30197,Dead
30198,Dead
30199,Dead
30200,Dead
30201,Dead
30202,Dead
30203,Dead
30204,Dead
30205,Dead
30206,Dead
30207,Dead
30208,Dead
30209,Dead
30210,Dead
30211,Dead
30212,Dead
30213,Dead
30214,Dead
30215,Dead
30216,Dead
30217,Dead
30218,Dead
30219,Dead
30220,Dead
30221,Dead
30222,Dead
30223,Dead
30224,Dead
30225,Dead
30226,Dead
30227,Dead
30228,Dead
30229,Dead
30230,Dead
30231,Dead
30232,Dead
30233,Dead
30234,Dead
30235,Dead
30236,Dead
30237,Dead
30238,Dead
30239,Dead
30240,Dead
30241,Dead
30242,Dead
30243,Dead
30244,Dead
30245,Dead
30246,Dead
30247,Dead
30248,Dead
30249,Dead
30250,Dead
30251,Dead
30252,Dead
30253,Dead
30254,Dead
30255,Dead
30256,Dead
30257,Dead
30258,Dead
30259,Dead
30260,Dead
30261,Dead
30262,Dead
30263,Dead
30264,Dead
30265,Dead
30266,Dead
30267,Dead
30268,Dead
30269,Dead
30270,Dead
30271,Dead
30272,Dead
30273,Dead
30274,Dead
30275,Dead
30276,Dead
30277,Dead
30278,Dead
30279,Dead
30280,Dead
30281,Dead
30282,Dead
30283,Dead
30284,Dead
30285,Dead
30286,Dead
30287,Dead
30288,Dead
30289,Dead
30290,Dead
30291,Dead
30292,Dead
30293,Dead
30294,Dead
30295,Dead
30296,Dead
30297,Dead
30298,Dead
30299,Dead
30300,Dead
30301,Dead
30302,Dead
30303,Dead
30304,Dead
30305,Dead
30306,Dead
30307,Dead
30308,Dead
30309,Dead
30310,Dead
30311,Dead
30312,Dead
30313,Dead
30314,Dead
30315,Dead
30316,Dead
30317,Dead
30318,Dead
30319,Dead
30320,Dead
30321,Dead
30322,Dead
30323,Dead
30324,Dead
30325,Dead
30326,Dead
30327,Dead
30328,Dead
30329,Dead
30330,Dead
30331,Dead
30332,Dead
30333,Dead
30334,Dead
30335,Dead
30336,Dead
30337,Dead
30338,Dead
30339,Dead
30340,Dead
30341,Dead
30342,Dead
30343,Dead
30344,Dead
30345,Dead
30346,Dead
30347,Dead
30348,Dead
30349,Dead
30350,Dead
30351,Dead
30352,Dead
30353,Dead
30354,Dead
30355,Dead
30356,Dead
30357,Dead
30358,Dead
30359,Dead
30360,Dead
30361,Dead
30362,Dead
30363,Dead
30364,Dead
30365,Dead
30366,Dead
30367,Dead
30368,Dead
30369,Dead
30370,Dead
30371,Dead
30372,Dead
30373,Dead
30374,Dead
30375,Dead
30376,Dead
30377,Dead
30378,Dead
30379,Dead
30380,Dead
30381,Dead
30382,Dead
30383,Dead
30384,Dead
30385,Dead
30386,Dead
30387,Dead
30388,Dead
30389,Dead
30390,Dead
30391,Dead
30392,Dead
30393,Dead
30394,Dead
30395,Dead
30396,Dead
30397,Dead
30398,Dead
30399,Dead
30400,Dead
30401,Dead
30402,Dead
30403,Dead
30404,Dead
30405,Dead
30406,Dead
30407,Dead
30408,Dead
30409,Dead
30410,Dead
30411,Dead
30412,Dead
30413,Dead
30414,Dead
30415,Dead
30416,Dead
30417,Dead
30418,Dead
30419,Dead
30420,Dead
30421,Dead
30422,Dead
30423,Dead
30424,Dead
30425,Dead
30426,Dead
30427,Dead
30428,Dead
30429,Dead
30430,Dead
30431,Dead
30432,Dead
30433,Dead
30434,Dead
30435,Dead
30436,Dead
30437,Dead
30438,Dead
30439,Dead
30440,Dead
30441,Dead
30442,Dead
30443,Dead
30444,Dead
30445,Dead
30446,Dead
30447,Dead
30448,Dead
30449,Dead
30450,Dead
30451,Dead
30452,Dead
30453,Dead
30454,Dead
30455,Dead
30456,Dead
30457,Dead
30458,Dead
30459,Dead
30460,Dead
30461,Dead
30462,Dead
30463,Dead
30464,Dead
30465,Dead
30466,Dead
30467,Dead
30468,Dead
30469,Dead
30470,Dead
30471,Dead
30472,Dead
30473,Dead
30474,Dead
30475,Dead
30476,Dead
30477,Dead
30478,Dead
30479,Dead
30480,Dead
30481,Dead
30482,Dead
30483,Dead
30484,Dead
30485,Dead
30486,Dead
30487,Dead
30488,Dead
30489,Dead
30490,Dead
30491,Dead
30492,Dead
30493,Dead
30494,Dead
30495,Dead
30496,Dead
30497,Dead
30498,Dead
30499,Dead
30500,Dead
30501,Dead
30502,Dead
30503,Dead
30504,Dead
30505,Dead
30506,Dead
30507,Dead
30508,Dead
30509,Dead
30510,Dead
30511,Dead
30512,Dead
30513,Dead
30514,Dead
30515,Dead
30516,Dead
30517,Dead
30518,Dead
30519,Dead
30520,Dead
30521,Dead
30522,Dead
30523,Dead
30524,Dead
30525,Dead
30526,Dead
30527,Dead
30528,Dead
30529,Dead
30530,Dead
30531,Dead
30532,Dead
30533,Dead
30534,Dead
30535,Dead
30536,Dead
30537,Dead
30538,Dead
30539,Dead
30540,Dead
30541,Dead
30542,Dead
30543,Dead
30544,Dead
30545,Dead
30546,Dead
30547,Dead
30548,Dead
30549,Dead
30550,Dead
30551,Dead
30552,Dead
30553,Dead
30554,Dead
30555,Dead
30556,Dead
30557,Dead
30558,Dead
30559,Dead
30560,Dead
30561,Dead
30562,Dead
30563,Dead
30564,Dead
30565,Dead
30566,Dead
30567,Dead
30568,Dead
30569,Dead
30570,Dead
30571,Dead
30572,Dead
30573,Dead
30574,Dead
30575,Dead
30576,Dead
30577,Dead
30578,Dead
30579,Dead
30580,Dead
30581,Dead
30582,Dead
30583,Dead
30584,Dead
30585,Dead
30586,Dead
30587,Dead
30588,Dead
30589,Dead
30590,Dead
30591,Dead
30592,Dead
30593,Dead
30594,Dead
30595,Dead
30596,Dead
30597,Dead
30598,Dead
30599,Dead
30600,Dead
30601,Dead
30602,Dead
30603,Dead
30604,Dead
30605,Dead
30606,Dead
30607,Dead
30608,Dead
30609,Dead
30610,Dead
30611,Dead
30612,Dead
30613,Dead
30614,Dead
30615,Dead
30616,Dead
30617,Dead
30618,Dead
30619,Dead
30620,Dead
30621,Dead
30622,Dead
30623,Dead
30624,Dead
30625,Dead
30626,Dead
30627,Dead
30628,Dead
30629,Dead
30630,Dead
30631,Dead
30632,Dead
30633,Dead
30634,Dead
30635,Dead
30636,Dead
30637,Dead
30638,Dead
30639,Dead
30640,Dead
30641,Dead
30642,Dead
30643,Dead
30644,Dead
30645,Dead
30646,Dead
30647,Dead
30648,Dead
30649,Dead
30650,Dead
30651,Dead
30652,Dead
30653,Dead
30654,Dead
30655,Dead
30656,Dead
30657,Dead
30658,Dead
30659,Dead
30660,Dead
30661,Dead
30662,Dead
30663,Dead
30664,Dead
30665,Dead
30666,Dead
30667,Dead
30668,Dead
30669,Dead
30670,Dead
30671,Dead
30672,Dead
30673,Dead
30674,Dead
30675,Dead
30676,Dead
30677,Dead
30678,Dead
30679,Dead
30680,Dead
30681,Dead
30682,Dead
30683,Dead
30684,Dead
30685,Dead
30686,Dead
30687,Dead
30688,Dead
30689,Dead
30690,Dead
30691,Dead
30692,Dead
30693,Dead
30694,Dead
30695,Dead
30696,Dead
30697,Dead
30698,Dead
30699,Dead
30700,Dead
30701,Dead
30702,Dead
30703,Dead
30704,Dead
30705,Dead
30706,Dead
30707,Dead
30708,Dead
30709,Dead
30710,Dead
30711,Dead
30712,Dead
30713,Dead
30714,Dead
30715,Dead
30716,Dead
30717,Dead
30718,Dead
30719,Dead
30720,Dead
30721,Dead
30722,Dead
30723,Dead
30724,Dead
30725,Dead
30726,Dead
30727,Dead
30728,Dead
30729,Dead
30730,Dead
30731,Dead
30732,Dead
30733,Dead
30734,Dead
30735,Dead
30736,Dead
30737,Dead
30738,Dead
30739,Dead
30740,Dead
30741,Dead
30742,Dead
30743,Dead
30744,Dead
30745,Dead
30746,Dead
30747,Dead
30748,Dead
30749,Dead
30750,Dead
30751,Dead
30752,Dead
30753,Dead
30754,Dead
30755,Dead
30756,Dead
30757,Dead
30758,Dead
30759,Dead
30760,Dead
30761,Dead
30762,Dead
30763,Dead
30764,Dead
30765,Dead
30766,Dead
30767,Dead
30768,Dead
30769,Dead
30770,Dead
30771,Dead
30772,Dead
30773,Dead
30774,Dead
30775,Dead
30776,Dead
30777,Dead
30778,Dead
30779,Dead
30780,Dead
30781,Dead
30782,Dead
30783,Dead
30784,Dead
30785,Dead
30786,Dead
30787,Dead
30788,Dead
30789,Dead
30790,Dead
30791,Dead
30792,Dead
30793,Dead
30794,Dead
30795,Dead
30796,Dead
30797,Dead
30798,Dead
30799,Dead
30800,Dead
30801,Dead
30802,Dead
30803,Dead
30804,Dead
30805,Dead
30806,Dead
30807,Dead
30808,Dead
30809,Dead
30810,Dead
30811,Dead
30812,Dead
30813,Dead
30814,Dead
30815,Dead
30816,Dead
30817,Dead
30818,Dead
30819,Dead
30820,Dead
30821,Dead
30822,Dead
30823,Dead
30824,Dead
30825,Dead
30826,Dead
30827,Dead
30828,Dead
30829,Dead
30830,Dead
30831,Dead
30832,Dead
30833,Dead
30834,Dead
30835,Dead
30836,Dead
30837,Dead
30838,Dead
30839,Dead
30840,Dead
30841,Dead
30842,Dead
30843,Dead
30844,Dead
30845,Dead
30846,Dead
30847,Dead
30848,Dead
30849,Dead
30850,Dead
30851,Dead
30852,Dead
30853,Dead
30854,Dead
30855,Dead
30856,Dead
30857,Dead
30858,Dead
30859,Dead
30860,Dead
30861,Dead
30862,Dead
30863,Dead
30864,Dead
30865,Dead
30866,Dead
30867,Dead
30868,Dead
30869,Dead
30870,Dead
30871,Dead
30872,Dead
30873,Dead
30874,Dead
30875,Dead
30876,Dead
30877,Dead
30878,Dead
30879,Dead
30880,Dead
30881,Dead
30882,Dead
30883,Dead
30884,Dead
30885,Dead
30886,Dead
30887,Dead
30888,Dead
30889,Dead
30890,Dead
30891,Dead
30892,Dead
30893,Dead
30894,Dead
30895,Dead
30896,Dead
30897,Dead
30898,Dead
30899,Dead
30900,Dead
30901,Dead
30902,Dead
30903,Dead
30904,Dead
30905,Dead
30906,Dead
30907,Dead
30908,Dead
30909,Dead
30910,Dead
30911,Dead
30912,Dead
30913,Dead
30914,Dead
30915,Dead
30916,Dead
30917,Dead
30918,Dead
30919,Dead
30920,Dead
30921,Dead
30922,Dead
30923,Dead
30924,Dead
30925,Dead
30926,Dead
30927,Dead
30928,Dead
30929,Dead
30930,Dead
30931,Dead
30932,Dead
30933,Dead
30934,Dead
30935,Dead
30936,Dead
30937,Dead
30938,Dead
30939,Dead
30940,Dead
30941,Dead
30942,Dead
30943,Dead
30944,Dead
30945,Dead
30946,Dead
30947,Dead
30948,Dead
30949,Dead
30950,Dead
30951,Dead
30952,Dead
30953,Dead
30954,Dead
30955,Dead
30956,Dead
30957,Dead
30958,Dead
30959,Dead
30960,Dead
30961,Dead
30962,Dead
30963,Dead
30964,Dead
30965,Dead
30966,Dead
30967,Dead
30968,Dead
30969,Dead
30970,Dead
30971,Dead
30972,Dead
30973,Dead
30974,Dead
30975,Dead
30976,Dead
30977,Dead
30978,Dead
30979,Dead
30980,Dead
30981,Dead
30982,Dead
30983,Dead
30984,Dead
30985,Dead
30986,Dead
30987,Dead
30988,Dead
30989,Dead
30990,Dead
30991,Dead
30992,Dead
30993,Dead
30994,Dead
30995,Dead
30996,Dead
30997,Dead
30998,Dead
30999,Dead
31000,Dead
31001,Dead
31002,Dead
31003,Dead
31004,Dead
31005,Dead
31006,Dead
31007,Dead
31008,Dead
31009,Dead
31010,Dead
31011,Dead
31012,Dead
31013,Dead
31014,Dead
31015,Dead
31016,Dead
31017,Dead
31018,Dead
31019,Dead
31020,Dead
31021,Dead
31022,Dead
31023,Dead
31024,Dead
31025,Dead
31026,Dead
31027,Dead
31028,Dead
31029,Dead
31030,Dead
31031,Dead
31032,Dead
31033,Dead
31034,Dead
31035,Dead
31036,Dead
31037,Dead
31038,Dead
31039,Dead
31040,Dead
31041,Dead
31042,Dead
31043,Dead
31044,Dead
31045,Dead
31046,Dead
31047,Dead
31048,Dead
31049,Dead
31050,Dead
31051,Dead
31052,Dead
31053,Dead
31054,Dead
31055,Dead
31056,Dead
31057,Dead
31058,Dead
31059,Dead
31060,Dead
31061,Dead
31062,Dead
31063,Dead
31064,Dead
31065,Dead
31066,Dead
31067,Dead
31068,Dead
31069,Dead
31070,Dead
31071,Dead
31072,Dead
31073,Dead
31074,Dead
31075,Dead
31076,Dead
31077,Dead
31078,Dead
31079,Dead
31080,Dead
31081,Dead
31082,Dead
31083,Dead
31084,Dead
31085,Dead
31086,Dead
31087,Dead
31088,Dead
31089,Dead
31090,Dead
31091,Dead
31092,Dead
31093,Dead
31094,Dead
31095,Dead
31096,Dead
31097,Dead
31098,Dead
31099,Dead
31100,Dead
31101,Dead
31102,Dead
31103,Dead
31104,Dead
31105,Dead
31106,Dead
31107,Dead
31108,Dead
31109,Dead
31110,Dead
31111,Dead
31112,Dead
31113,Dead
31114,Dead
31115,Dead
31116,Dead
31117,Dead
31118,Dead
31119,Dead
31120,Dead
31121,Dead
31122,Dead
31123,Dead
31124,Dead
31125,Dead
31126,Dead
31127,Dead
31128,Dead
31129,Dead
31130,Dead
31131,Dead
31132,Dead
31133,Dead
31134,Dead
31135,Dead
31136,Dead
31137,Dead
31138,Dead
31139,Dead
31140,Dead
31141,Dead
31142,Dead
31143,Dead
31144,Dead
31145,Dead
31146,Dead
31147,Dead
31148,Dead
31149,Dead
31150,Dead
31151,Dead
31152,Dead
31153,Dead
31154,Dead
31155,Dead
31156,Dead
31157,Dead
31158,Dead
31159,Dead
31160,Dead
31161,Dead
31162,Dead
31163,Dead
31164,Dead
31165,Dead
31166,Dead
31167,Dead
31168,Dead
31169,Dead
31170,Dead
31171,Dead
31172,Dead
31173,Dead
31174,Dead
31175,Dead
31176,Dead
31177,Dead
31178,Dead
31179,Dead
31180,Dead
31181,Dead
31182,Dead
31183,Dead
31184,Dead
31185,Dead
31186,Dead
31187,Dead
31188,Dead
31189,Dead
31190,Dead
31191,Dead
31192,Dead
31193,Dead
31194,Dead
31195,Dead
31196,Dead
31197,Dead
31198,Dead
31199,Dead
31200,Dead
31201,Dead
31202,Dead
31203,Dead
31204,Dead
31205,Dead
31206,Dead
31207,Dead
31208,Dead
31209,Dead
31210,Dead
31211,Dead
31212,Dead
31213,Dead
31214,Dead
31215,Dead
31216,Dead
31217,Dead
31218,Dead
31219,Dead
31220,Dead
31221,Dead
31222,Dead
31223,Dead
31224,Dead
31225,Dead
31226,Dead
31227,Dead
31228,Dead
31229,Dead
31230,Dead
31231,Dead
31232,Dead
31233,Dead
31234,Dead
31235,Dead
31236,Dead
31237,Dead
31238,Dead
31239,Dead
31240,Dead
31241,Dead
31242,Dead
31243,Dead
31244,Dead
31245,Dead
31246,Dead
31247,Dead
31248,Dead
31249,Dead
31250,Dead
31251,Dead
31252,Dead
31253,Dead
31254,Dead
31255,Dead
31256,Dead
31257,Dead
31258,Dead
31259,Dead
31260,Dead
31261,Dead
31262,Dead
31263,Dead
31264,Dead
31265,Dead
31266,Dead
31267,Dead
31268,Dead
31269,Dead
31270,Dead
31271,Dead
31272,Dead
31273,Dead
31274,Dead
31275,Dead
31276,Dead
31277,Dead
31278,Dead
31279,Dead
31280,Dead
31281,Dead
31282,Dead
31283,Dead
31284,Dead
31285,Dead
31286,Dead
31287,Dead
31288,Dead
31289,Dead
31290,Dead
31291,Dead
31292,Dead
31293,Dead
31294,Dead
31295,Dead
31296,Dead
31297,Dead
31298,Dead
31299,Dead
31300,Dead
31301,Dead
31302,Dead
31303,Dead
31304,Dead
31305,Dead
31306,Dead
31307,Dead
31308,Dead
31309,Dead
31310,Dead
31311,Dead
31312,Dead
31313,Dead
31314,Dead
31315,Dead
31316,Dead
31317,Dead
31318,Dead
31319,Dead
31320,Dead
31321,Dead
31322,Dead
31323,Dead
31324,Dead
31325,Dead
31326,Dead
31327,Dead
31328,Dead
31329,Dead
31330,Dead
31331,Dead
31332,Dead
31333,Dead
31334,Dead
31335,Dead
31336,Dead
31337,Dead
31338,Dead
31339,Dead
31340,Dead
31341,Dead
31342,Dead
31343,Dead
31344,Dead
31345,Dead
31346,Dead
31347,Dead
31348,Dead
31349,Dead
31350,Dead
31351,Dead
31352,Dead
31353,Dead
31354,Dead
31355,Dead
31356,Dead
31357,Dead
31358,Dead
31359,Dead
31360,Dead
31361,Dead
31362,Dead
31363,Dead
31364,Dead
31365,Dead
31366,Dead
31367,Dead
31368,Dead
31369,Dead
31370,Dead
31371,Dead
31372,Dead
31373,Dead
31374,Dead
31375,Dead
31376,Dead
31377,Dead
31378,Dead
31379,Dead
31380,Dead
31381,Dead
31382,Dead
31383,Dead
31384,Dead
31385,Dead
31386,Dead
31387,Dead
31388,Dead
31389,Dead
31390,Dead
31391,Dead
31392,Dead
31393,Dead
31394,Dead
31395,Dead
31396,Dead
31397,Dead
31398,Dead
31399,Dead
31400,Dead
31401,Dead
31402,Dead
31403,Dead
31404,Dead
31405,Dead
31406,Dead
31407,Dead
31408,Dead
31409,Dead
31410,Dead
31411,Dead
31412,Dead
31413,Dead
31414,Dead
31415,Dead
31416,Dead
31417,Dead
31418,Dead
31419,Dead
31420,Dead
31421,Dead
31422,Dead
31423,Dead
31424,Dead
31425,Dead
31426,Dead
31427,Dead
31428,Dead
31429,Dead
31430,Dead
31431,Dead
31432,Dead
31433,Dead
31434,Dead
31435,Dead
31436,Dead
31437,Dead
31438,Dead
31439,Dead
31440,Dead
31441,Dead
31442,Dead
31443,Dead
31444,Dead
31445,Dead
31446,Dead
31447,Dead
31448,Dead
31449,Dead
31450,Dead
31451,Dead
31452,Dead
31453,Dead
31454,Dead
31455,Dead
31456,Dead
31457,Dead
31458,Dead
31459,Dead
31460,Dead
31461,Dead
31462,Dead
31463,Dead
31464,Dead
31465,Dead
31466,Dead
31467,Dead
31468,Dead
31469,Dead
31470,Dead
31471,Dead
31472,Dead
31473,Dead
31474,Dead
31475,Dead
31476,Dead
31477,Dead
31478,Dead
31479,Dead
31480,Dead
31481,Dead
31482,Dead
31483,Dead
31484,Dead
31485,Dead
31486,Dead
31487,Dead
31488,Dead
31489,Dead
31490,Dead
31491,Dead
31492,Dead
31493,Dead
31494,Dead
31495,Dead
31496,Dead
31497,Dead
31498,Dead
31499,Dead
31500,Dead
31501,Dead
31502,Dead
31503,Dead
31504,Dead
31505,Dead
31506,Dead
31507,Dead
31508,Dead
31509,Dead
31510,Dead
31511,Dead
31512,Dead
31513,Dead
31514,Dead
31515,Dead
31516,Dead
31517,Dead
31518,Dead
31519,Dead
31520,Dead
31521,Dead
31522,Dead
31523,Dead
31524,Dead
31525,Dead
31526,Dead
31527,Dead
31528,Dead
31529,Dead
31530,Dead
31531,Dead
31532,Dead
31533,Dead
31534,Dead
31535,Dead
31536,Dead
31537,Dead
31538,Dead
31539,Dead
31540,Dead
31541,Dead
31542,Dead
31543,Dead
31544,Dead
31545,Dead
31546,Dead
31547,Dead
31548,Dead
31549,Dead
31550,Dead
31551,Dead
31552,Dead
31553,Dead
31554,Dead
31555,Dead
31556,Dead
31557,Dead
31558,Dead
31559,Dead
31560,Dead
31561,Dead
31562,Dead
31563,Dead
31564,Dead
31565,Dead
31566,Dead
31567,Dead
31568,Dead
31569,Dead
31570,Dead
31571,Dead
31572,Dead
31573,Dead
31574,Dead
31575,Dead
31576,Dead
31577,Dead
31578,Dead
31579,Dead
31580,Dead
31581,Dead
31582,Dead
31583,Dead
31584,Dead
31585,Dead
31586,Dead
31587,Dead
31588,Dead
31589,Dead
31590,Dead
31591,Dead
31592,Dead
31593,Dead
31594,Dead
31595,Dead
31596,Dead
31597,Dead
31598,Dead
31599,Dead
31600,Dead
31601,Dead
31602,Dead
31603,Dead
31604,Dead
31605,Dead
31606,Dead
31607,Dead
31608,Dead
31609,Dead
31610,Dead
31611,Dead
31612,Dead
31613,Dead
31614,Dead
31615,Dead
31616,Dead
31617,Dead
31618,Dead
31619,Dead
31620,Dead
31621,Dead
31622,Dead
31623,Dead
31624,Dead
31625,Dead
31626,Dead
31627,Dead
31628,Dead
31629,Dead
31630,Dead
31631,Dead
31632,Dead
31633,Dead
31634,Dead
31635,Dead
31636,Dead
31637,Dead
31638,Dead
31639,Dead
31640,Dead
31641,Dead
31642,Dead
31643,Dead
31644,Dead
31645,Dead
31646,Dead
31647,Dead
31648,Dead
31649,Dead
31650,Dead
31651,Dead
31652,Dead
31653,Dead
31654,Dead
31655,Dead
31656,Dead
31657,Dead
31658,Dead
31659,Dead
31660,Dead
31661,Dead
31662,Dead
31663,Dead
31664,Dead
31665,Dead
31666,Dead
31667,Dead
31668,Dead
31669,Dead
31670,Dead
31671,Dead
31672,Dead
31673,Dead
31674,Dead
31675,Dead
31676,Dead
31677,Dead
31678,Dead
31679,Dead
31680,Dead
31681,Dead
31682,Dead
31683,Dead
31684,Dead
31685,Dead
31686,Dead
31687,Dead
31688,Dead
31689,Dead
31690,Dead
31691,Dead
31692,Dead
31693,Dead
31694,Dead
31695,Dead
31696,Dead
31697,Dead
31698,Dead
31699,Dead
31700,Dead
31701,Dead
31702,Dead
31703,Dead
31704,Dead
31705,Dead
31706,Dead
31707,Dead
31708,Dead
31709,Dead
31710,Dead
31711,Dead
31712,Dead
31713,Dead
31714,Dead
31715,Dead
31716,Dead
31717,Dead
31718,Dead
31719,Dead
31720,Dead
31721,Dead
31722,Dead
31723,Dead
31724,Dead
31725,Dead
31726,Dead
31727,Dead
31728,Dead
31729,Dead
31730,Dead
31731,Dead
31732,Dead
31733,Dead
31734,Dead
31735,Dead
31736,Dead
31737,Dead
31738,Dead
31739,Dead
31740,Dead
31741,Dead
31742,Dead
31743,Dead
31744,Dead
31745,Dead
31746,Dead
31747,Dead
31748,Dead
31749,Dead
31750,Dead
31751,Dead
31752,Dead
31753,Dead
31754,Dead
31755,Dead
31756,Dead
31757,Dead
31758,Dead
31759,Dead
31760,Dead
31761,Dead
31762,Dead
31763,Dead
31764,Dead
31765,Dead
31766,Dead
31767,Dead
31768,Dead
31769,Dead
31770,Dead
31771,Dead
31772,Dead
31773,Dead
31774,Dead
31775,Dead
31776,Dead
31777,Dead
31778,Dead
31779,Dead
31780,Dead
31781,Dead
31782,Dead
31783,Dead
31784,Dead
31785,Dead
31786,Dead
31787,Dead
31788,Dead
31789,Dead
31790,Dead
31791,Dead
31792,Dead
31793,Dead
31794,Dead
31795,Dead
31796,Dead
31797,Dead
31798,Dead
31799,Dead
31800,Dead
31801,Dead
31802,Dead
31803,Dead
31804,Dead
31805,Dead
31806,Dead
31807,Dead
31808,Dead
31809,Dead
31810,Dead
31811,Dead
31812,Dead
31813,Dead
31814,Dead
31815,Dead
31816,Dead
31817,Dead
31818,Dead
31819,Dead
31820,Dead
31821,Dead
31822,Dead
31823,Dead
31824,Dead
31825,Dead
31826,Dead
31827,Dead
31828,Dead
31829,Dead
31830,Dead
31831,Dead
31832,Dead
31833,Dead
31834,Dead
31835,Dead
31836,Dead
31837,Dead
31838,Dead
31839,Dead
31840,Dead
31841,Dead
31842,Dead
31843,Dead
31844,Dead
31845,Dead
31846,Dead
31847,Dead
31848,Dead
31849,Dead
31850,Dead
31851,Dead
31852,Dead
31853,Dead
31854,Dead
31855,Dead
31856,Dead
31857,Dead
31858,Dead
31859,Dead
31860,Dead
31861,Dead
31862,Dead
31863,Dead
31864,Dead
31865,Dead
31866,Dead
31867,Dead
31868,Dead
31869,Dead
31870,Dead
31871,Dead
31872,Dead
31873,Dead
31874,Dead
31875,Dead
31876,Dead
31877,Dead
31878,Dead
31879,Dead
31880,Dead
31881,Dead
31882,Dead
31883,Dead
31884,Dead
31885,Dead
31886,Dead
31887,Dead
31888,Dead
31889,Dead
31890,Dead
31891,Dead
31892,Dead
31893,Dead
31894,Dead
31895,Dead
31896,Dead
31897,Dead
31898,Dead
31899,Dead
31900,Dead
31901,Dead
31902,Dead
31903,Dead
31904,Dead
31905,Dead
31906,Dead
31907,Dead
31908,Dead
31909,Dead
31910,Dead
31911,Dead
31912,Dead
31913,Dead
31914,Dead
31915,Dead
31916,Dead
31917,Dead
31918,Dead
31919,Dead
31920,Dead
31921,Dead
31922,Dead
31923,Dead
31924,Dead
31925,Dead
31926,Dead
31927,Dead
31928,Dead
31929,Dead
31930,Dead
31931,Dead
31932,Dead
31933,Dead
31934,Dead
31935,Dead
31936,Dead
31937,Dead
31938,Dead
31939,Dead
31940,Dead
31941,Dead
31942,Dead
31943,Dead
31944,Dead
31945,Dead
31946,Dead
31947,Dead
31948,Dead
31949,Dead
31950,Dead
31951,Dead
31952,Dead
31953,Dead
31954,Dead
31955,Dead
31956,Dead
31957,Dead
31958,Dead
31959,Dead
31960,Dead
31961,Dead
31962,Dead
31963,Dead
31964,Dead
31965,Dead
31966,Dead
31967,Dead
31968,Dead
31969,Dead
31970,Dead
31971,Dead
31972,Dead
31973,Dead
31974,Dead
31975,Dead
31976,Dead
31977,Dead
31978,Dead
31979,Dead
31980,Dead
31981,Dead
31982,Dead
31983,Dead
31984,Dead
31985,Dead
31986,Dead
31987,Dead
31988,Dead
31989,Dead
31990,Dead
31991,Dead
31992,Dead
31993,Dead
31994,Dead
31995,Dead
31996,Dead
31997,Dead
31998,Dead
31999,Dead
32000,Dead
32001,Dead
32002,Dead
32003,Dead
32004,Dead
32005,Dead
32006,Dead
32007,Dead
32008,Dead
32009,Dead
32010,Dead
32011,Dead
32012,Dead
32013,Dead
32014,Dead
32015,Dead
32016,Dead
32017,Dead
32018,Dead
32019,Dead
32020,Dead
32021,Dead
32022,Dead
32023,Dead
32024,Dead
32025,Dead
32026,Dead
32027,Dead
32028,Dead
32029,Dead
32030,Dead
32031,Dead
32032,Dead
32033,Dead
32034,Dead
32035,Dead
32036,Dead
32037,Dead
32038,Dead
32039,Dead
32040,Dead
32041,Dead
32042,Dead
32043,Dead
32044,Dead
32045,Dead
32046,Dead
32047,Dead
32048,Dead
32049,Dead
32050,Dead
32051,Dead
32052,Dead
32053,Dead
32054,Dead
32055,Dead
32056,Dead
32057,Dead
32058,Dead
32059,Dead
32060,Dead
32061,Dead
32062,Dead
32063,Dead
32064,Dead
32065,Dead
32066,Dead
32067,Dead
32068,Dead
32069,Dead
32070,Dead
32071,Dead
32072,Dead
32073,Dead
32074,Dead
32075,Dead
32076,Dead
32077,Dead
32078,Dead
32079,Dead
32080,Dead
32081,Dead
32082,Dead
32083,Dead
32084,Dead
32085,Dead
32086,Dead
32087,Dead
32088,Dead
32089,Dead
32090,Dead
32091,Dead
32092,Dead
32093,Dead
32094,Dead
32095,Dead
32096,Dead
32097,Dead
32098,Dead
32099,Dead
32100,Dead
32101,Dead
32102,Dead
32103,Dead
32104,Dead
32105,Dead
32106,Dead
32107,Dead
32108,Dead
32109,Dead
32110,Dead
32111,Dead
32112,Dead
32113,Dead
32114,Dead
32115,Dead
32116,Dead
32117,Dead
32118,Dead
32119,Dead
32120,Dead
32121,Dead
32122,Dead
32123,Dead
32124,Dead
32125,Dead
32126,Dead
32127,Dead
32128,Dead
32129,Dead
32130,Dead
32131,Dead
32132,Dead
32133,Dead
32134,Dead
32135,Dead
32136,Dead
32137,Dead
32138,Dead
32139,Dead
32140,Dead
32141,Dead
32142,Dead
32143,Dead
32144,Dead
32145,Dead
32146,Dead
32147,Dead
32148,Dead
32149,Dead
32150,Dead
32151,Dead
32152,Dead
32153,Dead
32154,Dead
32155,Dead
32156,Dead
32157,Dead
32158,Dead
32159,Dead
32160,Dead
32161,Dead
32162,Dead
32163,Dead
32164,Dead
32165,Dead
32166,Dead
32167,Dead
32168,Dead
32169,Dead
32170,Dead
32171,Dead
32172,Dead
32173,Dead
32174,Dead
32175,Dead
32176,Dead
32177,Dead
32178,Dead
32179,Dead
32180,Dead
32181,Dead
32182,Dead
32183,Dead
32184,Dead
32185,Dead
32186,Dead
32187,Dead
32188,Dead
32189,Dead
32190,Dead
32191,Dead
32192,Dead
32193,Dead
32194,Dead
32195,Dead
32196,Dead
32197,Dead
32198,Dead
32199,Dead
32200,Dead
32201,Dead
32202,Dead
32203,Dead
32204,Dead
32205,Dead
32206,Dead
32207,Dead
32208,Dead
32209,Dead
32210,Dead
32211,Dead
32212,Dead
32213,Dead
32214,Dead
32215,Dead
32216,Dead
32217,Dead
32218,Dead
32219,Dead
32220,Dead
32221,Dead
32222,Dead
32223,Dead
32224,Dead
32225,Dead
32226,Dead
32227,Dead
32228,Dead
32229,Dead
32230,Dead
32231,Dead
32232,Dead
32233,Dead
32234,Dead
32235,Dead
32236,Dead
32237,Dead
32238,Dead
32239,Dead
32240,Dead
32241,Dead
32242,Dead
32243,Dead
32244,Dead
32245,Dead
32246,Dead
32247,Dead
32248,Dead
32249,Dead
32250,Dead
32251,Dead
32252,Dead
32253,Dead
32254,Dead
32255,Dead
32256,Dead
32257,Dead
32258,Dead
32259,Dead
32260,Dead
32261,Dead
32262,Dead
32263,Dead
32264,Dead
32265,Dead
32266,Dead
32267,Dead
32268,Dead
32269,Dead
32270,Dead
32271,Dead
32272,Dead
32273,Dead
32274,Dead
32275,Dead
32276,Dead
32277,Dead
32278,Dead
32279,Dead
32280,Dead
32281,Dead
32282,Dead
32283,Dead
32284,Dead
32285,Dead
32286,Dead
32287,Dead
32288,Dead
32289,Dead
32290,Dead
32291,Dead
32292,Dead
32293,Dead
32294,Dead
32295,Dead
32296,Dead
32297,Dead
32298,Dead
32299,Dead
32300,Dead
32301,Dead
32302,Dead
32303,Dead
32304,Dead
32305,Dead
32306,Dead
32307,Dead
32308,Dead
32309,Dead
32310,Dead
32311,Dead
32312,Dead
32313,Dead
32314,Dead
32315,Dead
32316,Dead
32317,Dead
32318,Dead
32319,Dead
32320,Dead
32321,Dead
32322,Dead
32323,Dead
32324,Dead
32325,Dead
32326,Dead
32327,Dead
32328,Dead
32329,Dead
32330,Dead
32331,Dead
32332,Dead
32333,Dead
32334,Dead
32335,Dead
32336,Dead
32337,Dead
32338,Dead
32339,Dead
32340,Dead
32341,Dead
32342,Dead
32343,Dead
32344,Dead
32345,Dead
32346,Dead
32347,Dead
32348,Dead
32349,Dead
32350,Dead
32351,Dead
32352,Dead
32353,Dead
32354,Dead
32355,Dead
32356,Dead
32357,Dead
32358,Dead
32359,Dead
32360,Dead
32361,Dead
32362,Dead
32363,Dead
32364,Dead
32365,Dead
32366,Dead
32367,Dead
32368,Dead
32369,Dead
32370,Dead
32371,Dead
32372,Dead
32373,Dead
32374,Dead
32375,Dead
32376,Dead
32377,Dead
32378,Dead
32379,Dead
32380,Dead
32381,Dead
32382,Dead
32383,Dead
32384,Dead
32385,Dead
32386,Dead
32387,Dead
32388,Dead
32389,Dead
32390,Dead
32391,Dead
32392,Dead
32393,Dead
32394,Dead
32395,Dead
32396,Dead
32397,Dead
32398,Dead
32399,Dead
32400,Dead
32401,Dead
32402,Dead
32403,Dead
32404,Dead
32405,Dead
32406,Dead
32407,Dead
32408,Dead
32409,Dead
32410,Dead
32411,Dead
32412,Dead
32413,Dead
32414,Dead
32415,Dead
32416,Dead
32417,Dead
32418,Dead
32419,Dead
32420,Dead
32421,Dead
32422,Dead
32423,Dead
32424,Dead
32425,Dead
32426,Dead
32427,Dead
32428,Dead
32429,Dead
32430,Dead
32431,Dead
32432,Dead
32433,Dead
32434,Dead
32435,Dead
32436,Dead
32437,Dead
32438,Dead
32439,Dead
32440,Dead
32441,Dead
32442,Dead
32443,Dead
32444,Dead
32445,Dead
32446,Dead
32447,Dead
32448,Dead
32449,Dead
32450,Dead
32451,Dead
32452,Dead
32453,Dead
32454,Dead
32455,Dead
32456,Dead
32457,Dead
32458,Dead
32459,Dead
32460,Dead
32461,Dead
32462,Dead
32463,Dead
32464,Dead
32465,Dead
32466,Dead
32467,Dead
32468,Dead
32469,Dead
32470,Dead
32471,Dead
32472,Dead
32473,Dead
32474,Dead
32475,Dead
32476,Dead
32477,Dead
32478,Dead
32479,Dead
32480,Dead
32481,Dead
32482,Dead
32483,Dead
32484,Dead
32485,Dead
32486,Dead
32487,Dead
32488,Dead
32489,Dead
32490,Dead
32491,Dead
32492,Dead
32493,Dead
32494,Dead
32495,Dead
32496,Dead
32497,Dead
32498,Dead
32499,Dead
32500,Dead
32501,Dead
32502,Dead
32503,Dead
32504,Dead
32505,Dead
32506,Dead
32507,Dead
32508,Dead
32509,Dead
32510,Dead
32511,Dead
32512,Dead
32513,Dead
32514,Dead
32515,Dead
32516,Dead
32517,Dead
32518,Dead
32519,Dead
32520,Dead
32521,Dead
32522,Dead
32523,Dead
32524,Dead
32525,Dead
32526,Dead
32527,Dead
32528,Dead
32529,Dead
32530,Dead
32531,Dead
32532,Dead
32533,Dead
32534,Dead
32535,Dead
32536,Dead
32537,Dead
32538,Dead
32539,Dead
32540,Dead
32541,Dead
32542,Dead
32543,Dead
32544,Dead
32545,Dead
32546,Dead
32547,Dead
32548,Dead
32549,Dead
32550,Dead
32551,Dead
32552,Dead
32553,Dead
32554,Dead
32555,Dead
32556,Dead
32557,Dead
32558,Dead
32559,Dead
32560,Dead
32561,Dead
32562,Dead
32563,Dead
32564,Dead
32565,Dead
32566,Dead
32567,Dead
32568,Dead
32569,Dead
32570,Dead
32571,Dead
32572,Dead
32573,Dead
32574,Dead
32575,Dead
32576,Dead
32577,Dead
32578,Dead
32579,Dead
32580,Dead
32581,Dead
32582,Dead
32583,Dead
32584,Dead
32585,Dead
32586,Dead
32587,Dead
32588,Dead
32589,Dead
32590,Dead
32591,Dead
32592,Dead
32593,Dead
32594,Dead
32595,Dead
32596,Dead
32597,Dead
32598,Dead
32599,Dead
32600,Dead
32601,Dead
32602,Dead
32603,Dead
32604,Dead
32605,Dead
32606,Dead
32607,Dead
32608,Dead
32609,Dead
32610,Dead
32611,Dead
32612,Dead
32613,Dead
32614,Dead
32615,Dead
32616,Dead
32617,Dead
32618,Dead
32619,Dead
32620,Dead
32621,Dead
32622,Dead
32623,Dead
32624,Dead
32625,Dead
32626,Dead
32627,Dead
32628,Dead
32629,Dead
32630,Dead
32631,Dead
32632,Dead
32633,Dead
32634,Dead
32635,Dead
32636,Dead
32637,Dead
32638,Dead
32639,Dead
32640,Dead
32641,Dead
32642,Dead
32643,Dead
32644,Dead
32645,Dead
32646,Dead
32647,Dead
32648,Dead
32649,Dead
32650,Dead
32651,Dead
32652,Dead
32653,Dead
32654,Dead
32655,Dead
32656,Dead
32657,Dead
32658,Dead
32659,Dead
32660,Dead
32661,Dead
32662,Dead
32663,Dead
32664,Dead
32665,Dead
32666,Dead
32667,Dead
32668,Dead
32669,Dead
32670,Dead
32671,Dead
32672,Dead
32673,Dead
32674,Dead
32675,Dead
32676,Dead
32677,Dead
32678,Dead
32679,Dead
32680,Dead
32681,Dead
32682,Dead
32683,Dead
32684,Dead
32685,Dead
32686,Dead
32687,Dead
32688,Dead
32689,Dead
32690,Dead
32691,Dead
32692,Dead
32693,Dead
32694,Dead
32695,Dead
32696,Dead
32697,Dead
32698,Dead
32699,Dead
32700,Dead
32701,Dead
32702,Dead
32703,Dead
32704,Dead
32705,Dead
32706,Dead
32707,Dead
32708,Dead
32709,Dead
32710,Dead
32711,Dead
32712,Dead
32713,Dead
32714,Dead
32715,Dead
32716,Dead
32717,Dead
32718,Dead
32719,Dead
32720,Dead
32721,Dead
32722,Dead
32723,Dead
32724,Dead
32725,Dead
32726,Dead
32727,Dead
32728,Dead
32729,Dead
32730,Dead
32731,Dead
32732,Dead
32733,Dead
32734,Dead
32735,Dead
32736,Dead
32737,Dead
32738,Dead
32739,Dead
32740,Dead
32741,Dead
32742,Dead
32743,Dead
32744,Dead
32745,Dead
32746,Dead
32747,Dead
32748,Dead
32749,Dead
32750,Dead
32751,Dead
32752,Dead
32753,Dead
32754,Dead
32755,Dead
32756,Dead
32757,Dead
32758,Dead
32759,Dead
32760,Dead
32761,Dead
32762,Dead
32763,Dead
32764,Dead
32765,Dead
32766,Dead
32767,Dead
32768,Dead
32769,Dead
32770,Dead
32771,Dead
32772,Dead
32773,Dead
32774,Dead
32775,Dead
32776,Dead
32777,Dead
32778,Dead
32779,Dead
32780,Dead
32781,Dead
32782,Dead
32783,Dead
32784,Dead
32785,Dead
32786,Dead
32787,Dead
32788,Dead
32789,Dead
32790,Dead
32791,Dead
32792,Dead
32793,Dead
32794,Dead
32795,Dead
32796,Dead
32797,Dead
32798,Dead
32799,Dead
32800,Dead
32801,Dead
32802,Dead
32803,Dead
32804,Dead
32805,Dead
32806,Dead
32807,Dead
32808,Dead
32809,Dead
32810,Dead
32811,Dead
32812,Dead
32813,Dead
32814,Dead
32815,Dead
32816,Dead
32817,Dead
32818,Dead
32819,Dead
32820,Dead
32821,Dead
32822,Dead
32823,Dead
32824,Dead
32825,Dead
32826,Dead
32827,Dead
32828,Dead
32829,Dead
32830,Dead
32831,Dead
32832,Dead
32833,Dead
32834,Dead
32835,Dead
32836,Dead
32837,Dead
32838,Dead
32839,Dead
32840,Dead
32841,Dead
32842,Dead
32843,Dead
32844,Dead
32845,Dead
32846,Dead
32847,Dead
32848,Dead
32849,Dead
32850,Dead
32851,Dead
32852,Dead
32853,Dead
32854,Dead
32855,Dead
32856,Dead
32857,Dead
32858,Dead
32859,Dead
32860,Dead
32861,Dead
32862,Dead
32863,Dead
32864,Dead
32865,Dead
32866,Dead
32867,Dead
32868,Dead
32869,Dead
32870,Dead
32871,Dead
32872,Dead
32873,Dead
32874,Dead
32875,Dead
32876,Dead
32877,Dead
32878,Dead
32879,Dead
32880,Dead
32881,Dead
32882,Dead
32883,Dead
32884,Dead
32885,Dead
32886,Dead
32887,Dead
32888,Dead
32889,Dead
32890,Dead
32891,Dead
32892,Dead
32893,Dead
32894,Dead
32895,Dead
32896,Dead
32897,Dead
32898,Dead
32899,Dead
32900,Dead
32901,Dead
32902,Dead
32903,Dead
32904,Dead
32905,Dead
32906,Dead
32907,Dead
32908,Dead
32909,Dead
32910,Dead
32911,Dead
32912,Dead
32913,Dead
32914,Dead
32915,Dead
32916,Dead
32917,Dead
32918,Dead
32919,Dead
32920,Dead
32921,Dead
32922,Dead
32923,Dead
32924,Dead
32925,Dead
32926,Dead
32927,Dead
32928,Dead
32929,Dead
32930,Dead
32931,Dead
32932,Dead
32933,Dead
32934,Dead
32935,Dead
32936,Dead
32937,Dead
32938,Dead
32939,Dead
32940,Dead
32941,Dead
32942,Dead
32943,Dead
32944,Dead
32945,Dead
32946,Dead
32947,Dead
32948,Dead
32949,Dead
32950,Dead
32951,Dead
32952,Dead
32953,Dead
32954,Dead
32955,Dead
32956,Dead
32957,Dead
32958,Dead
32959,Dead
32960,Dead
32961,Dead
32962,Dead
32963,Dead
32964,Dead
32965,Dead
32966,Dead
32967,Dead
32968,Dead
32969,Dead
32970,Dead
32971,Dead
32972,Dead
32973,Dead
32974,Dead
32975,Dead
32976,Dead
32977,Dead
32978,Dead
32979,Dead
32980,Dead
32981,Dead
32982,Dead
32983,Dead
32984,Dead
32985,Dead
32986,Dead
32987,Dead
32988,Dead
32989,Dead
32990,Dead
32991,Dead
32992,Dead
32993,Dead
32994,Dead
32995,Dead
32996,Dead
32997,Dead
32998,Dead
32999,Dead
33000,Dead
33001,Dead
33002,Dead
33003,Dead
33004,Dead
33005,Dead
33006,Dead
33007,Dead
33008,Dead
33009,Dead
33010,Dead
33011,Dead
33012,Dead
33013,Dead
33014,Dead
33015,Dead
33016,Dead
33017,Dead
33018,Dead
33019,Dead
33020,Dead
33021,Dead
33022,Dead
33023,Dead
33024,Dead
33025,Dead
33026,Dead
33027,Dead
33028,Dead
33029,Dead
33030,Dead
33031,Dead
33032,Dead
33033,Dead
33034,Dead
33035,Dead
33036,Dead
33037,Dead
33038,Dead
33039,Dead
33040,Dead
33041,Dead
33042,Dead
33043,Dead
33044,Dead
33045,Dead
33046,Dead
33047,Dead
33048,Dead
33049,Dead
33050,Dead
33051,Dead
33052,Dead
33053,Dead
33054,Dead
33055,Dead
33056,Dead
33057,Dead
33058,Dead
33059,Dead
33060,Dead
33061,Dead
33062,Dead
33063,Dead
33064,Dead
33065,Dead
33066,Dead
33067,Dead
33068,Dead
33069,Dead
33070,Dead
33071,Dead
33072,Dead
33073,Dead
33074,Dead
33075,Dead
33076,Dead
33077,Dead
33078,Dead
33079,Dead
33080,Dead
33081,Dead
33082,Dead
33083,Dead
33084,Dead
33085,Dead
33086,Dead
33087,Dead
33088,Dead
33089,Dead
33090,Dead
33091,Dead
33092,Dead
33093,Dead
33094,Dead
33095,Dead
33096,Dead
33097,Dead
33098,Dead
33099,Dead
33100,Dead
33101,Dead
33102,Dead
33103,Dead
33104,Dead
33105,Dead
33106,Dead
33107,Dead
33108,Dead
33109,Dead
33110,Dead
33111,Dead
33112,Dead
33113,Dead
33114,Dead
33115,Dead
33116,Dead
33117,Dead
33118,Dead
33119,Dead
33120,Dead
33121,Dead
33122,Dead
33123,Dead
33124,Dead
33125,Dead
33126,Dead
33127,Dead
33128,Dead
33129,Dead
33130,Dead
33131,Dead
33132,Dead
33133,Dead
33134,Dead
33135,Dead
33136,Dead
33137,Dead
33138,Dead
33139,Dead
33140,Dead
33141,Dead
33142,Dead
33143,Dead
33144,Dead
33145,Dead
33146,Dead
33147,Dead
33148,Dead
33149,Dead
33150,Dead
33151,Dead
33152,Dead
33153,Dead
33154,Dead
33155,Dead
33156,Dead
33157,Dead
33158,Dead
33159,Dead
33160,Dead
33161,Dead
33162,Dead
33163,Dead
33164,Dead
33165,Dead
33166,Dead
33167,Dead
33168,Dead
33169,Dead
33170,Dead
33171,Dead
33172,Dead
33173,Dead
33174,Dead
33175,Dead
33176,Dead
33177,Dead
33178,Dead
33179,Dead
33180,Dead
33181,Dead
33182,Dead
33183,Dead
33184,Dead
33185,Dead
33186,Dead
33187,Dead
33188,Dead
33189,Dead
33190,Dead
33191,Dead
33192,Dead
33193,Dead
33194,Dead
33195,Dead
33196,Dead
33197,Dead
33198,Dead
33199,Dead
33200,Dead
33201,Dead
33202,Dead
33203,Dead
33204,Dead
33205,Dead
33206,Dead
33207,Dead
33208,Dead
33209,Dead
33210,Dead
33211,Dead
33212,Dead
33213,Dead
33214,Dead
33215,Dead
33216,Dead
33217,Dead
33218,Dead
33219,Dead
33220,Dead
33221,Dead
33222,Dead
33223,Dead
33224,Dead
33225,Dead
33226,Dead
33227,Dead
33228,Dead
33229,Dead
33230,Dead
33231,Dead
33232,Dead
33233,Dead
33234,Dead
33235,Dead
33236,Dead
33237,Dead
33238,Dead
33239,Dead
33240,Dead
33241,Dead
33242,Dead
33243,Dead
33244,Dead
33245,Dead
33246,Dead
33247,Dead
33248,Dead
33249,Dead
33250,Dead
33251,Dead
33252,Dead
33253,Dead
33254,Dead
33255,Dead
33256,Dead
33257,Dead
33258,Dead
33259,Dead
33260,Dead
33261,Dead
33262,Dead
33263,Dead
33264,Dead
33265,Dead
33266,Dead
33267,Dead
33268,Dead
33269,Dead
33270,Dead
33271,Dead
33272,Dead
33273,Dead
33274,Dead
33275,Dead
33276,Dead
33277,Dead
33278,Dead
33279,Dead
33280,Dead
33281,Dead
33282,Dead
33283,Dead
33284,Dead
33285,Dead
33286,Dead
33287,Dead
33288,Dead
33289,Dead
33290,Dead
33291,Dead
33292,Dead
33293,Dead
33294,Dead
33295,Dead
33296,Dead
33297,Dead
33298,Dead
33299,Dead
33300,Dead
33301,Dead
33302,Dead
33303,Dead
33304,Dead
33305,Dead
33306,Dead
33307,Dead
33308,Dead
33309,Dead
33310,Dead
33311,Dead
33312,Dead
33313,Dead
33314,Dead
33315,Dead
33316,Dead
33317,Dead
33318,Dead
33319,Dead
33320,Dead
33321,Dead
33322,Dead
33323,Dead
33324,Dead
33325,Dead
33326,Dead
33327,Dead
33328,Dead
33329,Dead
33330,Dead
33331,Dead
33332,Dead
33333,Dead
33334,Dead
33335,Dead
33336,Dead
33337,Dead
33338,Dead
33339,Dead
33340,Dead
33341,Dead
33342,Dead
33343,Dead
33344,Dead
33345,Dead
33346,Dead
33347,Dead
33348,Dead
33349,Dead
33350,Dead
33351,Dead
33352,Dead
33353,Dead
33354,Dead
33355,Dead
33356,Dead
33357,Dead
33358,Dead
33359,Dead
33360,Dead
33361,Dead
33362,Dead
33363,Dead
33364,Dead
33365,Dead
33366,Dead
33367,Dead
33368,Dead
33369,Dead
33370,Dead
33371,Dead
33372,Dead
33373,Dead
33374,Dead
33375,Dead
33376,Dead
33377,Dead
33378,Dead
33379,Dead
33380,Dead
33381,Dead
33382,Dead
33383,Dead
33384,Dead
33385,Dead
33386,Dead
33387,Dead
33388,Dead
33389,Dead
33390,Dead
33391,Dead
33392,Dead
33393,Dead
33394,Dead
33395,Dead
33396,Dead
33397,Dead
33398,Dead
33399,Dead
33400,Dead
33401,Dead
33402,Dead
33403,Dead
33404,Dead
33405,Dead
33406,Dead
33407,Dead
33408,Dead
33409,Dead
33410,Dead
33411,Dead
33412,Dead
33413,Dead
33414,Dead
33415,Dead
33416,Dead
33417,Dead
33418,Dead
33419,Dead
33420,Dead
33421,Dead
33422,Dead
33423,Dead
33424,Dead
33425,Dead
33426,Dead
33427,Dead
33428,Dead
33429,Dead
33430,Dead
33431,Dead
33432,Dead
33433,Dead
33434,Dead
33435,Dead
33436,Dead
33437,Dead
33438,Dead
33439,Dead
33440,Dead
33441,Dead
33442,Dead
33443,Dead
33444,Dead
33445,Dead
33446,Dead
33447,Dead
33448,Dead
33449,Dead
33450,Dead
33451,Dead
33452,Dead
33453,Dead
33454,Dead
33455,Dead
33456,Dead
33457,Dead
33458,Dead
33459,Dead
33460,Dead
33461,Dead
33462,Dead
33463,Dead
33464,Dead
33465,Dead
33466,Dead
33467,Dead
33468,Dead
33469,Dead
33470,Dead
33471,Dead
33472,Dead
33473,Dead
33474,Dead
33475,Dead
33476,Dead
33477,Dead
33478,Dead
33479,Dead
33480,Dead
33481,Dead
33482,Dead
33483,Dead
33484,Dead
33485,Dead
33486,Dead
33487,Dead
33488,Dead
33489,Dead
33490,Dead
33491,Dead
33492,Dead
33493,Dead
33494,Dead
33495,Dead
33496,Dead
33497,Dead
33498,Dead
33499,Dead
33500,Dead
33501,Dead
33502,Dead
33503,Dead
33504,Dead
33505,Dead
33506,Dead
33507,Dead
33508,Dead
33509,Dead
33510,Dead
33511,Dead
33512,Dead
33513,Dead
33514,Dead
33515,Dead
33516,Dead
33517,Dead
33518,Dead
33519,Dead
33520,Dead
33521,Dead
33522,Dead
33523,Dead
33524,Dead
33525,Dead
33526,Dead
33527,Dead
33528,Dead
33529,Dead
33530,Dead
33531,Dead
33532,Dead
33533,Dead
33534,Dead
33535,Dead
33536,Dead
33537,Dead
33538,Dead
33539,Dead
33540,Dead
33541,Dead
33542,Dead
33543,Dead
33544,Dead
33545,Dead
33546,Dead
33547,Dead
33548,Dead
33549,Dead
33550,Dead
33551,Dead
33552,Dead
33553,Dead
33554,Dead
33555,Dead
33556,Dead
33557,Dead
33558,Dead
33559,Dead
33560,Dead
33561,Dead
33562,Dead
33563,Dead
33564,Dead
33565,Dead
33566,Dead
33567,Dead
33568,Dead
33569,Dead
33570,Dead
33571,Dead
33572,Dead
33573,Dead
33574,Dead
33575,Dead
33576,Dead
33577,Dead
33578,Dead
33579,Dead
33580,Dead
33581,Dead
33582,Dead
33583,Dead
33584,Dead
33585,Dead
33586,Dead
33587,Dead
33588,Dead
33589,Dead
33590,Dead
33591,Dead
33592,Dead
33593,Dead
33594,Dead
33595,Dead
33596,Dead
33597,Dead
33598,Dead
33599,Dead
33600,Dead
33601,Dead
33602,Dead
33603,Dead
33604,Dead
33605,Dead
33606,Dead
33607,Dead
33608,Dead
33609,Dead
33610,Dead
33611,Dead
33612,Dead
33613,Dead
33614,Dead
33615,Dead
33616,Dead
33617,Dead
33618,Dead
33619,Dead
33620,Dead
33621,Dead
33622,Dead
33623,Dead
33624,Dead
33625,Dead
33626,Dead
33627,Dead
33628,Dead
33629,Dead
33630,Dead
33631,Dead
33632,Dead
33633,Dead
33634,Dead
33635,Dead
33636,Dead
33637,Dead
33638,Dead
33639,Dead
33640,Dead
33641,Dead
33642,Dead
33643,Dead
33644,Dead
33645,Dead
33646,Dead
33647,Dead
33648,Dead
33649,Dead
33650,Dead
33651,Dead
33652,Dead
33653,Dead
33654,Dead
33655,Dead
33656,Dead
33657,Dead
33658,Dead
33659,Dead
33660,Dead
33661,Dead
33662,Dead
33663,Dead
33664,Dead
33665,Dead
33666,Dead
33667,Dead
33668,Dead
33669,Dead
33670,Dead
33671,Dead
33672,Dead
33673,Dead
33674,Dead
33675,Dead
33676,Dead
33677,Dead
33678,Dead
33679,Dead
33680,Dead
33681,Dead
33682,Dead
33683,Dead
33684,Dead
33685,Dead
33686,Dead
33687,Dead
33688,Dead
33689,Dead
33690,Dead
33691,Dead
33692,Dead
33693,Dead
33694,Dead
33695,Dead
33696,Dead
33697,Dead
33698,Dead
33699,Dead
33700,Dead
33701,Dead
33702,Dead
33703,Dead
33704,Dead
33705,Dead
33706,Dead
33707,Dead
33708,Dead
33709,Dead
33710,Dead
33711,Dead
33712,Dead
33713,Dead
33714,Dead
33715,Dead
33716,Dead
33717,Dead
33718,Dead
33719,Dead
33720,Dead
33721,Dead
33722,Dead
33723,Dead
33724,Dead
33725,Dead
33726,Dead
33727,Dead
33728,Dead
33729,Dead
33730,Dead
33731,Dead
33732,Dead
33733,Dead
33734,Dead
33735,Dead
33736,Dead
33737,Dead
33738,Dead
33739,Dead
33740,Dead
33741,Dead
33742,Dead
33743,Dead
33744,Dead
33745,Dead
33746,Dead
33747,Dead
33748,Dead
33749,Dead
33750,Dead
33751,Dead
33752,Dead
33753,Dead
33754,Dead
33755,Dead
33756,Dead
33757,Dead
33758,Dead
33759,Dead
33760,Dead
33761,Dead
33762,Dead
33763,Dead
33764,Dead
33765,Dead
33766,Dead
33767,Dead
33768,Dead
33769,Dead
33770,Dead
33771,Dead
33772,Dead
33773,Dead
33774,Dead
33775,Dead
33776,Dead
33777,Dead
33778,Dead
33779,Dead
33780,Dead
33781,Dead
33782,Dead
33783,Dead
33784,Dead
33785,Dead
33786,Dead
33787,Dead
33788,Dead
33789,Dead
33790,Dead
33791,Dead
33792,Dead
33793,Dead
33794,Dead
33795,Dead
33796,Dead
33797,Dead
33798,Dead
33799,Dead
33800,Dead
33801,Dead
33802,Dead
33803,Dead
33804,Dead
33805,Dead
33806,Dead
33807,Dead
33808,Dead
33809,Dead
33810,Dead
33811,Dead
33812,Dead
33813,Dead
33814,Dead
33815,Dead
33816,Dead
33817,Dead
33818,Dead
33819,Dead
33820,Dead
33821,Dead
33822,Dead
33823,Dead
33824,Dead
33825,Dead
33826,Dead
33827,Dead
33828,Dead
33829,Dead
33830,Dead
33831,Dead
33832,Dead
33833,Dead
33834,Dead
33835,Dead
33836,Dead
33837,Dead
33838,Dead
33839,Dead
33840,Dead
33841,Dead
33842,Dead
33843,Dead
33844,Dead
33845,Dead
33846,Dead
33847,Dead
33848,Dead
33849,Dead
33850,Dead
33851,Dead
33852,Dead
33853,Dead
33854,Dead
33855,Dead
33856,Dead
33857,Dead
33858,Dead
33859,Dead
33860,Dead
33861,Dead
33862,Dead
33863,Dead
33864,Dead
33865,Dead
33866,Dead
33867,Dead
33868,Dead
33869,Dead
33870,Dead
33871,Dead
33872,Dead
33873,Dead
33874,Dead
33875,Dead
33876,Dead
33877,Dead
33878,Dead
33879,Dead
33880,Dead
33881,Dead
33882,Dead
33883,Dead
33884,Dead
33885,Dead
33886,Dead
33887,Dead
33888,Dead
33889,Dead
33890,Dead
33891,Dead
33892,Dead
33893,Dead
33894,Dead
33895,Dead
33896,Dead
33897,Dead
33898,Dead
33899,Dead
33900,Dead
33901,Dead
33902,Dead
33903,Dead
33904,Dead
33905,Dead
33906,Dead
33907,Dead
33908,Dead
33909,Dead
33910,Dead
33911,Dead
33912,Dead
33913,Dead
33914,Dead
33915,Dead
33916,Dead
33917,Dead
33918,Dead
33919,Dead
33920,Dead
33921,Dead
33922,Dead
33923,Dead
33924,Dead
33925,Dead
33926,Dead
33927,Dead
33928,Dead
33929,Dead
33930,Dead
33931,Dead
33932,Dead
33933,Dead
33934,Dead
33935,Dead
33936,Dead
33937,Dead
33938,Dead
33939,Dead
33940,Dead
33941,Dead
33942,Dead
33943,Dead
33944,Dead
33945,Dead
33946,Dead
33947,Dead
33948,Dead
33949,Dead
33950,Dead
33951,Dead
33952,Dead
33953,Dead
33954,Dead
33955,Dead
33956,Dead
33957,Dead
33958,Dead
33959,Dead
33960,Dead
33961,Dead
33962,Dead
33963,Dead
33964,Dead
33965,Dead
33966,Dead
33967,Dead
33968,Dead
33969,Dead
33970,Dead
33971,Dead
33972,Dead
33973,Dead
33974,Dead
33975,Dead
33976,Dead
33977,Dead
33978,Dead
33979,Dead
33980,Dead
33981,Dead
33982,Dead
33983,Dead
33984,Dead
33985,Dead
33986,Dead
33987,Dead
33988,Dead
33989,Dead
33990,Dead
33991,Dead
33992,Dead
33993,Dead
33994,Dead
33995,Dead
33996,Dead
33997,Dead
33998,Dead
33999,Dead
34000,Dead
34001,Dead
34002,Dead
34003,Dead
34004,Dead
34005,Dead
34006,Dead
34007,Dead
34008,Dead
34009,Dead
34010,Dead
34011,Dead
34012,Dead
34013,Dead
34014,Dead
34015,Dead
34016,Dead
34017,Dead
34018,Dead
34019,Dead
34020,Dead
34021,Dead
34022,Dead
34023,Dead
34024,Dead
34025,Dead
34026,Dead
34027,Dead
34028,Dead
34029,Dead
34030,Dead
34031,Dead
34032,Dead
34033,Dead
34034,Dead
34035,Dead
34036,Dead
34037,Dead
34038,Dead
34039,Dead
34040,Dead
34041,Dead
34042,Dead
34043,Dead
34044,Dead
34045,Dead
34046,Dead
34047,Dead
34048,Dead
34049,Dead
34050,Dead
34051,Dead
34052,Dead
34053,Dead
34054,Dead
34055,Dead
34056,Dead
34057,Dead
34058,Dead
34059,Dead
34060,Dead
34061,Dead
34062,Dead
34063,Dead
34064,Dead
34065,Dead
34066,Dead
34067,Dead
34068,Dead
34069,Dead
34070,Dead
34071,Dead
34072,Dead
34073,Dead
34074,Dead
34075,Dead
34076,Dead
34077,Dead
34078,Dead
34079,Dead
34080,Dead
34081,Dead
34082,Dead
34083,Dead
34084,Dead
34085,Dead
34086,Dead
34087,Dead
34088,Dead
34089,Dead
34090,Dead
34091,Dead
34092,Dead
34093,Dead
34094,Dead
34095,Dead
34096,Dead
34097,Dead
34098,Dead
34099,Dead
34100,Dead
34101,Dead
34102,Dead
34103,Dead
34104,Dead
34105,Dead
34106,Dead
34107,Dead
34108,Dead
34109,Dead
34110,Dead
34111,Dead
34112,Dead
34113,Dead
34114,Dead
34115,Dead
34116,Dead
34117,Dead
34118,Dead
34119,Dead
34120,Dead
34121,Dead
34122,Dead
34123,Dead
34124,Dead
34125,Dead
34126,Dead
34127,Dead
34128,Dead
34129,Dead
34130,Dead
34131,Dead
34132,Dead
34133,Dead
34134,Dead
34135,Dead
34136,Dead
34137,Dead
34138,Dead
34139,Dead
34140,Dead
34141,Dead
34142,Dead
34143,Dead
34144,Dead
34145,Dead
34146,Dead
34147,Dead
34148,Dead
34149,Dead
34150,Dead
34151,Dead
34152,Dead
34153,Dead
34154,Dead
34155,Dead
34156,Dead
34157,Dead
34158,Dead
34159,Dead
34160,Dead
34161,Dead
34162,Dead
34163,Dead
34164,Dead
34165,Dead
34166,Dead
34167,Dead
34168,Dead
34169,Dead
34170,Dead
34171,Dead
34172,Dead
34173,Dead
34174,Dead
34175,Dead
34176,Dead
34177,Dead
34178,Dead
34179,Dead
34180,Dead
34181,Dead
34182,Dead
34183,Dead
34184,Dead
34185,Dead
34186,Dead
34187,Dead
34188,Dead
34189,Dead
34190,Dead
34191,Dead
34192,Dead
34193,Dead
34194,Dead
34195,Dead
34196,Dead
34197,Dead
34198,Dead
34199,Dead
34200,Dead
34201,Dead
34202,Dead
34203,Dead
34204,Dead
34205,Dead
34206,Dead
34207,Dead
34208,Dead
34209,Dead
34210,Dead
34211,Dead
34212,Dead
34213,Dead
34214,Dead
34215,Dead
34216,Dead
34217,Dead
34218,Dead
34219,Dead
34220,Dead
34221,Dead
34222,Dead
34223,Dead
34224,Dead
34225,Dead
34226,Dead
34227,Dead
34228,Dead
34229,Dead
34230,Dead
34231,Dead
34232,Dead
34233,Dead
34234,Dead
34235,Dead
34236,Dead
34237,Dead
34238,Dead
34239,Dead
34240,Dead
34241,Dead
34242,Dead
34243,Dead
34244,Dead
34245,Dead
34246,Dead
34247,Dead
34248,Dead
34249,Dead
34250,Dead
34251,Dead
34252,Dead
34253,Dead
34254,Dead
34255,Dead
34256,Dead
34257,Dead
34258,Dead
34259,Dead
34260,Dead
34261,Dead
34262,Dead
34263,Dead
34264,Dead
34265,Dead
34266,Dead
34267,Dead
34268,Dead
34269,Dead
34270,Dead
34271,Dead
34272,Dead
34273,Dead
34274,Dead
34275,Dead
34276,Dead
34277,Dead
34278,Dead
34279,Dead
34280,Dead
34281,Dead
34282,Dead
34283,Dead
34284,Dead
34285,Dead
34286,Dead
34287,Dead
34288,Dead
34289,Dead
34290,Dead
34291,Dead
34292,Dead
34293,Dead
34294,Dead
34295,Dead
34296,Dead
34297,Dead
34298,Dead
34299,Dead
34300,Dead
34301,Dead
34302,Dead
34303,Dead
34304,Dead
34305,Dead
34306,Dead
34307,Dead
34308,Dead
34309,Dead
34310,Dead
34311,Dead
34312,Dead
34313,Dead
34314,Dead
34315,Dead
34316,Dead
34317,Dead
34318,Dead
34319,Dead
34320,Dead
34321,Dead
34322,Dead
34323,Dead
34324,Dead
34325,Dead
34326,Dead
34327,Dead
34328,Dead
34329,Dead
34330,Dead
34331,Dead
34332,Dead
34333,Dead
34334,Dead
34335,Dead
34336,Dead
34337,Dead
34338,Dead
34339,Dead
34340,Dead
34341,Dead
34342,Dead
34343,Dead
34344,Dead
34345,Dead
34346,Dead
34347,Dead
34348,Dead
34349,Dead
34350,Dead
34351,Dead
34352,Dead
34353,Dead
34354,Dead
34355,Dead
34356,Dead
34357,Dead
34358,Dead
34359,Dead
34360,Dead
34361,Dead
34362,Dead
34363,Dead
34364,Dead
34365,Dead
34366,Dead
34367,Dead
34368,Dead
34369,Dead
34370,Dead
34371,Dead
34372,Dead
34373,Dead
34374,Dead
34375,Dead
34376,Dead
34377,Dead
34378,Dead
34379,Dead
34380,Dead
34381,Dead
34382,Dead
34383,Dead
34384,Dead
34385,Dead
34386,Dead
34387,Dead
34388,Dead
34389,Dead
34390,Dead
34391,Dead
34392,Dead
34393,Dead
34394,Dead
34395,Dead
34396,Dead
34397,Dead
34398,Dead
34399,Dead
34400,Dead
34401,Dead
34402,Dead
34403,Dead
34404,Dead
34405,Dead
34406,Dead
34407,Dead
34408,Dead
34409,Dead
34410,Dead
34411,Dead
34412,Dead
34413,Dead
34414,Dead
34415,Dead
34416,Dead
34417,Dead
34418,Dead
34419,Dead
34420,Dead
34421,Dead
34422,Dead
34423,Dead
34424,Dead
34425,Dead
34426,Dead
34427,Dead
34428,Dead
34429,Dead
34430,Dead
34431,Dead
34432,Dead
34433,Dead
34434,Dead
34435,Dead
34436,Dead
34437,Dead
34438,Dead
34439,Dead
34440,Dead
34441,Dead
34442,Dead
34443,Dead
34444,Dead
34445,Dead
34446,Dead
34447,Dead
34448,Dead
34449,Dead
34450,Dead
34451,Dead
34452,Dead
34453,Dead
34454,Dead
34455,Dead
34456,Dead
34457,Dead
34458,Dead
34459,Dead
34460,Dead
34461,Dead
34462,Dead
34463,Dead
34464,Dead
34465,Dead
34466,Dead
34467,Dead
34468,Dead
34469,Dead
34470,Dead
34471,Dead
34472,Dead
34473,Dead
34474,Dead
34475,Dead
34476,Dead
34477,Dead
34478,Dead
34479,Dead
34480,Dead
34481,Dead
34482,Dead
34483,Dead
34484,Dead
34485,Dead
34486,Dead
34487,Dead
34488,Dead
34489,Dead
34490,Dead
34491,Dead
34492,Dead
34493,Dead
34494,Dead
34495,Dead
34496,Dead
34497,Dead
34498,Dead
34499,Dead
34500,Dead
34501,Dead
34502,Dead
34503,Dead
34504,Dead
34505,Dead
34506,Dead
34507,Dead
34508,Dead
34509,Dead
34510,Dead
34511,Dead
34512,Dead
34513,Dead
34514,Dead
34515,Dead
34516,Dead
34517,Dead
34518,Dead
34519,Dead
34520,Dead
34521,Dead
34522,Dead
34523,Dead
34524,Dead
34525,Dead
34526,Dead
34527,Dead
34528,Dead
34529,Dead
34530,Dead
34531,Dead
34532,Dead
34533,Dead
34534,Dead
34535,Dead
34536,Dead
34537,Dead
34538,Dead
34539,Dead
34540,Dead
34541,Dead
34542,Dead
34543,Dead
34544,Dead
34545,Dead
34546,Dead
34547,Dead
34548,Dead
34549,Dead
34550,Dead
34551,Dead
34552,Dead
34553,Dead
34554,Dead
34555,Dead
34556,Dead
34557,Dead
34558,Dead
34559,Dead
34560,Dead
34561,Dead
34562,Dead
34563,Dead
34564,Dead
34565,Dead
34566,Dead
34567,Dead
34568,Dead
34569,Dead
34570,Dead
34571,Dead
34572,Dead
34573,Dead
34574,Dead
34575,Dead
34576,Dead
34577,Dead
34578,Dead
34579,Dead
34580,Dead
34581,Dead
34582,Dead
34583,Dead
34584,Dead
34585,Dead
34586,Dead
34587,Dead
34588,Dead
34589,Dead
34590,Dead
34591,Dead
34592,Dead
34593,Dead
34594,Dead
34595,Dead
34596,Dead
34597,Dead
34598,Dead
34599,Dead
34600,Dead
34601,Dead
34602,Dead
34603,Dead
34604,Dead
34605,Dead
34606,Dead
34607,Dead
34608,Dead
34609,Dead
34610,Dead
34611,Dead
34612,Dead
34613,Dead
34614,Dead
34615,Dead
34616,Dead
34617,Dead
34618,Dead
34619,Dead
34620,Dead
34621,Dead
34622,Dead
34623,Dead
34624,Dead
34625,Dead
34626,Dead
34627,Dead
34628,Dead
34629,Dead
34630,Dead
34631,Dead
34632,Dead
34633,Dead
34634,Dead
34635,Dead
34636,Dead
34637,Dead
34638,Dead
34639,Dead
34640,Dead
34641,Dead
34642,Dead
34643,Dead
34644,Dead
34645,Dead
34646,Dead
34647,Dead
34648,Dead
34649,Dead
34650,Dead
34651,Dead
34652,Dead
34653,Dead
34654,Dead
34655,Dead
34656,Dead
34657,Dead
34658,Dead
34659,Dead
34660,Dead
34661,Dead
34662,Dead
34663,Dead
34664,Dead
34665,Dead
34666,Dead
34667,Dead
34668,Dead
34669,Dead
34670,Dead
34671,Dead
34672,Dead
34673,Dead
34674,Dead
34675,Dead
34676,Dead
34677,Dead
34678,Dead
34679,Dead
34680,Dead
34681,Dead
34682,Dead
34683,Dead
34684,Dead
34685,Dead
34686,Dead
34687,Dead
34688,Dead
34689,Dead
34690,Dead
34691,Dead
34692,Dead
34693,Dead
34694,Dead
34695,Dead
34696,Dead
34697,Dead
34698,Dead
34699,Dead
34700,Dead
34701,Dead
34702,Dead
34703,Dead
34704,Dead
34705,Dead
34706,Dead
34707,Dead
34708,Dead
34709,Dead
34710,Dead
34711,Dead
34712,Dead
34713,Dead
34714,Dead
34715,Dead
34716,Dead
34717,Dead
34718,Dead
34719,Dead
34720,Dead
34721,Dead
34722,Dead
34723,Dead
34724,Dead
34725,Dead
34726,Dead
34727,Dead
34728,Dead
34729,Dead
34730,Dead
34731,Dead
34732,Dead
34733,Dead
34734,Dead
34735,Dead
34736,Dead
34737,Dead
34738,Dead
34739,Dead
34740,Dead
34741,Dead
34742,Dead
34743,Dead
34744,Dead
34745,Dead
34746,Dead
34747,Dead
34748,Dead
34749,Dead
34750,Dead
34751,Dead
34752,Dead
34753,Dead
34754,Dead
34755,Dead
34756,Dead
34757,Dead
34758,Dead
34759,Dead
34760,Dead
34761,Dead
34762,Dead
34763,Dead
34764,Dead
34765,Dead
34766,Dead
34767,Dead
34768,Dead
34769,Dead
34770,Dead
34771,Dead
34772,Dead
34773,Dead
34774,Dead
34775,Dead
34776,Dead
34777,Dead
34778,Dead
34779,Dead
34780,Dead
34781,Dead
34782,Dead
34783,Dead
34784,Dead
34785,Dead
34786,Dead
34787,Dead
34788,Dead
34789,Dead
34790,Dead
34791,Dead
34792,Dead
34793,Dead
34794,Dead
34795,Dead
34796,Dead
34797,Dead
34798,Dead
34799,Dead
34800,Dead
34801,Dead
34802,Dead
34803,Dead
34804,Dead
34805,Dead
34806,Dead
34807,Dead
34808,Dead
34809,Dead
34810,Dead
34811,Dead
34812,Dead
34813,Dead
34814,Dead
34815,Dead
34816,Dead
34817,Dead
34818,Dead
34819,Dead
34820,Dead
34821,Dead
34822,Dead
34823,Dead
34824,Dead
34825,Dead
34826,Dead
34827,Dead
34828,Dead
34829,Dead
34830,Dead
34831,Dead
34832,Dead
34833,Dead
34834,Dead
34835,Dead
34836,Dead
34837,Dead
34838,Dead
34839,Dead
34840,Dead
34841,Dead
34842,Dead
34843,Dead
34844,Dead
34845,Dead
34846,Dead
34847,Dead
34848,Dead
34849,Dead
34850,Dead
34851,Dead
34852,Dead
34853,Dead
34854,Dead
34855,Dead
34856,Dead
34857,Dead
34858,Dead
34859,Dead
34860,Dead
34861,Dead
34862,Dead
34863,Dead
34864,Dead
34865,Dead
34866,Dead
34867,Dead
34868,Dead
34869,Dead
34870,Dead
34871,Dead
34872,Dead
34873,Dead
34874,Dead
34875,Dead
34876,Dead
34877,Dead
34878,Dead
34879,Dead
34880,Dead
34881,Dead
34882,Dead
34883,Dead
34884,Dead
34885,Dead
34886,Dead
34887,Dead
34888,Dead
34889,Dead
34890,Dead
34891,Dead
34892,Dead
34893,Dead
34894,Dead
34895,Dead
34896,Dead
34897,Dead
34898,Dead
34899,Dead
34900,Dead
34901,Dead
34902,Dead
34903,Dead
34904,Dead
34905,Dead
34906,Dead
34907,Dead
34908,Dead
34909,Dead
34910,Dead
34911,Dead
34912,Dead
34913,Dead
34914,Dead
34915,Dead
34916,Dead
34917,Dead
34918,Dead
34919,Dead
34920,Dead
34921,Dead
34922,Dead
34923,Dead
34924,Dead
34925,Dead
34926,Dead
34927,Dead
34928,Dead
34929,Dead
34930,Dead
34931,Dead
34932,Dead
34933,Dead
34934,Dead
34935,Dead
34936,Dead
34937,Dead
34938,Dead
34939,Dead
34940,Dead
34941,Dead
34942,Dead
34943,Dead
34944,Dead
34945,Dead
34946,Dead
34947,Dead
34948,Dead
34949,Dead
34950,Dead
34951,Dead
34952,Dead
34953,Dead
34954,Dead
34955,Dead
34956,Dead
34957,Dead
34958,Dead
34959,Dead
34960,Dead
34961,Dead
34962,Dead
34963,Dead
34964,Dead
34965,Dead
34966,Dead
34967,Dead
34968,Dead
34969,Dead
34970,Dead
34971,Dead
34972,Dead
34973,Dead
34974,Dead
34975,Dead
34976,Dead
34977,Dead
34978,Dead
34979,Dead
34980,Dead
34981,Dead
34982,Dead
34983,Dead
34984,Dead
34985,Dead
34986,Dead
34987,Dead
34988,Dead
34989,Dead
34990,Dead
34991,Dead
34992,Dead
34993,Dead
34994,Dead
34995,Dead
34996,Dead
34997,Dead
34998,Dead
34999,Dead
35000,Dead
35001,Dead
35002,Dead
35003,Dead
35004,Dead
35005,Dead
35006,Dead
35007,Dead
35008,Dead
35009,Dead
35010,Dead
35011,Dead
35012,Dead
35013,Dead
35014,Dead
35015,Dead
35016,Dead
35017,Dead
35018,Dead
35019,Dead
35020,Dead
35021,Dead
35022,Dead
35023,Dead
35024,Dead
35025,Dead
35026,Dead
35027,Dead
35028,Dead
35029,Dead
35030,Dead
35031,Dead
35032,Dead
35033,Dead
35034,Dead
35035,Dead
35036,Dead
35037,Dead
35038,Dead
35039,Dead
35040,Dead
35041,Dead
35042,Dead
35043,Dead
35044,Dead
35045,Dead
35046,Dead
35047,Dead
35048,Dead
35049,Dead
35050,Dead
35051,Dead
35052,Dead
35053,Dead
35054,Dead
35055,Dead
35056,Dead
35057,Dead
35058,Dead
35059,Dead
35060,Dead
35061,Dead
35062,Dead
35063,Dead
35064,Dead
35065,Dead
35066,Dead
35067,Dead
35068,Dead
35069,Dead
35070,Dead
35071,Dead
35072,Dead
35073,Dead
35074,Dead
35075,Dead
35076,Dead
35077,Dead
35078,Dead
35079,Dead
35080,Dead
35081,Dead
35082,Dead
35083,Dead
35084,Dead
35085,Dead
35086,Dead
35087,Dead
35088,Dead
35089,Dead
35090,Dead
35091,Dead
35092,Dead
35093,Dead
35094,Dead
35095,Dead
35096,Dead
35097,Dead
35098,Dead
35099,Dead
35100,Dead
35101,Dead
35102,Dead
35103,Dead
35104,Dead
35105,Dead
35106,Dead
35107,Dead
35108,Dead
35109,Dead
35110,Dead
35111,Dead
35112,Dead
35113,Dead
35114,Dead
35115,Dead
35116,Dead
35117,Dead
35118,Dead
35119,Dead
35120,Dead
35121,Dead
35122,Dead
35123,Dead
35124,Dead
35125,Dead
35126,Dead
35127,Dead
35128,Dead
35129,Dead
35130,Dead
35131,Dead
35132,Dead
35133,Dead
35134,Dead
35135,Dead
35136,Dead
35137,Dead
35138,Dead
35139,Dead
35140,Dead
35141,Dead
35142,Dead
35143,Dead
35144,Dead
35145,Dead
35146,Dead
35147,Dead
35148,Dead
35149,Dead
35150,Dead
35151,Dead
35152,Dead
35153,Dead
35154,Dead
35155,Dead
35156,Dead
35157,Dead
35158,Dead
35159,Dead
35160,Dead
35161,Dead
35162,Dead
35163,Dead
35164,Dead
35165,Dead
35166,Dead
35167,Dead
35168,Dead
35169,Dead
35170,Dead
35171,Dead
35172,Dead
35173,Dead
35174,Dead
35175,Dead
35176,Dead
35177,Dead
35178,Dead
35179,Dead
35180,Dead
35181,Dead
35182,Dead
35183,Dead
35184,Dead
35185,Dead
35186,Dead
35187,Dead
35188,Dead
35189,Dead
35190,Dead
35191,Dead
35192,Dead
35193,Dead
35194,Dead
35195,Dead
35196,Dead
35197,Dead
35198,Dead
35199,Dead
35200,Dead
35201,Dead
35202,Dead
35203,Dead
35204,Dead
35205,Dead
35206,Dead
35207,Dead
35208,Dead
35209,Dead
35210,Dead
35211,Dead
35212,Dead
35213,Dead
35214,Dead
35215,Dead
35216,Dead
35217,Dead
35218,Dead
35219,Dead
35220,Dead
35221,Dead
35222,Dead
35223,Dead
35224,Dead
35225,Dead
35226,Dead
35227,Dead
35228,Dead
35229,Dead
35230,Dead
35231,Dead
35232,Dead
35233,Dead
35234,Dead
35235,Dead
35236,Dead
35237,Dead
35238,Dead
35239,Dead
35240,Dead
35241,Dead
35242,Dead
35243,Dead
35244,Dead
35245,Dead
35246,Dead
35247,Dead
35248,Dead
35249,Dead
35250,Dead
35251,Dead
35252,Dead
35253,Dead
35254,Dead
35255,Dead
35256,Dead
35257,Dead
35258,Dead
35259,Dead
35260,Dead
35261,Dead
35262,Dead
35263,Dead
35264,Dead
35265,Dead
35266,Dead
35267,Dead
35268,Dead
35269,Dead
35270,Dead
35271,Dead
35272,Dead
35273,Dead
35274,Dead
35275,Dead
35276,Dead
35277,Dead
35278,Dead
35279,Dead
35280,Dead
35281,Dead
35282,Dead
35283,Dead
35284,Dead
35285,Dead
35286,Dead
35287,Dead
35288,Dead
35289,Dead
35290,Dead
35291,Dead
35292,Dead
35293,Dead
35294,Dead
35295,Dead
35296,Dead
35297,Dead
35298,Dead
35299,Dead
35300,Dead
35301,Dead
35302,Dead
35303,Dead
35304,Dead
35305,Dead
35306,Dead
35307,Dead
35308,Dead
35309,Dead
35310,Dead
35311,Dead
35312,Dead
35313,Dead
35314,Dead
35315,Dead
35316,Dead
35317,Dead
35318,Dead
35319,Dead
35320,Dead
35321,Dead
35322,Dead
35323,Dead
35324,Dead
35325,Dead
35326,Dead
35327,Dead
35328,Dead
35329,Dead
35330,Dead
35331,Dead
35332,Dead
35333,Dead
35334,Dead
35335,Dead
35336,Dead
35337,Dead
35338,Dead
35339,Dead
35340,Dead
35341,Dead
35342,Dead
35343,Dead
35344,Dead
35345,Dead
35346,Dead
35347,Dead
35348,Dead
35349,Dead
35350,Dead
35351,Dead
35352,Dead
35353,Dead
35354,Dead
35355,Dead
35356,Dead
35357,Dead
35358,Dead
35359,Dead
35360,Dead
35361,Dead
35362,Dead
35363,Dead
35364,Dead
35365,Dead
35366,Dead
35367,Dead
35368,Dead
35369,Dead
35370,Dead
35371,Dead
35372,Dead
35373,Dead
35374,Dead
35375,Dead
35376,Dead
35377,Dead
35378,Dead
35379,Dead
35380,Dead
35381,Dead
35382,Dead
35383,Dead
35384,Dead
35385,Dead
35386,Dead
35387,Dead
35388,Dead
35389,Dead
35390,Dead
35391,Dead
35392,Dead
35393,Dead
35394,Dead
35395,Dead
35396,Dead
35397,Dead
35398,Dead
35399,Dead
35400,Dead
35401,Dead
35402,Dead
35403,Dead
35404,Dead
35405,Dead
35406,Dead
35407,Dead
35408,Dead
35409,Dead
35410,Dead
35411,Dead
35412,Dead
35413,Dead
35414,Dead
35415,Dead
35416,Dead
35417,Dead
35418,Dead
35419,Dead
35420,Dead
35421,Dead
35422,Dead
35423,Dead
35424,Dead
35425,Dead
35426,Dead
35427,Dead
35428,Dead
35429,Dead
35430,Dead
35431,Dead
35432,Dead
35433,Dead
35434,Dead
35435,Dead
35436,Dead
35437,Dead
35438,Dead
35439,Dead
35440,Dead
35441,Dead
35442,Dead
35443,Dead
35444,Dead
35445,Dead
35446,Dead
35447,Dead
35448,Dead
35449,Dead
35450,Dead
35451,Dead
35452,Dead
35453,Dead
35454,Dead
35455,Dead
35456,Dead
35457,Dead
35458,Dead
35459,Dead
35460,Dead
35461,Dead
35462,Dead
35463,Dead
35464,Dead
35465,Dead
35466,Dead
35467,Dead
35468,Dead
35469,Dead
35470,Dead
35471,Dead
35472,Dead
35473,Dead
35474,Dead
35475,Dead
35476,Dead
35477,Dead
35478,Dead
35479,Dead
35480,Dead
35481,Dead
35482,Dead
35483,Dead
35484,Dead
35485,Dead
35486,Dead
35487,Dead
35488,Dead
35489,Dead
35490,Dead
35491,Dead
35492,Dead
35493,Dead
35494,Dead
35495,Dead
35496,Dead
35497,Dead
35498,Dead
35499,Dead
35500,Dead
35501,Dead
35502,Dead
35503,Dead
35504,Dead
35505,Dead
35506,Dead
35507,Dead
35508,Dead
35509,Dead
35510,Dead
35511,Dead
35512,Dead
35513,Dead
35514,Dead
35515,Dead
35516,Dead
35517,Dead
35518,Dead
35519,Dead
35520,Dead
35521,Dead
35522,Dead
35523,Dead
35524,Dead
35525,Dead
35526,Dead
35527,Dead
35528,Dead
35529,Dead
35530,Dead
35531,Dead
35532,Dead
35533,Dead
35534,Dead
35535,Dead
35536,Dead
35537,Dead
35538,Dead
35539,Dead
35540,Dead
35541,Dead
35542,Dead
35543,Dead
35544,Dead
35545,Dead
35546,Dead
35547,Dead
35548,Dead
35549,Dead
35550,Dead
35551,Dead
35552,Dead
35553,Dead
35554,Dead
35555,Dead
35556,Dead
35557,Dead
35558,Dead
35559,Dead
35560,Dead
35561,Dead
35562,Dead
35563,Dead
35564,Dead
35565,Dead
35566,Dead
35567,Dead
35568,Dead
35569,Dead
35570,Dead
35571,Dead
35572,Dead
35573,Dead
35574,Dead
35575,Dead
35576,Dead
35577,Dead
35578,Dead
35579,Dead
35580,Dead
35581,Dead
35582,Dead
35583,Dead
35584,Dead
35585,Dead
35586,Dead
35587,Dead
35588,Dead
35589,Dead
35590,Dead
35591,Dead
35592,Dead
35593,Dead
35594,Dead
35595,Dead
35596,Dead
35597,Dead
35598,Dead
35599,Dead
35600,Dead
35601,Dead
35602,Dead
35603,Dead
35604,Dead
35605,Dead
35606,Dead
35607,Dead
35608,Dead
35609,Dead
35610,Dead
35611,Dead
35612,Dead
35613,Dead
35614,Dead
35615,Dead
35616,Dead
35617,Dead
35618,Dead
35619,Dead
35620,Dead
35621,Dead
35622,Dead
35623,Dead
35624,Dead
35625,Dead
35626,Dead
35627,Dead
35628,Dead
35629,Dead
35630,Dead
35631,Dead
35632,Dead
35633,Dead
35634,Dead
35635,Dead
35636,Dead
35637,Dead
35638,Dead
35639,Dead
35640,Dead
35641,Dead
35642,Dead
35643,Dead
35644,Dead
35645,Dead
35646,Dead
35647,Dead
35648,Dead
35649,Dead
35650,Dead
35651,Dead
35652,Dead
35653,Dead
35654,Dead
35655,Dead
35656,Dead
35657,Dead
35658,Dead
35659,Dead
35660,Dead
35661,Dead
35662,Dead
35663,Dead
35664,Dead
35665,Dead
35666,Dead
35667,Dead
35668,Dead
35669,Dead
35670,Dead
35671,Dead
35672,Dead
35673,Dead
35674,Dead
35675,Dead
35676,Dead
35677,Dead
35678,Dead
35679,Dead
35680,Dead
35681,Dead
35682,Dead
35683,Dead
35684,Dead
35685,Dead
35686,Dead
35687,Dead
35688,Dead
35689,Dead
35690,Dead
35691,Dead
35692,Dead
35693,Dead
35694,Dead
35695,Dead
35696,Dead
35697,Dead
35698,Dead
35699,Dead
35700,Dead
35701,Dead
35702,Dead
35703,Dead
35704,Dead
35705,Dead
35706,Dead
35707,Dead
35708,Dead
35709,Dead
35710,Dead
35711,Dead
35712,Dead
35713,Dead
35714,Dead
35715,Dead
35716,Dead
35717,Dead
35718,Dead
35719,Dead
35720,Dead
35721,Dead
35722,Dead
35723,Dead
35724,Dead
35725,Dead
35726,Dead
35727,Dead
35728,Dead
35729,Dead
35730,Dead
35731,Dead
35732,Dead
35733,Dead
35734,Dead
35735,Dead
35736,Dead
35737,Dead
35738,Dead
35739,Dead
35740,Dead
35741,Dead
35742,Dead
35743,Dead
35744,Dead
35745,Dead
35746,Dead
35747,Dead
35748,Dead
35749,Dead
35750,Dead
35751,Dead
35752,Dead
35753,Dead
35754,Dead
35755,Dead
35756,Dead
35757,Dead
35758,Dead
35759,Dead
35760,Dead
35761,Dead
35762,Dead
35763,Dead
35764,Dead
35765,Dead
35766,Dead
35767,Dead
35768,Dead
35769,Dead
35770,Dead
35771,Dead
35772,Dead
35773,Dead
35774,Dead
35775,Dead
35776,Dead
35777,Dead
35778,Dead
35779,Dead
35780,Dead
35781,Dead
35782,Dead
35783,Dead
35784,Dead
35785,Dead
35786,Dead
35787,Dead
35788,Dead
35789,Dead
35790,Dead
35791,Dead
35792,Dead
35793,Dead
35794,Dead
35795,Dead
35796,Dead
35797,Dead
35798,Dead
35799,Dead
35800,Dead
35801,Dead
35802,Dead
35803,Dead
35804,Dead
35805,Dead
35806,Dead
35807,Dead
35808,Dead
35809,Dead
35810,Dead
35811,Dead
35812,Dead
35813,Dead
35814,Dead
35815,Dead
35816,Dead
35817,Dead
35818,Dead
35819,Dead
35820,Dead
35821,Dead
35822,Dead
35823,Dead
35824,Dead
35825,Dead
35826,Dead
35827,Dead
35828,Dead
35829,Dead
35830,Dead
35831,Dead
35832,Dead
35833,Dead
35834,Dead
35835,Dead
35836,Dead
35837,Dead
35838,Dead
35839,Dead
35840,Dead
35841,Dead
35842,Dead
35843,Dead
35844,Dead
35845,Dead
35846,Dead
35847,Dead
35848,Dead
35849,Dead
35850,Dead
35851,Dead
35852,Dead
35853,Dead
35854,Dead
35855,Dead
35856,Dead
35857,Dead
35858,Dead
35859,Dead
35860,Dead
35861,Dead
35862,Dead
35863,Dead
35864,Dead
35865,Dead
35866,Dead
35867,Dead
35868,Dead
35869,Dead
35870,Dead
35871,Dead
35872,Dead
35873,Dead
35874,Dead
35875,Dead
35876,Dead
35877,Dead
35878,Dead
35879,Dead
35880,Dead
35881,Dead
35882,Dead
35883,Dead
35884,Dead
35885,Dead
35886,Dead
35887,Dead
35888,Dead
35889,Dead
35890,Dead
35891,Dead
35892,Dead
35893,Dead
35894,Dead
35895,Dead
35896,Dead
35897,Dead
35898,Dead
35899,Dead
35900,Dead
35901,Dead
35902,Dead
35903,Dead
35904,Dead
35905,Dead
35906,Dead
35907,Dead
35908,Dead
35909,Dead
35910,Dead
35911,Dead
35912,Dead
35913,Dead
35914,Dead
35915,Dead
35916,Dead
35917,Dead
35918,Dead
35919,Dead
35920,Dead
35921,Dead
35922,Dead
35923,Dead
35924,Dead
35925,Dead
35926,Dead
35927,Dead
35928,Dead
35929,Dead
35930,Dead
35931,Dead
35932,Dead
35933,Dead
35934,Dead
35935,Dead
35936,Dead
35937,Dead
35938,Dead
35939,Dead
35940,Dead
35941,Dead
35942,Dead
35943,Dead
35944,Dead
35945,Dead
35946,Dead
35947,Dead
35948,Dead
35949,Dead
35950,Dead
35951,Dead
35952,Dead
35953,Dead
35954,Dead
35955,Dead
35956,Dead
35957,Dead
35958,Dead
35959,Dead
35960,Dead
35961,Dead
35962,Dead
35963,Dead
35964,Dead
35965,Dead
35966,Dead
35967,Dead
35968,Dead
35969,Dead
35970,Dead
35971,Dead
35972,Dead
35973,Dead
35974,Dead
35975,Dead
35976,Dead
35977,Dead
35978,Dead
35979,Dead
35980,Dead
35981,Dead
35982,Dead
35983,Dead
35984,Dead
35985,Dead
35986,Dead
35987,Dead
35988,Dead
35989,Dead
35990,Dead
35991,Dead
35992,Dead
35993,Dead
35994,Dead
35995,Dead
35996,Dead
35997,Dead
35998,Dead
35999,Dead
36000,Dead
36001,Dead
36002,Dead
36003,Dead
36004,Dead
36005,Dead
36006,Dead
36007,Dead
36008,Dead
36009,Dead
36010,Dead
36011,Dead
36012,Dead
36013,Dead
36014,Dead
36015,Dead
36016,Dead
36017,Dead
36018,Dead
36019,Dead
36020,Dead
36021,Dead
36022,Dead
36023,Dead
36024,Dead
36025,Dead
36026,Dead
36027,Dead
36028,Dead
36029,Dead
36030,Dead
36031,Dead
36032,Dead
36033,Dead
36034,Dead
36035,Dead
36036,Dead
36037,Dead
36038,Dead
36039,Dead
36040,Dead
36041,Dead
36042,Dead
36043,Dead
36044,Dead
36045,Dead
36046,Dead
36047,Dead
36048,Dead
36049,Dead
36050,Dead
36051,Dead
36052,Dead
36053,Dead
36054,Dead
36055,Dead
36056,Dead
36057,Dead
36058,Dead
36059,Dead
36060,Dead
36061,Dead
36062,Dead
36063,Dead
36064,Dead
36065,Dead
36066,Dead
36067,Dead
36068,Dead
36069,Dead
36070,Dead
36071,Dead
36072,Dead
36073,Dead
36074,Dead
36075,Dead
36076,Dead
36077,Dead
36078,Dead
36079,Dead
36080,Dead
36081,Dead
36082,Dead
36083,Dead
36084,Dead
36085,Dead
36086,Dead
36087,Dead
36088,Dead
36089,Dead
36090,Dead
36091,Dead
36092,Dead
36093,Dead
36094,Dead
36095,Dead
36096,Dead
36097,Dead
36098,Dead
36099,Dead
36100,Dead
36101,Dead
36102,Dead
36103,Dead
36104,Dead
36105,Dead
36106,Dead
36107,Dead
36108,Dead
36109,Dead
36110,Dead
36111,Dead
36112,Dead
36113,Dead
36114,Dead
36115,Dead
36116,Dead
36117,Dead
36118,Dead
36119,Dead
36120,Dead
36121,Dead
36122,Dead
36123,Dead
36124,Dead
36125,Dead
36126,Dead
36127,Dead
36128,Dead
36129,Dead
36130,Dead
36131,Dead
36132,Dead
36133,Dead
36134,Dead
36135,Dead
36136,Dead
36137,Dead
36138,Dead
36139,Dead
36140,Dead
36141,Dead
36142,Dead
36143,Dead
36144,Dead
36145,Dead
36146,Dead
36147,Dead
36148,Dead
36149,Dead
36150,Dead
36151,Dead
36152,Dead
36153,Dead
36154,Dead
36155,Dead
36156,Dead
36157,Dead
36158,Dead
36159,Dead
36160,Dead
36161,Dead
36162,Dead
36163,Dead
36164,Dead
36165,Dead
36166,Dead
36167,Dead
36168,Dead
36169,Dead
36170,Dead
36171,Dead
36172,Dead
36173,Dead
36174,Dead
36175,Dead
36176,Dead
36177,Dead
36178,Dead
36179,Dead
36180,Dead
36181,Dead
36182,Dead
36183,Dead
36184,Dead
36185,Dead
36186,Dead
36187,Dead
36188,Dead
36189,Dead
36190,Dead
36191,Dead
36192,Dead
36193,Dead
36194,Dead
36195,Dead
36196,Dead
36197,Dead
36198,Dead
36199,Dead
36200,Dead
36201,Dead
36202,Dead
36203,Dead
36204,Dead
36205,Dead
36206,Dead
36207,Dead
36208,Dead
36209,Dead
36210,Dead
36211,Dead
36212,Dead
36213,Dead
36214,Dead
36215,Dead
36216,Dead
36217,Dead
36218,Dead
36219,Dead
36220,Dead
36221,Dead
36222,Dead
36223,Dead
36224,Dead
36225,Dead
36226,Dead
36227,Dead
36228,Dead
36229,Dead
36230,Dead
36231,Dead
36232,Dead
36233,Dead
36234,Dead
36235,Dead
36236,Dead
36237,Dead
36238,Dead
36239,Dead
36240,Dead
36241,Dead
36242,Dead
36243,Dead
36244,Dead
36245,Dead
36246,Dead
36247,Dead
36248,Dead
36249,Dead
36250,Dead
36251,Dead
36252,Dead
36253,Dead
36254,Dead
36255,Dead
36256,Dead
36257,Dead
36258,Dead
36259,Dead
36260,Dead
36261,Dead
36262,Dead
36263,Dead
36264,Dead
36265,Dead
36266,Dead
36267,Dead
36268,Dead
36269,Dead
36270,Dead
36271,Dead
36272,Dead
36273,Dead
36274,Dead
36275,Dead
36276,Dead
36277,Dead
36278,Dead
36279,Dead
36280,Dead
36281,Dead
36282,Dead
36283,Dead
36284,Dead
36285,Dead
36286,Dead
36287,Dead
36288,Dead
36289,Dead
36290,Dead
36291,Dead
36292,Dead
36293,Dead
36294,Dead
36295,Dead
36296,Dead
36297,Dead
36298,Dead
36299,Dead
36300,Dead
36301,Dead
36302,Dead
36303,Dead
36304,Dead
36305,Dead
36306,Dead
36307,Dead
36308,Dead
36309,Dead
36310,Dead
36311,Dead
36312,Dead
36313,Dead
36314,Dead
36315,Dead
36316,Dead
36317,Dead
36318,Dead
36319,Dead
36320,Dead
36321,Dead
36322,Dead
36323,Dead
36324,Dead
36325,Dead
36326,Dead
36327,Dead
36328,Dead
36329,Dead
36330,Dead
36331,Dead
36332,Dead
36333,Dead
36334,Dead
36335,Dead
36336,Dead
36337,Dead
36338,Dead
36339,Dead
36340,Dead
36341,Dead
36342,Dead
36343,Dead
36344,Dead
36345,Dead
36346,Dead
36347,Dead
36348,Dead
36349,Dead
36350,Dead
36351,Dead
36352,Dead
36353,Dead
36354,Dead
36355,Dead
36356,Dead
36357,Dead
36358,Dead
36359,Dead
36360,Dead
36361,Dead
36362,Dead
36363,Dead
36364,Dead
36365,Dead
36366,Dead
36367,Dead
36368,Dead
36369,Dead
36370,Dead
36371,Dead
36372,Dead
36373,Dead
36374,Dead
36375,Dead
36376,Dead
36377,Dead
36378,Dead
36379,Dead
36380,Dead
36381,Dead
36382,Dead
36383,Dead
36384,Dead
36385,Dead
36386,Dead
36387,Dead
36388,Dead
36389,Dead
36390,Dead
36391,Dead
36392,Dead
36393,Dead
36394,Dead
36395,Dead
36396,Dead
36397,Dead
36398,Dead
36399,Dead
36400,Dead
36401,Dead
36402,Dead
36403,Dead
36404,Dead
36405,Dead
36406,Dead
36407,Dead
36408,Dead
36409,Dead
36410,Dead
36411,Dead
36412,Dead
36413,Dead
36414,Dead
36415,Dead
36416,Dead
36417,Dead
36418,Dead
36419,Dead
36420,Dead
36421,Dead
36422,Dead
36423,Dead
36424,Dead
36425,Dead
36426,Dead
36427,Dead
36428,Dead
36429,Dead
36430,Dead
36431,Dead
36432,Dead
36433,Dead
36434,Dead
36435,Dead
36436,Dead
36437,Dead
36438,Dead
36439,Dead
36440,Dead
36441,Dead
36442,Dead
36443,Dead
36444,Dead
36445,Dead
36446,Dead
36447,Dead
36448,Dead
36449,Dead
36450,Dead
36451,Dead
36452,Dead
36453,Dead
36454,Dead
36455,Dead
36456,Dead
36457,Dead
36458,Dead
36459,Dead
36460,Dead
36461,Dead
36462,Dead
36463,Dead
36464,Dead
36465,Dead
36466,Dead
36467,Dead
36468,Dead
36469,Dead
36470,Dead
36471,Dead
36472,Dead
36473,Dead
36474,Dead
36475,Dead
36476,Dead
36477,Dead
36478,Dead
36479,Dead
36480,Dead
36481,Dead
36482,Dead
36483,Dead
36484,Dead
36485,Dead
36486,Dead
36487,Dead
36488,Dead
36489,Dead
36490,Dead
36491,Dead
36492,Dead
36493,Dead
36494,Dead
36495,Dead
36496,Dead
36497,Dead
36498,Dead
36499,Dead
36500,Dead
36501,Dead
36502,Dead
36503,Dead
36504,Dead
36505,Dead
36506,Dead
36507,Dead
36508,Dead
36509,Dead
36510,Dead
36511,Dead
36512,Dead
36513,Dead
36514,Dead
36515,Dead
36516,Dead
36517,Dead
36518,Dead
36519,Dead
36520,Dead
36521,Dead
36522,Dead
36523,Dead
36524,Dead
36525,Dead
36526,Dead
36527,Dead
36528,Dead
36529,Dead
36530,Dead
36531,Dead
36532,Dead
36533,Dead
36534,Dead
36535,Dead
36536,Dead
36537,Dead
36538,Dead
36539,Dead
36540,Dead
36541,Dead
36542,Dead
36543,Dead
36544,Dead
36545,Dead
36546,Dead
36547,Dead
36548,Dead
36549,Dead
36550,Dead
36551,Dead
36552,Dead
36553,Dead
36554,Dead
36555,Dead
36556,Dead
36557,Dead
36558,Dead
36559,Dead
36560,Dead
36561,Dead
36562,Dead
36563,Dead
36564,Dead
36565,Dead
36566,Dead
36567,Dead
36568,Dead
36569,Dead
36570,Dead
36571,Dead
36572,Dead
36573,Dead
36574,Dead
36575,Dead
36576,Dead
36577,Dead
36578,Dead
36579,Dead
36580,Dead
36581,Dead
36582,Dead
36583,Dead
36584,Dead
36585,Dead
36586,Dead
36587,Dead
36588,Dead
36589,Dead
36590,Dead
36591,Dead
36592,Dead
36593,Dead
36594,Dead
36595,Dead
36596,Dead
36597,Dead
36598,Dead
36599,Dead
36600,Dead
36601,Dead
36602,Dead
36603,Dead
36604,Dead
36605,Dead
36606,Dead
36607,Dead
36608,Dead
36609,Dead
36610,Dead
36611,Dead
36612,Dead
36613,Dead
36614,Dead
36615,Dead
36616,Dead
36617,Dead
36618,Dead
36619,Dead
36620,Dead
36621,Dead
36622,Dead
36623,Dead
36624,Dead
36625,Dead
36626,Dead
36627,Dead
36628,Dead
36629,Dead
36630,Dead
36631,Dead
36632,Dead
36633,Dead
36634,Dead
36635,Dead
36636,Dead
36637,Dead
36638,Dead
36639,Dead
36640,Dead
36641,Dead
36642,Dead
36643,Dead
36644,Dead
36645,Dead
36646,Dead
36647,Dead
36648,Dead
36649,Dead
36650,Dead
36651,Dead
36652,Dead
36653,Dead
36654,Dead
36655,Dead
36656,Dead
36657,Dead
36658,Dead
36659,Dead
36660,Dead
36661,Dead
36662,Dead
36663,Dead
36664,Dead
36665,Dead
36666,Dead
36667,Dead
36668,Dead
36669,Dead
36670,Dead
36671,Dead
36672,Dead
36673,Dead
36674,Dead
36675,Dead
36676,Dead
36677,Dead
36678,Dead
36679,Dead
36680,Dead
36681,Dead
36682,Dead
36683,Dead
36684,Dead
36685,Dead
36686,Dead
36687,Dead
36688,Dead
36689,Dead
36690,Dead
36691,Dead
36692,Dead
36693,Dead
36694,Dead
36695,Dead
36696,Dead
36697,Dead
36698,Dead
36699,Dead
36700,Dead
36701,Dead
36702,Dead
36703,Dead
36704,Dead
36705,Dead
36706,Dead
36707,Dead
36708,Dead
36709,Dead
36710,Dead
36711,Dead
36712,Dead
36713,Dead
36714,Dead
36715,Dead
36716,Dead
36717,Dead
36718,Dead
36719,Dead
36720,Dead
36721,Dead
36722,Dead
36723,Dead
36724,Dead
36725,Dead
36726,Dead
36727,Dead
36728,Dead
36729,Dead
36730,Dead
36731,Dead
36732,Dead
36733,Dead
36734,Dead
36735,Dead
36736,Dead
36737,Dead
36738,Dead
36739,Dead
36740,Dead
36741,Dead
36742,Dead
36743,Dead
36744,Dead
36745,Dead
36746,Dead
36747,Dead
36748,Dead
36749,Dead
36750,Dead
36751,Dead
36752,Dead
36753,Dead
36754,Dead
36755,Dead
36756,Dead
36757,Dead
36758,Dead
36759,Dead
36760,Dead
36761,Dead
36762,Dead
36763,Dead
36764,Dead
36765,Dead
36766,Dead
36767,Dead
36768,Dead
36769,Dead
36770,Dead
36771,Dead
36772,Dead
36773,Dead
36774,Dead
36775,Dead
36776,Dead
36777,Dead
36778,Dead
36779,Dead
36780,Dead
36781,Dead
36782,Dead
36783,Dead
36784,Dead
36785,Dead
36786,Dead
36787,Dead
36788,Dead
36789,Dead
36790,Dead
36791,Dead
36792,Dead
36793,Dead
36794,Dead
36795,Dead
36796,Dead
36797,Dead
36798,Dead
36799,Dead
36800,Dead
36801,Dead
36802,Dead
36803,Dead
36804,Dead
36805,Dead
36806,Dead
36807,Dead
36808,Dead
36809,Dead
36810,Dead
36811,Dead
36812,Dead
36813,Dead
36814,Dead
36815,Dead
36816,Dead
36817,Dead
36818,Dead
36819,Dead
36820,Dead
36821,Dead
36822,Dead
36823,Dead
36824,Dead
36825,Dead
36826,Dead
36827,Dead
36828,Dead
36829,Dead
36830,Dead
36831,Dead
36832,Dead
36833,Dead
36834,Dead
36835,Dead
36836,Dead
36837,Dead
36838,Dead
36839,Dead
36840,Dead
36841,Dead
36842,Dead
36843,Dead
36844,Dead
36845,Dead
36846,Dead
36847,Dead
36848,Dead
36849,Dead
36850,Dead
36851,Dead
36852,Dead
36853,Dead
36854,Dead
36855,Dead
36856,Dead
36857,Dead
36858,Dead
36859,Dead
36860,Dead
36861,Dead
36862,Dead
36863,Dead
36864,Dead
36865,Dead
36866,Dead
36867,Dead
36868,Dead
36869,Dead
36870,Dead
36871,Dead
36872,Dead
36873,Dead
36874,Dead
36875,Dead
36876,Dead
36877,Dead
36878,Dead
36879,Dead
36880,Dead
36881,Dead
36882,Dead
36883,Dead
36884,Dead
36885,Dead
36886,Dead
36887,Dead
36888,Dead
36889,Dead
36890,Dead
36891,Dead
36892,Dead
36893,Dead
36894,Dead
36895,Dead
36896,Dead
36897,Dead
36898,Dead
36899,Dead
36900,Dead
36901,Dead
36902,Dead
36903,Dead
36904,Dead
36905,Dead
36906,Dead
36907,Dead
36908,Dead
36909,Dead
36910,Dead
36911,Dead
36912,Dead
36913,Dead
36914,Dead
36915,Dead
36916,Dead
36917,Dead
36918,Dead
36919,Dead
36920,Dead
36921,Dead
36922,Dead
36923,Dead
36924,Dead
36925,Dead
36926,Dead
36927,Dead
36928,Dead
36929,Dead
36930,Dead
36931,Dead
36932,Dead
36933,Dead
36934,Dead
36935,Dead
36936,Dead
36937,Dead
36938,Dead
36939,Dead
36940,Dead
36941,Dead
36942,Dead
36943,Dead
36944,Dead
36945,Dead
36946,Dead
36947,Dead
36948,Dead
36949,Dead
36950,Dead
36951,Dead
36952,Dead
36953,Dead
36954,Dead
36955,Dead
36956,Dead
36957,Dead
36958,Dead
36959,Dead
36960,Dead
36961,Dead
36962,Dead
36963,Dead
36964,Dead
36965,Dead
36966,Dead
36967,Dead
36968,Dead
36969,Dead
36970,Dead
36971,Dead
36972,Dead
36973,Dead
36974,Dead
36975,Dead
36976,Dead
36977,Dead
36978,Dead
36979,Dead
36980,Dead
36981,Dead
36982,Dead
36983,Dead
36984,Dead
36985,Dead
36986,Dead
36987,Dead
36988,Dead
36989,Dead
36990,Dead
36991,Dead
36992,Dead
36993,Dead
36994,Dead
36995,Dead
36996,Dead
36997,Dead
36998,Dead
36999,Dead
37000,Dead
37001,Dead
37002,Dead
37003,Dead
37004,Dead
37005,Dead
37006,Dead
37007,Dead
37008,Dead
37009,Dead
37010,Dead
37011,Dead
37012,Dead
37013,Dead
37014,Dead
37015,Dead
37016,Dead
37017,Dead
37018,Dead
37019,Dead
37020,Dead
37021,Dead
37022,Dead
37023,Dead
37024,Dead
37025,Dead
37026,Dead
37027,Dead
37028,Dead
37029,Dead
37030,Dead
37031,Dead
37032,Dead
37033,Dead
37034,Dead
37035,Dead
37036,Dead
37037,Dead
37038,Dead
37039,Dead
37040,Dead
37041,Dead
37042,Dead
37043,Dead
37044,Dead
37045,Dead
37046,Dead
37047,Dead
37048,Dead
37049,Dead
37050,Dead
37051,Dead
37052,Dead
37053,Dead
37054,Dead
37055,Dead
37056,Dead
37057,Dead
37058,Dead
37059,Dead
37060,Dead
37061,Dead
37062,Dead
37063,Dead
37064,Dead
37065,Dead
37066,Dead
37067,Dead
37068,Dead
37069,Dead
37070,Dead
37071,Dead
37072,Dead
37073,Dead
37074,Dead
37075,Dead
37076,Dead
37077,Dead
37078,Dead
37079,Dead
37080,Dead
37081,Dead
37082,Dead
37083,Dead
37084,Dead
37085,Dead
37086,Dead
37087,Dead
37088,Dead
37089,Dead
37090,Dead
37091,Dead
37092,Dead
37093,Dead
37094,Dead
37095,Dead
37096,Dead
37097,Dead
37098,Dead
37099,Dead
37100,Dead
37101,Dead
37102,Dead
37103,Dead
37104,Dead
37105,Dead
37106,Dead
37107,Dead
37108,Dead
37109,Dead
37110,Dead
37111,Dead
37112,Dead
37113,Dead
37114,Dead
37115,Dead
37116,Dead
37117,Dead
37118,Dead
37119,Dead
37120,Dead
37121,Dead
37122,Dead
37123,Dead
37124,Dead
37125,Dead
37126,Dead
37127,Dead
37128,Dead
37129,Dead
37130,Dead
37131,Dead
37132,Dead
37133,Dead
37134,Dead
37135,Dead
37136,Dead
37137,Dead
37138,Dead
37139,Dead
37140,Dead
37141,Dead
37142,Dead
37143,Dead
37144,Dead
37145,Dead
37146,Dead
37147,Dead
37148,Dead
37149,Dead
37150,Dead
37151,Dead
37152,Dead
37153,Dead
37154,Dead
37155,Dead
37156,Dead
37157,Dead
37158,Dead
37159,Dead
37160,Dead
37161,Dead
37162,Dead
37163,Dead
37164,Dead
37165,Dead
37166,Dead
37167,Dead
37168,Dead
37169,Dead
37170,Dead
37171,Dead
37172,Dead
37173,Dead
37174,Dead
37175,Dead
37176,Dead
37177,Dead
37178,Dead
37179,Dead
37180,Dead
37181,Dead
37182,Dead
37183,Dead
37184,Dead
37185,Dead
37186,Dead
37187,Dead
37188,Dead
37189,Dead
37190,Dead
37191,Dead
37192,Dead
37193,Dead
37194,Dead
37195,Dead
37196,Dead
37197,Dead
37198,Dead
37199,Dead
37200,Dead
37201,Dead
37202,Dead
37203,Dead
37204,Dead
37205,Dead
37206,Dead
37207,Dead
37208,Dead
37209,Dead
37210,Dead
37211,Dead
37212,Dead
37213,Dead
37214,Dead
37215,Dead
37216,Dead
37217,Dead
37218,Dead
37219,Dead
37220,Dead
37221,Dead
37222,Dead
37223,Dead
37224,Dead
37225,Dead
37226,Dead
37227,Dead
37228,Dead
37229,Dead
37230,Dead
37231,Dead
37232,Dead
37233,Dead
37234,Dead
37235,Dead
37236,Dead
37237,Dead
37238,Dead
37239,Dead
37240,Dead
37241,Dead
37242,Dead
37243,Dead
37244,Dead
37245,Dead
37246,Dead
37247,Dead
37248,Dead
37249,Dead
37250,Dead
37251,Dead
37252,Dead
37253,Dead
37254,Dead
37255,Dead
37256,Dead
37257,Dead
37258,Dead
37259,Dead
37260,Dead
37261,Dead
37262,Dead
37263,Dead
37264,Dead
37265,Dead
37266,Dead
37267,Dead
37268,Dead
37269,Dead
37270,Dead
37271,Dead
37272,Dead
37273,Dead
37274,Dead
37275,Dead
37276,Dead
37277,Dead
37278,Dead
37279,Dead
37280,Dead
37281,Dead
37282,Dead
37283,Dead
37284,Dead
37285,Dead
37286,Dead
37287,Dead
37288,Dead
37289,Dead
37290,Dead
37291,Dead
37292,Dead
37293,Dead
37294,Dead
37295,Dead
37296,Dead
37297,Dead
37298,Dead
37299,Dead
37300,Dead
37301,Dead
37302,Dead
37303,Dead
37304,Dead
37305,Dead
37306,Dead
37307,Dead
37308,Dead
37309,Dead
37310,Dead
37311,Dead
37312,Dead
37313,Dead
37314,Dead
37315,Dead
37316,Dead
37317,Dead
37318,Dead
37319,Dead
37320,Dead
37321,Dead
37322,Dead
37323,Dead
37324,Dead
37325,Dead
37326,Dead
37327,Dead
37328,Dead
37329,Dead
37330,Dead
37331,Dead
37332,Dead
37333,Dead
37334,Dead
37335,Dead
37336,Dead
37337,Dead
37338,Dead
37339,Dead
37340,Dead
37341,Dead
37342,Dead
37343,Dead
37344,Dead
37345,Dead
37346,Dead
37347,Dead
37348,Dead
37349,Dead
37350,Dead
37351,Dead
37352,Dead
37353,Dead
37354,Dead
37355,Dead
37356,Dead
37357,Dead
37358,Dead
37359,Dead
37360,Dead
37361,Dead
37362,Dead
37363,Dead
37364,Dead
37365,Dead
37366,Dead
37367,Dead
37368,Dead
37369,Dead
37370,Dead
37371,Dead
37372,Dead
37373,Dead
37374,Dead
37375,Dead
37376,Dead
37377,Dead
37378,Dead
37379,Dead
37380,Dead
37381,Dead
37382,Dead
37383,Dead
37384,Dead
37385,Dead
37386,Dead
37387,Dead
37388,Dead
37389,Dead
37390,Dead
37391,Dead
37392,Dead
37393,Dead
37394,Dead
37395,Dead
37396,Dead
37397,Dead
37398,Dead
37399,Dead
37400,Dead
37401,Dead
37402,Dead
37403,Dead
37404,Dead
37405,Dead
37406,Dead
37407,Dead
37408,Dead
37409,Dead
37410,Dead
37411,Dead
37412,Dead
37413,Dead
37414,Dead
37415,Dead
37416,Dead
37417,Dead
37418,Dead
37419,Dead
37420,Dead
37421,Dead
37422,Dead
37423,Dead
37424,Dead
37425,Dead
37426,Dead
37427,Dead
37428,Dead
37429,Dead
37430,Dead
37431,Dead
37432,Dead
37433,Dead
37434,Dead
37435,Dead
37436,Dead
37437,Dead
37438,Dead
37439,Dead
37440,Dead
37441,Dead
37442,Dead
37443,Dead
37444,Dead
37445,Dead
37446,Dead
37447,Dead
37448,Dead
37449,Dead
37450,Dead
37451,Dead
37452,Dead
37453,Dead
37454,Dead
37455,Dead
37456,Dead
37457,Dead
37458,Dead
37459,Dead
37460,Dead
37461,Dead
37462,Dead
37463,Dead
37464,Dead
37465,Dead
37466,Dead
37467,Dead
37468,Dead
37469,Dead
37470,Dead
37471,Dead
37472,Dead
37473,Dead
37474,Dead
37475,Dead
37476,Dead
37477,Dead
37478,Dead
37479,Dead
37480,Dead
37481,Dead
37482,Dead
37483,Dead
37484,Dead
37485,Dead
37486,Dead
37487,Dead
37488,Dead
37489,Dead
37490,Dead
37491,Dead
37492,Dead
37493,Dead
37494,Dead
37495,Dead
37496,Dead
37497,Dead
37498,Dead
37499,Dead
37500,Dead
37501,Dead
37502,Dead
37503,Dead
37504,Dead
37505,Dead
37506,Dead
37507,Dead
37508,Dead
37509,Dead
37510,Dead
37511,Dead
37512,Dead
37513,Dead
37514,Dead
37515,Dead
37516,Dead
37517,Dead
37518,Dead
37519,Dead
37520,Dead
37521,Dead
37522,Dead
37523,Dead
37524,Dead
37525,Dead
37526,Dead
37527,Dead
37528,Dead
37529,Dead
37530,Dead
37531,Dead
37532,Dead
37533,Dead
37534,Dead
37535,Dead
37536,Dead
37537,Dead
37538,Dead
37539,Dead
37540,Dead
37541,Dead
37542,Dead
37543,Dead
37544,Dead
37545,Dead
37546,Dead
37547,Dead
37548,Dead
37549,Dead
37550,Dead
37551,Dead
37552,Dead
37553,Dead
37554,Dead
37555,Dead
37556,Dead
37557,Dead
37558,Dead
37559,Dead
37560,Dead
37561,Dead
37562,Dead
37563,Dead
37564,Dead
37565,Dead
37566,Dead
37567,Dead
37568,Dead
37569,Dead
37570,Dead
37571,Dead
37572,Dead
37573,Dead
37574,Dead
37575,Dead
37576,Dead
37577,Dead
37578,Dead
37579,Dead
37580,Dead
37581,Dead
37582,Dead
37583,Dead
37584,Dead
37585,Dead
37586,Dead
37587,Dead
37588,Dead
37589,Dead
37590,Dead
37591,Dead
37592,Dead
37593,Dead
37594,Dead
37595,Dead
37596,Dead
37597,Dead
37598,Dead
37599,Dead
37600,Dead
37601,Dead
37602,Dead
37603,Dead
37604,Dead
37605,Dead
37606,Dead
37607,Dead
37608,Dead
37609,Dead
37610,Dead
37611,Dead
37612,Dead
37613,Dead
37614,Dead
37615,Dead
37616,Dead
37617,Dead
37618,Dead
37619,Dead
37620,Dead
37621,Dead
37622,Dead
37623,Dead
37624,Dead
37625,Dead
37626,Dead
37627,Dead
37628,Dead
37629,Dead
37630,Dead
37631,Dead
37632,Dead
37633,Dead
37634,Dead
37635,Dead
37636,Dead
37637,Dead
37638,Dead
37639,Dead
37640,Dead
37641,Dead
37642,Dead
37643,Dead
37644,Dead
37645,Dead
37646,Dead
37647,Dead
37648,Dead
37649,Dead
37650,Dead
37651,Dead
37652,Dead
37653,Dead
37654,Dead
37655,Dead
37656,Dead
37657,Dead
37658,Dead
37659,Dead
37660,Dead
37661,Dead
37662,Dead
37663,Dead
37664,Dead
37665,Dead
37666,Dead
37667,Dead
37668,Dead
37669,Dead
37670,Dead
37671,Dead
37672,Dead
37673,Dead
37674,Dead
37675,Dead
37676,Dead
37677,Dead
37678,Dead
37679,Dead
37680,Dead
37681,Dead
37682,Dead
37683,Dead
37684,Dead
37685,Dead
37686,Dead
37687,Dead
37688,Dead
37689,Dead
37690,Dead
37691,Dead
37692,Dead
37693,Dead
37694,Dead
37695,Dead
37696,Dead
37697,Dead
37698,Dead
37699,Dead
37700,Dead
37701,Dead
37702,Dead
37703,Dead
37704,Dead
37705,Dead
37706,Dead
37707,Dead
37708,Dead
37709,Dead
37710,Dead
37711,Dead
37712,Dead
37713,Dead
37714,Dead
37715,Dead
37716,Dead
37717,Dead
37718,Dead
37719,Dead
37720,Dead
37721,Dead
37722,Dead
37723,Dead
37724,Dead
37725,Dead
37726,Dead
37727,Dead
37728,Dead
37729,Dead
37730,Dead
37731,Dead
37732,Dead
37733,Dead
37734,Dead
37735,Dead
37736,Dead
37737,Dead
37738,Dead
37739,Dead
37740,Dead
37741,Dead
37742,Dead
37743,Dead
37744,Dead
37745,Dead
37746,Dead
37747,Dead
37748,Dead
37749,Dead
37750,Dead
37751,Dead
37752,Dead
37753,Dead
37754,Dead
37755,Dead
37756,Dead
37757,Dead
37758,Dead
37759,Dead
37760,Dead
37761,Dead
37762,Dead
37763,Dead
37764,Dead
37765,Dead
37766,Dead
37767,Dead
37768,Dead
37769,Dead
37770,Dead
37771,Dead
37772,Dead
37773,Dead
37774,Dead
37775,Dead
37776,Dead
37777,Dead
37778,Dead
37779,Dead
37780,Dead
37781,Dead
37782,Dead
37783,Dead
37784,Dead
37785,Dead
37786,Dead
37787,Dead
37788,Dead
37789,Dead
37790,Dead
37791,Dead
37792,Dead
37793,Dead
37794,Dead
37795,Dead
37796,Dead
37797,Dead
37798,Dead
37799,Dead
37800,Dead
37801,Dead
37802,Dead
37803,Dead
37804,Dead
37805,Dead
37806,Dead
37807,Dead
37808,Dead
37809,Dead
37810,Dead
37811,Dead
37812,Dead
37813,Dead
37814,Dead
37815,Dead
37816,Dead
37817,Dead
37818,Dead
37819,Dead
37820,Dead
37821,Dead
37822,Dead
37823,Dead
37824,Dead
37825,Dead
37826,Dead
37827,Dead
37828,Dead
37829,Dead
37830,Dead
37831,Dead
37832,Dead
37833,Dead
37834,Dead
37835,Dead
37836,Dead
37837,Dead
37838,Dead
37839,Dead
37840,Dead
37841,Dead
37842,Dead
37843,Dead
37844,Dead
37845,Dead
37846,Dead
37847,Dead
37848,Dead
37849,Dead
37850,Dead
37851,Dead
37852,Dead
37853,Dead
37854,Dead
37855,Dead
37856,Dead
37857,Dead
37858,Dead
37859,Dead
37860,Dead
37861,Dead
37862,Dead
37863,Dead
37864,Dead
37865,Dead
37866,Dead
37867,Dead
37868,Dead
37869,Dead
37870,Dead
37871,Dead
37872,Dead
37873,Dead
37874,Dead
37875,Dead
37876,Dead
37877,Dead
37878,Dead
37879,Dead
37880,Dead
37881,Dead
37882,Dead
37883,Dead
37884,Dead
37885,Dead
37886,Dead
37887,Dead
37888,Dead
37889,Dead
37890,Dead
37891,Dead
37892,Dead
37893,Dead
37894,Dead
37895,Dead
37896,Dead
37897,Dead
37898,Dead
37899,Dead
37900,Dead
37901,Dead
37902,Dead
37903,Dead
37904,Dead
37905,Dead
37906,Dead
37907,Dead
37908,Dead
37909,Dead
37910,Dead
37911,Dead
37912,Dead
37913,Dead
37914,Dead
37915,Dead
37916,Dead
37917,Dead
37918,Dead
37919,Dead
37920,Dead
37921,Dead
37922,Dead
37923,Dead
37924,Dead
37925,Dead
37926,Dead
37927,Dead
37928,Dead
37929,Dead
37930,Dead
37931,Dead
37932,Dead
37933,Dead
37934,Dead
37935,Dead
37936,Dead
37937,Dead
37938,Dead
37939,Dead
37940,Dead
37941,Dead
37942,Dead
37943,Dead
37944,Dead
37945,Dead
37946,Dead
37947,Dead
37948,Dead
37949,Dead
37950,Dead
37951,Dead
37952,Dead
37953,Dead
37954,Dead
37955,Dead
37956,Dead
37957,Dead
37958,Dead
37959,Dead
37960,Dead
37961,Dead
37962,Dead
37963,Dead
37964,Dead
37965,Dead
37966,Dead
37967,Dead
37968,Dead
37969,Dead
37970,Dead
37971,Dead
37972,Dead
37973,Dead
37974,Dead
37975,Dead
37976,Dead
37977,Dead
37978,Dead
37979,Dead
37980,Dead
37981,Dead
37982,Dead
37983,Dead
37984,Dead
37985,Dead
37986,Dead
37987,Dead
37988,Dead
37989,Dead
37990,Dead
37991,Dead
37992,Dead
37993,Dead
37994,Dead
37995,Dead
37996,Dead
37997,Dead
37998,Dead
37999,Dead
38000,Dead
38001,Dead
38002,Dead
38003,Dead
38004,Dead
38005,Dead
38006,Dead
38007,Dead
38008,Dead
38009,Dead
38010,Dead
38011,Dead
38012,Dead
38013,Dead
38014,Dead
38015,Dead
38016,Dead
38017,Dead
38018,Dead
38019,Dead
38020,Dead
38021,Dead
38022,Dead
38023,Dead
38024,Dead
38025,Dead
38026,Dead
38027,Dead
38028,Dead
38029,Dead
38030,Dead
38031,Dead
38032,Dead
38033,Dead
38034,Dead
38035,Dead
38036,Dead
38037,Dead
38038,Dead
38039,Dead
38040,Dead
38041,Dead
38042,Dead
38043,Dead
38044,Dead
38045,Dead
38046,Dead
38047,Dead
38048,Dead
38049,Dead
38050,Dead
38051,Dead
38052,Dead
38053,Dead
38054,Dead
38055,Dead
38056,Dead
38057,Dead
38058,Dead
38059,Dead
38060,Dead
38061,Dead
38062,Dead
38063,Dead
38064,Dead
38065,Dead
38066,Dead
38067,Dead
38068,Dead
38069,Dead
38070,Dead
38071,Dead
38072,Dead
38073,Dead
38074,Dead
38075,Dead
38076,Dead
38077,Dead
38078,Dead
38079,Dead
38080,Dead
38081,Dead
38082,Dead
38083,Dead
38084,Dead
38085,Dead
38086,Dead
38087,Dead
38088,Dead
38089,Dead
38090,Dead
38091,Dead
38092,Dead
38093,Dead
38094,Dead
38095,Dead
38096,Dead
38097,Dead
38098,Dead
38099,Dead
38100,Dead
38101,Dead
38102,Dead
38103,Dead
38104,Dead
38105,Dead
38106,Dead
38107,Dead
38108,Dead
38109,Dead
38110,Dead
38111,Dead
38112,Dead
38113,Dead
38114,Dead
38115,Dead
38116,Dead
38117,Dead
38118,Dead
38119,Dead
38120,Dead
38121,Dead
38122,Dead
38123,Dead
38124,Dead
38125,Dead
38126,Dead
38127,Dead
38128,Dead
38129,Dead
38130,Dead
38131,Dead
38132,Dead
38133,Dead
38134,Dead
38135,Dead
38136,Dead
38137,Dead
38138,Dead
38139,Dead
38140,Dead
38141,Dead
38142,Dead
38143,Dead
38144,Dead
38145,Dead
38146,Dead
38147,Dead
38148,Dead
38149,Dead
38150,Dead
38151,Dead
38152,Dead
38153,Dead
38154,Dead
38155,Dead
38156,Dead
38157,Dead
38158,Dead
38159,Dead
38160,Dead
38161,Dead
38162,Dead
38163,Dead
38164,Dead
38165,Dead
38166,Dead
38167,Dead
38168,Dead
38169,Dead
38170,Dead
38171,Dead
38172,Dead
38173,Dead
38174,Dead
38175,Dead
38176,Dead
38177,Dead
38178,Dead
38179,Dead
38180,Dead
38181,Dead
38182,Dead
38183,Dead
38184,Dead
38185,Dead
38186,Dead
38187,Dead
38188,Dead
38189,Dead
38190,Dead
38191,Dead
38192,Dead
38193,Dead
38194,Dead
38195,Dead
38196,Dead
38197,Dead
38198,Dead
38199,Dead
38200,Dead
38201,Dead
38202,Dead
38203,Dead
38204,Dead
38205,Dead
38206,Dead
38207,Dead
38208,Dead
38209,Dead
38210,Dead
38211,Dead
38212,Dead
38213,Dead
38214,Dead
38215,Dead
38216,Dead
38217,Dead
38218,Dead
38219,Dead
38220,Dead
38221,Dead
38222,Dead
38223,Dead
38224,Dead
38225,Dead
38226,Dead
38227,Dead
38228,Dead
38229,Dead
38230,Dead
38231,Dead
38232,Dead
38233,Dead
38234,Dead
38235,Dead
38236,Dead
38237,Dead
38238,Dead
38239,Dead
38240,Dead
38241,Dead
38242,Dead
38243,Dead
38244,Dead
38245,Dead
38246,Dead
38247,Dead
38248,Dead
38249,Dead
38250,Dead
38251,Dead
38252,Dead
38253,Dead
38254,Dead
38255,Dead
38256,Dead
38257,Dead
38258,Dead
38259,Dead
38260,Dead
38261,Dead
38262,Dead
38263,Dead
38264,Dead
38265,Dead
38266,Dead
38267,Dead
38268,Dead
38269,Dead
38270,Dead
38271,Dead
38272,Dead
38273,Dead
38274,Dead
38275,Dead
38276,Dead
38277,Dead
38278,Dead
38279,Dead
38280,Dead
38281,Dead
38282,Dead
38283,Dead
38284,Dead
38285,Dead
38286,Dead
38287,Dead
38288,Dead
38289,Dead
38290,Dead
38291,Dead
38292,Dead
38293,Dead
38294,Dead
38295,Dead
38296,Dead
38297,Dead
38298,Dead
38299,Dead
38300,Dead
38301,Dead
38302,Dead
38303,Dead
38304,Dead
38305,Dead
38306,Dead
38307,Dead
38308,Dead
38309,Dead
38310,Dead
38311,Dead
38312,Dead
38313,Dead
38314,Dead
38315,Dead
38316,Dead
38317,Dead
38318,Dead
38319,Dead
38320,Dead
38321,Dead
38322,Dead
38323,Dead
38324,Dead
38325,Dead
38326,Dead
38327,Dead
38328,Dead
38329,Dead
38330,Dead
38331,Dead
38332,Dead
38333,Dead
38334,Dead
38335,Dead
38336,Dead
38337,Dead
38338,Dead
38339,Dead
38340,Dead
38341,Dead
38342,Dead
38343,Dead
38344,Dead
38345,Dead
38346,Dead
38347,Dead
38348,Dead
38349,Dead
38350,Dead
38351,Dead
38352,Dead
38353,Dead
38354,Dead
38355,Dead
38356,Dead
38357,Dead
38358,Dead
38359,Dead
38360,Dead
38361,Dead
38362,Dead
38363,Dead
38364,Dead
38365,Dead
38366,Dead
38367,Dead
38368,Dead
38369,Dead
38370,Dead
38371,Dead
38372,Dead
38373,Dead
38374,Dead
38375,Dead
38376,Dead
38377,Dead
38378,Dead
38379,Dead
38380,Dead
38381,Dead
38382,Dead
38383,Dead
38384,Dead
38385,Dead
38386,Dead
38387,Dead
38388,Dead
38389,Dead
38390,Dead
38391,Dead
38392,Dead
38393,Dead
38394,Dead
38395,Dead
38396,Dead
38397,Dead
38398,Dead
38399,Dead
38400,Dead
38401,Dead
38402,Dead
38403,Dead
38404,Dead
38405,Dead
38406,Dead
38407,Dead
38408,Dead
38409,Dead
38410,Dead
38411,Dead
38412,Dead
38413,Dead
38414,Dead
38415,Dead
38416,Dead
38417,Dead
38418,Dead
38419,Dead
38420,Dead
38421,Dead
38422,Dead
38423,Dead
38424,Dead
38425,Dead
38426,Dead
38427,Dead
38428,Dead
38429,Dead
38430,Dead
38431,Dead
38432,Dead
38433,Dead
38434,Dead
38435,Dead
38436,Dead
38437,Dead
38438,Dead
38439,Dead
38440,Dead
38441,Dead
38442,Dead
38443,Dead
38444,Dead
38445,Dead
38446,Dead
38447,Dead
38448,Dead
38449,Dead
38450,Dead
38451,Dead
38452,Dead
38453,Dead
38454,Dead
38455,Dead
38456,Dead
38457,Dead
38458,Dead
38459,Dead
38460,Dead
38461,Dead
38462,Dead
38463,Dead
38464,Dead
38465,Dead
38466,Dead
38467,Dead
38468,Dead
38469,Dead
38470,Dead
38471,Dead
38472,Dead
38473,Dead
38474,Dead
38475,Dead
38476,Dead
38477,Dead
38478,Dead
38479,Dead
38480,Dead
38481,Dead
38482,Dead
38483,Dead
38484,Dead
38485,Dead
38486,Dead
38487,Dead
38488,Dead
38489,Dead
38490,Dead
38491,Dead
38492,Dead
38493,Dead
38494,Dead
38495,Dead
38496,Dead
38497,Dead
38498,Dead
38499,Dead
38500,Dead
38501,Dead
38502,Dead
38503,Dead
38504,Dead
38505,Dead
38506,Dead
38507,Dead
38508,Dead
38509,Dead
38510,Dead
38511,Dead
38512,Dead
38513,Dead
38514,Dead
38515,Dead
38516,Dead
38517,Dead
38518,Dead
38519,Dead
38520,Dead
38521,Dead
38522,Dead
38523,Dead
38524,Dead
38525,Dead
38526,Dead
38527,Dead
38528,Dead
38529,Dead
38530,Dead
38531,Dead
38532,Dead
38533,Dead
38534,Dead
38535,Dead
38536,Dead
38537,Dead
38538,Dead
38539,Dead
38540,Dead
38541,Dead
38542,Dead
38543,Dead
38544,Dead
38545,Dead
38546,Dead
38547,Dead
38548,Dead
38549,Dead
38550,Dead
38551,Dead
38552,Dead
38553,Dead
38554,Dead
38555,Dead
38556,Dead
38557,Dead
38558,Dead
38559,Dead
38560,Dead
38561,Dead
38562,Dead
38563,Dead
38564,Dead
38565,Dead
38566,Dead
38567,Dead
38568,Dead
38569,Dead
38570,Dead
38571,Dead
38572,Dead
38573,Dead
38574,Dead
38575,Dead
38576,Dead
38577,Dead
38578,Dead
38579,Dead
38580,Dead
38581,Dead
38582,Dead
38583,Dead
38584,Dead
38585,Dead
38586,Dead
38587,Dead
38588,Dead
38589,Dead
38590,Dead
38591,Dead
38592,Dead
38593,Dead
38594,Dead
38595,Dead
38596,Dead
38597,Dead
38598,Dead
38599,Dead
38600,Dead
38601,Dead
38602,Dead
38603,Dead
38604,Dead
38605,Dead
38606,Dead
38607,Dead
38608,Dead
38609,Dead
38610,Dead
38611,Dead
38612,Dead
38613,Dead
38614,Dead
38615,Dead
38616,Dead
38617,Dead
38618,Dead
38619,Dead
38620,Dead
38621,Dead
38622,Dead
38623,Dead
38624,Dead
38625,Dead
38626,Dead
38627,Dead
38628,Dead
38629,Dead
38630,Dead
38631,Dead
38632,Dead
38633,Dead
38634,Dead
38635,Dead
38636,Dead
38637,Dead
38638,Dead
38639,Dead
38640,Dead
38641,Dead
38642,Dead
38643,Dead
38644,Dead
38645,Dead
38646,Dead
38647,Dead
38648,Dead
38649,Dead
38650,Dead
38651,Dead
38652,Dead
38653,Dead
38654,Dead
38655,Dead
38656,Dead
38657,Dead
38658,Dead
38659,Dead
38660,Dead
38661,Dead
38662,Dead
38663,Dead
38664,Dead
38665,Dead
38666,Dead
38667,Dead
38668,Dead
38669,Dead
38670,Dead
38671,Dead
38672,Dead
38673,Dead
38674,Dead
38675,Dead
38676,Dead
38677,Dead
38678,Dead
38679,Dead
38680,Dead
38681,Dead
38682,Dead
38683,Dead
38684,Dead
38685,Dead
38686,Dead
38687,Dead
38688,Dead
38689,Dead
38690,Dead
38691,Dead
38692,Dead
38693,Dead
38694,Dead
38695,Dead
38696,Dead
38697,Dead
38698,Dead
38699,Dead
38700,Dead
38701,Dead
38702,Dead
38703,Dead
38704,Dead
38705,Dead
38706,Dead
38707,Dead
38708,Dead
38709,Dead
38710,Dead
38711,Dead
38712,Dead
38713,Dead
38714,Dead
38715,Dead
38716,Dead
38717,Dead
38718,Dead
38719,Dead
38720,Dead
38721,Dead
38722,Dead
38723,Dead
38724,Dead
38725,Dead
38726,Dead
38727,Dead
38728,Dead
38729,Dead
38730,Dead
38731,Dead
38732,Dead
38733,Dead
38734,Dead
38735,Dead
38736,Dead
38737,Dead
38738,Dead
38739,Dead
38740,Dead
38741,Dead
38742,Dead
38743,Dead
38744,Dead
38745,Dead
38746,Dead
38747,Dead
38748,Dead
38749,Dead
38750,Dead
38751,Dead
38752,Dead
38753,Dead
38754,Dead
38755,Dead
38756,Dead
38757,Dead
38758,Dead
38759,Dead
38760,Dead
38761,Dead
38762,Dead
38763,Dead
38764,Dead
38765,Dead
38766,Dead
38767,Dead
38768,Dead
38769,Dead
38770,Dead
38771,Dead
38772,Dead
38773,Dead
38774,Dead
38775,Dead
38776,Dead
38777,Dead
38778,Dead
38779,Dead
38780,Dead
38781,Dead
38782,Dead
38783,Dead
38784,Dead
38785,Dead
38786,Dead
38787,Dead
38788,Dead
38789,Dead
38790,Dead
38791,Dead
38792,Dead
38793,Dead
38794,Dead
38795,Dead
38796,Dead
38797,Dead
38798,Dead
38799,Dead
38800,Dead
38801,Dead
38802,Dead
38803,Dead
38804,Dead
38805,Dead
38806,Dead
38807,Dead
38808,Dead
38809,Dead
38810,Dead
38811,Dead
38812,Dead
38813,Dead
38814,Dead
38815,Dead
38816,Dead
38817,Dead
38818,Dead
38819,Dead
38820,Dead
38821,Dead
38822,Dead
38823,Dead
38824,Dead
38825,Dead
38826,Dead
38827,Dead
38828,Dead
38829,Dead
38830,Dead
38831,Dead
38832,Dead
38833,Dead
38834,Dead
38835,Dead
38836,Dead
38837,Dead
38838,Dead
38839,Dead
38840,Dead
38841,Dead
38842,Dead
38843,Dead
38844,Dead
38845,Dead
38846,Dead
38847,Dead
38848,Dead
38849,Dead
38850,Dead
38851,Dead
38852,Dead
38853,Dead
38854,Dead
38855,Dead
38856,Dead
38857,Dead
38858,Dead
38859,Dead
38860,Dead
38861,Dead
38862,Dead
38863,Dead
38864,Dead
38865,Dead
38866,Dead
38867,Dead
38868,Dead
38869,Dead
38870,Dead
38871,Dead
38872,Dead
38873,Dead
38874,Dead
38875,Dead
38876,Dead
38877,Dead
38878,Dead
38879,Dead
38880,Dead
38881,Dead
38882,Dead
38883,Dead
38884,Dead
38885,Dead
38886,Dead
38887,Dead
38888,Dead
38889,Dead
38890,Dead
38891,Dead
38892,Dead
38893,Dead
38894,Dead
38895,Dead
38896,Dead
38897,Dead
38898,Dead
38899,Dead
38900,Dead
38901,Dead
38902,Dead
38903,Dead
38904,Dead
38905,Dead
38906,Dead
38907,Dead
38908,Dead
38909,Dead
38910,Dead
38911,Dead
38912,Dead
38913,Dead
38914,Dead
38915,Dead
38916,Dead
38917,Dead
38918,Dead
38919,Dead
38920,Dead
38921,Dead
38922,Dead
38923,Dead
38924,Dead
38925,Dead
38926,Dead
38927,Dead
38928,Dead
38929,Dead
38930,Dead
38931,Dead
38932,Dead
38933,Dead
38934,Dead
38935,Dead
38936,Dead
38937,Dead
38938,Dead
38939,Dead
38940,Dead
38941,Dead
38942,Dead
38943,Dead
38944,Dead
38945,Dead
38946,Dead
38947,Dead
38948,Dead
38949,Dead
38950,Dead
38951,Dead
38952,Dead
38953,Dead
38954,Dead
38955,Dead
38956,Dead
38957,Dead
38958,Dead
38959,Dead
38960,Dead
38961,Dead
38962,Dead
38963,Dead
38964,Dead
38965,Dead
38966,Dead
38967,Dead
38968,Dead
38969,Dead
38970,Dead
38971,Dead
38972,Dead
38973,Dead
38974,Dead
38975,Dead
38976,Dead
38977,Dead
38978,Dead
38979,Dead
38980,Dead
38981,Dead
38982,Dead
38983,Dead
38984,Dead
38985,Dead
38986,Dead
38987,Dead
38988,Dead
38989,Dead
38990,Dead
38991,Dead
38992,Dead
38993,Dead
38994,Dead
38995,Dead
38996,Dead
38997,Dead
38998,Dead
38999,Dead
39000,Dead
39001,Dead
39002,Dead
39003,Dead
39004,Dead
39005,Dead
39006,Dead
39007,Dead
39008,Dead
39009,Dead
39010,Dead
39011,Dead
39012,Dead
39013,Dead
39014,Dead
39015,Dead
39016,Dead
39017,Dead
39018,Dead
39019,Dead
39020,Dead
39021,Dead
39022,Dead
39023,Dead
39024,Dead
39025,Dead
39026,Dead
39027,Dead
39028,Dead
39029,Dead
39030,Dead
39031,Dead
39032,Dead
39033,Dead
39034,Dead
39035,Dead
39036,Dead
39037,Dead
39038,Dead
39039,Dead
39040,Dead
39041,Dead
39042,Dead
39043,Dead
39044,Dead
39045,Dead
39046,Dead
39047,Dead
39048,Dead
39049,Dead
39050,Dead
39051,Dead
39052,Dead
39053,Dead
39054,Dead
39055,Dead
39056,Dead
39057,Dead
39058,Dead
39059,Dead
39060,Dead
39061,Dead
39062,Dead
39063,Dead
39064,Dead
39065,Dead
39066,Dead
39067,Dead
39068,Dead
39069,Dead
39070,Dead
39071,Dead
39072,Dead
39073,Dead
39074,Dead
39075,Dead
39076,Dead
39077,Dead
39078,Dead
39079,Dead
39080,Dead
39081,Dead
39082,Dead
39083,Dead
39084,Dead
39085,Dead
39086,Dead
39087,Dead
39088,Dead
39089,Dead
39090,Dead
39091,Dead
39092,Dead
39093,Dead
39094,Dead
39095,Dead
39096,Dead
39097,Dead
39098,Dead
39099,Dead
39100,Dead
39101,Dead
39102,Dead
39103,Dead
39104,Dead
39105,Dead
39106,Dead
39107,Dead
39108,Dead
39109,Dead
39110,Dead
39111,Dead
39112,Dead
39113,Dead
39114,Dead
39115,Dead
39116,Dead
39117,Dead
39118,Dead
39119,Dead
39120,Dead
39121,Dead
39122,Dead
39123,Dead
39124,Dead
39125,Dead
39126,Dead
39127,Dead
39128,Dead
39129,Dead
39130,Dead
39131,Dead
39132,Dead
39133,Dead
39134,Dead
39135,Dead
39136,Dead
39137,Dead
39138,Dead
39139,Dead
39140,Dead
39141,Dead
39142,Dead
39143,Dead
39144,Dead
39145,Dead
39146,Dead
39147,Dead
39148,Dead
39149,Dead
39150,Dead
39151,Dead
39152,Dead
39153,Dead
39154,Dead
39155,Dead
39156,Dead
39157,Dead
39158,Dead
39159,Dead
39160,Dead
39161,Dead
39162,Dead
39163,Dead
39164,Dead
39165,Dead
39166,Dead
39167,Dead
39168,Dead
39169,Dead
39170,Dead
39171,Dead
39172,Dead
39173,Dead
39174,Dead
39175,Dead
39176,Dead
39177,Dead
39178,Dead
39179,Dead
39180,Dead
39181,Dead
39182,Dead
39183,Dead
39184,Dead
39185,Dead
39186,Dead
39187,Dead
39188,Dead
39189,Dead
39190,Dead
39191,Dead
39192,Dead
39193,Dead
39194,Dead
39195,Dead
39196,Dead
39197,Dead
39198,Dead
39199,Dead
39200,Dead
39201,Dead
39202,Dead
39203,Dead
39204,Dead
39205,Dead
39206,Dead
39207,Dead
39208,Dead
39209,Dead
39210,Dead
39211,Dead
39212,Dead
39213,Dead
39214,Dead
39215,Dead
39216,Dead
39217,Dead
39218,Dead
39219,Dead
39220,Dead
39221,Dead
39222,Dead
39223,Dead
39224,Dead
39225,Dead
39226,Dead
39227,Dead
39228,Dead
39229,Dead
39230,Dead
39231,Dead
39232,Dead
39233,Dead
39234,Dead
39235,Dead
39236,Dead
39237,Dead
39238,Dead
39239,Dead
39240,Dead
39241,Dead
39242,Dead
39243,Dead
39244,Dead
39245,Dead
39246,Dead
39247,Dead
39248,Dead
39249,Dead
39250,Dead
39251,Dead
39252,Dead
39253,Dead
39254,Dead
39255,Dead
39256,Dead
39257,Dead
39258,Dead
39259,Dead
39260,Dead
39261,Dead
39262,Dead
39263,Dead
39264,Dead
39265,Dead
39266,Dead
39267,Dead
39268,Dead
39269,Dead
39270,Dead
39271,Dead
39272,Dead
39273,Dead
39274,Dead
39275,Dead
39276,Dead
39277,Dead
39278,Dead
39279,Dead
39280,Dead
39281,Dead
39282,Dead
39283,Dead
39284,Dead
39285,Dead
39286,Dead
39287,Dead
39288,Dead
39289,Dead
39290,Dead
39291,Dead
39292,Dead
39293,Dead
39294,Dead
39295,Dead
39296,Dead
39297,Dead
39298,Dead
39299,Dead
39300,Dead
39301,Dead
39302,Dead
39303,Dead
39304,Dead
39305,Dead
39306,Dead
39307,Dead
39308,Dead
39309,Dead
39310,Dead
39311,Dead
39312,Dead
39313,Dead
39314,Dead
39315,Dead
39316,Dead
39317,Dead
39318,Dead
39319,Dead
39320,Dead
39321,Dead
39322,Dead
39323,Dead
39324,Dead
39325,Dead
39326,Dead
39327,Dead
39328,Dead
39329,Dead
39330,Dead
39331,Dead
39332,Dead
39333,Dead
39334,Dead
39335,Dead
39336,Dead
39337,Dead
39338,Dead
39339,Dead
39340,Dead
39341,Dead
39342,Dead
39343,Dead
39344,Dead
39345,Dead
39346,Dead
39347,Dead
39348,Dead
39349,Dead
39350,Dead
39351,Dead
39352,Dead
39353,Dead
39354,Dead
39355,Dead
39356,Dead
39357,Dead
39358,Dead
39359,Dead
39360,Dead
39361,Dead
39362,Dead
39363,Dead
39364,Dead
39365,Dead
39366,Dead
39367,Dead
39368,Dead
39369,Dead
39370,Dead
39371,Dead
39372,Dead
39373,Dead
39374,Dead
39375,Dead
39376,Dead
39377,Dead
39378,Dead
39379,Dead
39380,Dead
39381,Dead
39382,Dead
39383,Dead
39384,Dead
39385,Dead
39386,Dead
39387,Dead
39388,Dead
39389,Dead
39390,Dead
39391,Dead
39392,Dead
39393,Dead
39394,Dead
39395,Dead
39396,Dead
39397,Dead
39398,Dead
39399,Dead
39400,Dead
39401,Dead
39402,Dead
39403,Dead
39404,Dead
39405,Dead
39406,Dead
39407,Dead
39408,Dead
39409,Dead
39410,Dead
39411,Dead
39412,Dead
39413,Dead
39414,Dead
39415,Dead
39416,Dead
39417,Dead
39418,Dead
39419,Dead
39420,Dead
39421,Dead
39422,Dead
39423,Dead
39424,Dead
39425,Dead
39426,Dead
39427,Dead
39428,Dead
39429,Dead
39430,Dead
39431,Dead
39432,Dead
39433,Dead
39434,Dead
39435,Dead
39436,Dead
39437,Dead
39438,Dead
39439,Dead
39440,Dead
39441,Dead
39442,Dead
39443,Dead
39444,Dead
39445,Dead
39446,Dead
39447,Dead
39448,Dead
39449,Dead
39450,Dead
39451,Dead
39452,Dead
39453,Dead
39454,Dead
39455,Dead
39456,Dead
39457,Dead
39458,Dead
39459,Dead
39460,Dead
39461,Dead
39462,Dead
39463,Dead
39464,Dead
39465,Dead
39466,Dead
39467,Dead
39468,Dead
39469,Dead
39470,Dead
39471,Dead
39472,Dead
39473,Dead
39474,Dead
39475,Dead
39476,Dead
39477,Dead
39478,Dead
39479,Dead
39480,Dead
39481,Dead
39482,Dead
39483,Dead
39484,Dead
39485,Dead
39486,Dead
39487,Dead
39488,Dead
39489,Dead
39490,Dead
39491,Dead
39492,Dead
39493,Dead
39494,Dead
39495,Dead
39496,Dead
39497,Dead
39498,Dead
39499,Dead
39500,Dead
39501,Dead
39502,Dead
39503,Dead
39504,Dead
39505,Dead
39506,Dead
39507,Dead
39508,Dead
39509,Dead
39510,Dead
39511,Dead
39512,Dead
39513,Dead
39514,Dead
39515,Dead
39516,Dead
39517,Dead
39518,Dead
39519,Dead
39520,Dead
39521,Dead
39522,Dead
39523,Dead
39524,Dead
39525,Dead
39526,Dead
39527,Dead
39528,Dead
39529,Dead
39530,Dead
39531,Dead
39532,Dead
39533,Dead
39534,Dead
39535,Dead
39536,Dead
39537,Dead
39538,Dead
39539,Dead
39540,Dead
39541,Dead
39542,Dead
39543,Dead
39544,Dead
39545,Dead
39546,Dead
39547,Dead
39548,Dead
39549,Dead
39550,Dead
39551,Dead
39552,Dead
39553,Dead
39554,Dead
39555,Dead
39556,Dead
39557,Dead
39558,Dead
39559,Dead
39560,Dead
39561,Dead
39562,Dead
39563,Dead
39564,Dead
39565,Dead
39566,Dead
39567,Dead
39568,Dead
39569,Dead
39570,Dead
39571,Dead
39572,Dead
39573,Dead
39574,Dead
39575,Dead
39576,Dead
39577,Dead
39578,Dead
39579,Dead
39580,Dead
39581,Dead
39582,Dead
39583,Dead
39584,Dead
39585,Dead
39586,Dead
39587,Dead
39588,Dead
39589,Dead
39590,Dead
39591,Dead
39592,Dead
39593,Dead
39594,Dead
39595,Dead
39596,Dead
39597,Dead
39598,Dead
39599,Dead
39600,Dead
39601,Dead
39602,Dead
39603,Dead
39604,Dead
39605,Dead
39606,Dead
39607,Dead
39608,Dead
39609,Dead
39610,Dead
39611,Dead
39612,Dead
39613,Dead
39614,Dead
39615,Dead
39616,Dead
39617,Dead
39618,Dead
39619,Dead
39620,Dead
39621,Dead
39622,Dead
39623,Dead
39624,Dead
39625,Dead
39626,Dead
39627,Dead
39628,Dead
39629,Dead
39630,Dead
39631,Dead
39632,Dead
39633,Dead
39634,Dead
39635,Dead
39636,Dead
39637,Dead
39638,Dead
39639,Dead
39640,Dead
39641,Dead
39642,Dead
39643,Dead
39644,Dead
39645,Dead
39646,Dead
39647,Dead
39648,Dead
39649,Dead
39650,Dead
39651,Dead
39652,Dead
39653,Dead
39654,Dead
39655,Dead
39656,Dead
39657,Dead
39658,Dead
39659,Dead
39660,Dead
39661,Dead
39662,Dead
39663,Dead
39664,Dead
39665,Dead
39666,Dead
39667,Dead
39668,Dead
39669,Dead
39670,Dead
39671,Dead
39672,Dead
39673,Dead
39674,Dead
39675,Dead
39676,Dead
39677,Dead
39678,Dead
39679,Dead
39680,Dead
39681,Dead
39682,Dead
39683,Dead
39684,Dead
39685,Dead
39686,Dead
39687,Dead
39688,Dead
39689,Dead
39690,Dead
39691,Dead
39692,Dead
39693,Dead
39694,Dead
39695,Dead
39696,Dead
39697,Dead
39698,Dead
39699,Dead
39700,Dead
39701,Dead
39702,Dead
39703,Dead
39704,Dead
39705,Dead
39706,Dead
39707,Dead
39708,Dead
39709,Dead
39710,Dead
39711,Dead
39712,Dead
39713,Dead
39714,Dead
39715,Dead
39716,Dead
39717,Dead
39718,Dead
39719,Dead
39720,Dead
39721,Dead
39722,Dead
39723,Dead
39724,Dead
39725,Dead
39726,Dead
39727,Dead
39728,Dead
39729,Dead
39730,Dead
39731,Dead
39732,Dead
39733,Dead
39734,Dead
39735,Dead
39736,Dead
39737,Dead
39738,Dead
39739,Dead
39740,Dead
39741,Dead
39742,Dead
39743,Dead
39744,Dead
39745,Dead
39746,Dead
39747,Dead
39748,Dead
39749,Dead
39750,Dead
39751,Dead
39752,Dead
39753,Dead
39754,Dead
39755,Dead
39756,Dead
39757,Dead
39758,Dead
39759,Dead
39760,Dead
39761,Dead
39762,Dead
39763,Dead
39764,Dead
39765,Dead
39766,Dead
39767,Dead
39768,Dead
39769,Dead
39770,Dead
39771,Dead
39772,Dead
39773,Dead
39774,Dead
39775,Dead
39776,Dead
39777,Dead
39778,Dead
39779,Dead
39780,Dead
39781,Dead
39782,Dead
39783,Dead
39784,Dead
39785,Dead
39786,Dead
39787,Dead
39788,Dead
39789,Dead
39790,Dead
39791,Dead
39792,Dead
39793,Dead
39794,Dead
39795,Dead
39796,Dead
39797,Dead
39798,Dead
39799,Dead
39800,Dead
39801,Dead
39802,Dead
39803,Dead
39804,Dead
39805,Dead
39806,Dead
39807,Dead
39808,Dead
39809,Dead
39810,Dead
39811,Dead
39812,Dead
39813,Dead
39814,Dead
39815,Dead
39816,Dead
39817,Dead
39818,Dead
39819,Dead
39820,Dead
39821,Dead
39822,Dead
39823,Dead
39824,Dead
39825,Dead
39826,Dead
39827,Dead
39828,Dead
39829,Dead
39830,Dead
39831,Dead
39832,Dead
39833,Dead
39834,Dead
39835,Dead
39836,Dead
39837,Dead
39838,Dead
39839,Dead
39840,Dead
39841,Dead
39842,Dead
39843,Dead
39844,Dead
39845,Dead
39846,Dead
39847,Dead
39848,Dead
39849,Dead
39850,Dead
39851,Dead
39852,Dead
39853,Dead
39854,Dead
39855,Dead
39856,Dead
39857,Dead
39858,Dead
39859,Dead
39860,Dead
39861,Dead
39862,Dead
39863,Dead
39864,Dead
39865,Dead
39866,Dead
39867,Dead
39868,Dead
39869,Dead
39870,Dead
39871,Dead
39872,Dead
39873,Dead
39874,Dead
39875,Dead
39876,Dead
39877,Dead
39878,Dead
39879,Dead
39880,Dead
39881,Dead
39882,Dead
39883,Dead
39884,Dead
39885,Dead
39886,Dead
39887,Dead
39888,Dead
39889,Dead
39890,Dead
39891,Dead
39892,Dead
39893,Dead
39894,Dead
39895,Dead
39896,Dead
39897,Dead
39898,Dead
39899,Dead
39900,Dead
39901,Dead
39902,Dead
39903,Dead
39904,Dead
39905,Dead
39906,Dead
39907,Dead
39908,Dead
39909,Dead
39910,Dead
39911,Dead
39912,Dead
39913,Dead
39914,Dead
39915,Dead
39916,Dead
39917,Dead
39918,Dead
39919,Dead
39920,Dead
39921,Dead
39922,Dead
39923,Dead
39924,Dead
39925,Dead
39926,Dead
39927,Dead
39928,Dead
39929,Dead
39930,Dead
39931,Dead
39932,Dead
39933,Dead
39934,Dead
39935,Dead
39936,Dead
39937,Dead
39938,Dead
39939,Dead
39940,Dead
39941,Dead
39942,Dead
39943,Dead
39944,Dead
39945,Dead
39946,Dead
39947,Dead
39948,Dead
39949,Dead
39950,Dead
39951,Dead
39952,Dead
39953,Dead
39954,Dead
39955,Dead
39956,Dead
39957,Dead
39958,Dead
39959,Dead
39960,Dead
39961,Dead
39962,Dead
39963,Dead
39964,Dead
39965,Dead
39966,Dead
39967,Dead
39968,Dead
39969,Dead
39970,Dead
39971,Dead
39972,Dead
39973,Dead
39974,Dead
39975,Dead
39976,Dead
39977,Dead
39978,Dead
39979,Dead
39980,Dead
39981,Dead
39982,Dead
39983,Dead
39984,Dead
39985,Dead
39986,Dead
39987,Dead
39988,Dead
39989,Dead
39990,Dead
39991,Dead
39992,Dead
39993,Dead
39994,Dead
39995,Dead
39996,Dead
39997,Dead
39998,Dead
39999,Dead
40000,Dead
40001,Dead
40002,Dead
40003,Dead
40004,Dead
40005,Dead
40006,Dead
40007,Dead
40008,Dead
40009,Dead
40010,Dead
40011,Dead
40012,Dead
40013,Dead
40014,Dead
40015,Dead
40016,Dead
40017,Dead
40018,Dead
40019,Dead
40020,Dead
40021,Dead
40022,Dead
40023,Dead
40024,Dead
40025,Dead
40026,Dead
40027,Dead
40028,Dead
40029,Dead
40030,Dead
40031,Dead
40032,Dead
40033,Dead
40034,Dead
40035,Dead
40036,Dead
40037,Dead
40038,Dead
40039,Dead
40040,Dead
40041,Dead
40042,Dead
40043,Dead
40044,Dead
40045,Dead
40046,Dead
40047,Dead
40048,Dead
40049,Dead
40050,Dead
40051,Dead
40052,Dead
40053,Dead
40054,Dead
40055,Dead
40056,Dead
40057,Dead
40058,Dead
40059,Dead
40060,Dead
40061,Dead
40062,Dead
40063,Dead
40064,Dead
40065,Dead
40066,Dead
40067,Dead
40068,Dead
40069,Dead
40070,Dead
40071,Dead
40072,Dead
40073,Dead
40074,Dead
40075,Dead
40076,Dead
40077,Dead
40078,Dead
40079,Dead
40080,Dead
40081,Dead
40082,Dead
40083,Dead
40084,Dead
40085,Dead
40086,Dead
40087,Dead
40088,Dead
40089,Dead
40090,Dead
40091,Dead
40092,Dead
40093,Dead
40094,Dead
40095,Dead
40096,Dead
40097,Dead
40098,Dead
40099,Dead
40100,Dead
40101,Dead
40102,Dead
40103,Dead
40104,Dead
40105,Dead
40106,Dead
40107,Dead
40108,Dead
40109,Dead
40110,Dead
40111,Dead
40112,Dead
40113,Dead
40114,Dead
40115,Dead
40116,Dead
40117,Dead
40118,Dead
40119,Dead
40120,Dead
40121,Dead
40122,Dead
40123,Dead
40124,Dead
40125,Dead
40126,Dead
40127,Dead
40128,Dead
40129,Dead
40130,Dead
40131,Dead
40132,Dead
40133,Dead
40134,Dead
40135,Dead
40136,Dead
40137,Dead
40138,Dead
40139,Dead
40140,Dead
40141,Dead
40142,Dead
40143,Dead
40144,Dead
40145,Dead
40146,Dead
40147,Dead
40148,Dead
40149,Dead
40150,Dead
40151,Dead
40152,Dead
40153,Dead
40154,Dead
40155,Dead
40156,Dead
40157,Dead
40158,Dead
40159,Dead
40160,Dead
40161,Dead
40162,Dead
40163,Dead
40164,Dead
40165,Dead
40166,Dead
40167,Dead
40168,Dead
40169,Dead
40170,Dead
40171,Dead
40172,Dead
40173,Dead
40174,Dead
40175,Dead
40176,Dead
40177,Dead
40178,Dead
40179,Dead
40180,Dead
40181,Dead
40182,Dead
40183,Dead
40184,Dead
40185,Dead
40186,Dead
40187,Dead
40188,Dead
40189,Dead
40190,Dead
40191,Dead
40192,Dead
40193,Dead
40194,Dead
40195,Dead
40196,Dead
40197,Dead
40198,Dead
40199,Dead
40200,Dead
40201,Dead
40202,Dead
40203,Dead
40204,Dead
40205,Dead
40206,Dead
40207,Dead
40208,Dead
40209,Dead
40210,Dead
40211,Dead
40212,Dead
40213,Dead
40214,Dead
40215,Dead
40216,Dead
40217,Dead
40218,Dead
40219,Dead
40220,Dead
40221,Dead
40222,Dead
40223,Dead
40224,Dead
40225,Dead
40226,Dead
40227,Dead
40228,Dead
40229,Dead
40230,Dead
40231,Dead
40232,Dead
40233,Dead
40234,Dead
40235,Dead
40236,Dead
40237,Dead
40238,Dead
40239,Dead
40240,Dead
40241,Dead
40242,Dead
40243,Dead
40244,Dead
40245,Dead
40246,Dead
40247,Dead
40248,Dead
40249,Dead
40250,Dead
40251,Dead
40252,Dead
40253,Dead
40254,Dead
40255,Dead
40256,Dead
40257,Dead
40258,Dead
40259,Dead
40260,Dead
40261,Dead
40262,Dead
40263,Dead
40264,Dead
40265,Dead
40266,Dead
40267,Dead
40268,Dead
40269,Dead
40270,Dead
40271,Dead
40272,Dead
40273,Dead
40274,Dead
40275,Dead
40276,Dead
40277,Dead
40278,Dead
40279,Dead
40280,Dead
40281,Dead
40282,Dead
40283,Dead
40284,Dead
40285,Dead
40286,Dead
40287,Dead
40288,Dead
40289,Dead
40290,Dead
40291,Dead
40292,Dead
40293,Dead
40294,Dead
40295,Dead
40296,Dead
40297,Dead
40298,Dead
40299,Dead
40300,Dead
40301,Dead
40302,Dead
40303,Dead
40304,Dead
40305,Dead
40306,Dead
40307,Dead
40308,Dead
40309,Dead
40310,Dead
40311,Dead
40312,Dead
40313,Dead
40314,Dead
40315,Dead
40316,Dead
40317,Dead
40318,Dead
40319,Dead
40320,Dead
40321,Dead
40322,Dead
40323,Dead
40324,Dead
40325,Dead
40326,Dead
40327,Dead
40328,Dead
40329,Dead
40330,Dead
40331,Dead
40332,Dead
40333,Dead
40334,Dead
40335,Dead
40336,Dead
40337,Dead
40338,Dead
40339,Dead
40340,Dead
40341,Dead
40342,Dead
40343,Dead
40344,Dead
40345,Dead
40346,Dead
40347,Dead
40348,Dead
40349,Dead
40350,Dead
40351,Dead
40352,Dead
40353,Dead
40354,Dead
40355,Dead
40356,Dead
40357,Dead
40358,Dead
40359,Dead
40360,Dead
40361,Dead
40362,Dead
40363,Dead
40364,Dead
40365,Dead
40366,Dead
40367,Dead
40368,Dead
40369,Dead
40370,Dead
40371,Dead
40372,Dead
40373,Dead
40374,Dead
40375,Dead
40376,Dead
40377,Dead
40378,Dead
40379,Dead
40380,Dead
40381,Dead
40382,Dead
40383,Dead
40384,Dead
40385,Dead
40386,Dead
40387,Dead
40388,Dead
40389,Dead
40390,Dead
40391,Dead
40392,Dead
40393,Dead
40394,Dead
40395,Dead
40396,Dead
40397,Dead
40398,Dead
40399,Dead
40400,Dead
40401,Dead
40402,Dead
40403,Dead
40404,Dead
40405,Dead
40406,Dead
40407,Dead
40408,Dead
40409,Dead
40410,Dead
40411,Dead
40412,Dead
40413,Dead
40414,Dead
40415,Dead
40416,Dead
40417,Dead
40418,Dead
40419,Dead
40420,Dead
40421,Dead
40422,Dead
40423,Dead
40424,Dead
40425,Dead
40426,Dead
40427,Dead
40428,Dead
40429,Dead
40430,Dead
40431,Dead
40432,Dead
40433,Dead
40434,Dead
40435,Dead
40436,Dead
40437,Dead
40438,Dead
40439,Dead
40440,Dead
40441,Dead
40442,Dead
40443,Dead
40444,Dead
40445,Dead
40446,Dead
40447,Dead
40448,Dead
40449,Dead
40450,Dead
40451,Dead
40452,Dead
40453,Dead
40454,Dead
40455,Dead
40456,Dead
40457,Dead
40458,Dead
40459,Dead
40460,Dead
40461,Dead
40462,Dead
40463,Dead
40464,Dead
40465,Dead
40466,Dead
40467,Dead
40468,Dead
40469,Dead
40470,Dead
40471,Dead
40472,Dead
40473,Dead
40474,Dead
40475,Dead
40476,Dead
40477,Dead
40478,Dead
40479,Dead
40480,Dead
40481,Dead
40482,Dead
40483,Dead
40484,Dead
40485,Dead
40486,Dead
40487,Dead
40488,Dead
40489,Dead
40490,Dead
40491,Dead
40492,Dead
40493,Dead
40494,Dead
40495,Dead
40496,Dead
40497,Dead
40498,Dead
40499,Dead
40500,Dead
40501,Dead
40502,Dead
40503,Dead
40504,Dead
40505,Dead
40506,Dead
40507,Dead
40508,Dead
40509,Dead
40510,Dead
40511,Dead
40512,Dead
40513,Dead
40514,Dead
40515,Dead
40516,Dead
40517,Dead
40518,Dead
40519,Dead
40520,Dead
40521,Dead
40522,Dead
40523,Dead
40524,Dead
40525,Dead
40526,Dead
40527,Dead
40528,Dead
40529,Dead
40530,Dead
40531,Dead
40532,Dead
40533,Dead
40534,Dead
40535,Dead
40536,Dead
40537,Dead
40538,Dead
40539,Dead
40540,Dead
40541,Dead
40542,Dead
40543,Dead
40544,Dead
40545,Dead
40546,Dead
40547,Dead
40548,Dead
40549,Dead
40550,Dead
40551,Dead
40552,Dead
40553,Dead
40554,Dead
40555,Dead
40556,Dead
40557,Dead
40558,Dead
40559,Dead
40560,Dead
40561,Dead
40562,Dead
40563,Dead
40564,Dead
40565,Dead
40566,Dead
40567,Dead
40568,Dead
40569,Dead
40570,Dead
40571,Dead
40572,Dead
40573,Dead
40574,Dead
40575,Dead
40576,Dead
40577,Dead
40578,Dead
40579,Dead
40580,Dead
40581,Dead
40582,Dead
40583,Dead
40584,Dead
40585,Dead
40586,Dead
40587,Dead
40588,Dead
40589,Dead
40590,Dead
40591,Dead
40592,Dead
40593,Dead
40594,Dead
40595,Dead
40596,Dead
40597,Dead
40598,Dead
40599,Dead
40600,Dead
40601,Dead
40602,Dead
40603,Dead
40604,Dead
40605,Dead
40606,Dead
40607,Dead
40608,Dead
40609,Dead
40610,Dead
40611,Dead
40612,Dead
40613,Dead
40614,Dead
40615,Dead
40616,Dead
40617,Dead
40618,Dead
40619,Dead
40620,Dead
40621,Dead
40622,Dead
40623,Dead
40624,Dead
40625,Dead
40626,Dead
40627,Dead
40628,Dead
40629,Dead
40630,Dead
40631,Dead
40632,Dead
40633,Dead
40634,Dead
40635,Dead
40636,Dead
40637,Dead
40638,Dead
40639,Dead
40640,Dead
40641,Dead
40642,Dead
40643,Dead
40644,Dead
40645,Dead
40646,Dead
40647,Dead
40648,Dead
40649,Dead
40650,Dead
40651,Dead
40652,Dead
40653,Dead
40654,Dead
40655,Dead
40656,Dead
40657,Dead
40658,Dead
40659,Dead
40660,Dead
40661,Dead
40662,Dead
40663,Dead
40664,Dead
40665,Dead
40666,Dead
40667,Dead
40668,Dead
40669,Dead
40670,Dead
40671,Dead
40672,Dead
40673,Dead
40674,Dead
40675,Dead
40676,Dead
40677,Dead
40678,Dead
40679,Dead
40680,Dead
40681,Dead
40682,Dead
40683,Dead
40684,Dead
40685,Dead
40686,Dead
40687,Dead
40688,Dead
40689,Dead
40690,Dead
40691,Dead
40692,Dead
40693,Dead
40694,Dead
40695,Dead
40696,Dead
40697,Dead
40698,Dead
40699,Dead
40700,Dead
40701,Dead
40702,Dead
40703,Dead
40704,Dead
40705,Dead
40706,Dead
40707,Dead
40708,Dead
40709,Dead
40710,Dead
40711,Dead
40712,Dead
40713,Dead
40714,Dead
40715,Dead
40716,Dead
40717,Dead
40718,Dead
40719,Dead
40720,Dead
40721,Dead
40722,Dead
40723,Dead
40724,Dead
40725,Dead
40726,Dead
40727,Dead
40728,Dead
40729,Dead
40730,Dead
40731,Dead
40732,Dead
40733,Dead
40734,Dead
40735,Dead
40736,Dead
40737,Dead
40738,Dead
40739,Dead
40740,Dead
40741,Dead
40742,Dead
40743,Dead
40744,Dead
40745,Dead
40746,Dead
40747,Dead
40748,Dead
40749,Dead
40750,Dead
40751,Dead
40752,Dead
40753,Dead
40754,Dead
40755,Dead
40756,Dead
40757,Dead
40758,Dead
40759,Dead
40760,Dead
40761,Dead
40762,Dead
40763,Dead
40764,Dead
40765,Dead
40766,Dead
40767,Dead
40768,Dead
40769,Dead
40770,Dead
40771,Dead
40772,Dead
40773,Dead
40774,Dead
40775,Dead
40776,Dead
40777,Dead
40778,Dead
40779,Dead
40780,Dead
40781,Dead
40782,Dead
40783,Dead
40784,Dead
40785,Dead
40786,Dead
40787,Dead
40788,Dead
40789,Dead
40790,Dead
40791,Dead
40792,Dead
40793,Dead
40794,Dead
40795,Dead
40796,Dead
40797,Dead
40798,Dead
40799,Dead
40800,Dead
40801,Dead
40802,Dead
40803,Dead
40804,Dead
40805,Dead
40806,Dead
40807,Dead
40808,Dead
40809,Dead
40810,Dead
40811,Dead
40812,Dead
40813,Dead
40814,Dead
40815,Dead
40816,Dead
40817,Dead
40818,Dead
40819,Dead
40820,Dead
40821,Dead
40822,Dead
40823,Dead
40824,Dead
40825,Dead
40826,Dead
40827,Dead
40828,Dead
40829,Dead
40830,Dead
40831,Dead
40832,Dead
40833,Dead
40834,Dead
40835,Dead
40836,Dead
40837,Dead
40838,Dead
40839,Dead
40840,Dead
40841,Dead
40842,Dead
40843,Dead
40844,Dead
40845,Dead
40846,Dead
40847,Dead
40848,Dead
40849,Dead
40850,Dead
40851,Dead
40852,Dead
40853,Dead
40854,Dead
40855,Dead
40856,Dead
40857,Dead
40858,Dead
40859,Dead
40860,Dead
40861,Dead
40862,Dead
40863,Dead
40864,Dead
40865,Dead
40866,Dead
40867,Dead
40868,Dead
40869,Dead
40870,Dead
40871,Dead
40872,Dead
40873,Dead
40874,Dead
40875,Dead
40876,Dead
40877,Dead
40878,Dead
40879,Dead
40880,Dead
40881,Dead
40882,Dead
40883,Dead
40884,Dead
40885,Dead
40886,Dead
40887,Dead
40888,Dead
40889,Dead
40890,Dead
40891,Dead
40892,Dead
40893,Dead
40894,Dead
40895,Dead
40896,Dead
40897,Dead
40898,Dead
40899,Dead
40900,Dead
40901,Dead
40902,Dead
40903,Dead
40904,Dead
40905,Dead
40906,Dead
40907,Dead
40908,Dead
40909,Dead
40910,Dead
40911,Dead
40912,Dead
40913,Dead
40914,Dead
40915,Dead
40916,Dead
40917,Dead
40918,Dead
40919,Dead
40920,Dead
40921,Dead
40922,Dead
40923,Dead
40924,Dead
40925,Dead
40926,Dead
40927,Dead
40928,Dead
40929,Dead
40930,Dead
40931,Dead
40932,Dead
40933,Dead
40934,Dead
40935,Dead
40936,Dead
40937,Dead
40938,Dead
40939,Dead
40940,Dead
40941,Dead
40942,Dead
40943,Dead
40944,Dead
40945,Dead
40946,Dead
40947,Dead
40948,Dead
40949,Dead
40950,Dead
40951,Dead
40952,Dead
40953,Dead
40954,Dead
40955,Dead
40956,Dead
40957,Dead
40958,Dead
40959,Dead
40960,Dead
40961,Dead
40962,Dead
40963,Dead
40964,Dead
40965,Dead
40966,Dead
40967,Dead
40968,Dead
40969,Dead
40970,Dead
40971,Dead
40972,Dead
40973,Dead
40974,Dead
40975,Dead
40976,Dead
40977,Dead
40978,Dead
40979,Dead
40980,Dead
40981,Dead
40982,Dead
40983,Dead
40984,Dead
40985,Dead
40986,Dead
40987,Dead
40988,Dead
40989,Dead
40990,Dead
40991,Dead
40992,Dead
40993,Dead
40994,Dead
40995,Dead
40996,Dead
40997,Dead
40998,Dead
40999,Dead
41000,Dead
41001,Dead
41002,Dead
41003,Dead
41004,Dead
41005,Dead
41006,Dead
41007,Dead
41008,Dead
41009,Dead
41010,Dead
41011,Dead
41012,Dead
41013,Dead
41014,Dead
41015,Dead
41016,Dead
41017,Dead
41018,Dead
41019,Dead
41020,Dead
41021,Dead
41022,Dead
41023,Dead
41024,Dead
41025,Dead
41026,Dead
41027,Dead
41028,Dead
41029,Dead
41030,Dead
41031,Dead
41032,Dead
41033,Dead
41034,Dead
41035,Dead
41036,Dead
41037,Dead
41038,Dead
41039,Dead
41040,Dead
41041,Dead
41042,Dead
41043,Dead
41044,Dead
41045,Dead
41046,Dead
41047,Dead
41048,Dead
41049,Dead
41050,Dead
41051,Dead
41052,Dead
41053,Dead
41054,Dead
41055,Dead
41056,Dead
41057,Dead
41058,Dead
41059,Dead
41060,Dead
41061,Dead
41062,Dead
41063,Dead
41064,Dead
41065,Dead
41066,Dead
41067,Dead
41068,Dead
41069,Dead
41070,Dead
41071,Dead
41072,Dead
41073,Dead
41074,Dead
41075,Dead
41076,Dead
41077,Dead
41078,Dead
41079,Dead
41080,Dead
41081,Dead
41082,Dead
41083,Dead
41084,Dead
41085,Dead
41086,Dead
41087,Dead
41088,Dead
41089,Dead
41090,Dead
41091,Dead
41092,Dead
41093,Dead
41094,Dead
41095,Dead
41096,Dead
41097,Dead
41098,Dead
41099,Dead
41100,Dead
41101,Dead
41102,Dead
41103,Dead
41104,Dead
41105,Dead
41106,Dead
41107,Dead
41108,Dead
41109,Dead
41110,Dead
41111,Dead
41112,Dead
41113,Dead
41114,Dead
41115,Dead
41116,Dead
41117,Dead
41118,Dead
41119,Dead
41120,Dead
41121,Dead
41122,Dead
41123,Dead
41124,Dead
41125,Dead
41126,Dead
41127,Dead
41128,Dead
41129,Dead
41130,Dead
41131,Dead
41132,Dead
41133,Dead
41134,Dead
41135,Dead
41136,Dead
41137,Dead
41138,Dead
41139,Dead
41140,Dead
41141,Dead
41142,Dead
41143,Dead
41144,Dead
41145,Dead
41146,Dead
41147,Dead
41148,Dead
41149,Dead
41150,Dead
41151,Dead
41152,Dead
41153,Dead
41154,Dead
41155,Dead
41156,Dead
41157,Dead
41158,Dead
41159,Dead
41160,Dead
41161,Dead
41162,Dead
41163,Dead
41164,Dead
41165,Dead
41166,Dead
41167,Dead
41168,Dead
41169,Dead
41170,Dead
41171,Dead
41172,Dead
41173,Dead
41174,Dead
41175,Dead
41176,Dead
41177,Dead
41178,Dead
41179,Dead
41180,Dead
41181,Dead
41182,Dead
41183,Dead
41184,Dead
41185,Dead
41186,Dead
41187,Dead
41188,Dead
41189,Dead
41190,Dead
41191,Dead
41192,Dead
41193,Dead
41194,Dead
41195,Dead
41196,Dead
41197,Dead
41198,Dead
41199,Dead
41200,Dead
41201,Dead
41202,Dead
41203,Dead
41204,Dead
41205,Dead
41206,Dead
41207,Dead
41208,Dead
41209,Dead
41210,Dead
41211,Dead
41212,Dead
41213,Dead
41214,Dead
41215,Dead
41216,Dead
41217,Dead
41218,Dead
41219,Dead
41220,Dead
41221,Dead
41222,Dead
41223,Dead
41224,Dead
41225,Dead
41226,Dead
41227,Dead
41228,Dead
41229,Dead
41230,Dead
41231,Dead
41232,Dead
41233,Dead
41234,Dead
41235,Dead
41236,Dead
41237,Dead
41238,Dead
41239,Dead
41240,Dead
41241,Dead
41242,Dead
41243,Dead
41244,Dead
41245,Dead
41246,Dead
41247,Dead
41248,Dead
41249,Dead
41250,Dead
41251,Dead
41252,Dead
41253,Dead
41254,Dead
41255,Dead
41256,Dead
41257,Dead
41258,Dead
41259,Dead
41260,Dead
41261,Dead
41262,Dead
41263,Dead
41264,Dead
41265,Dead
41266,Dead
41267,Dead
41268,Dead
41269,Dead
41270,Dead
41271,Dead
41272,Dead
41273,Dead
41274,Dead
41275,Dead
41276,Dead
41277,Dead
41278,Dead
41279,Dead
41280,Dead
41281,Dead
41282,Dead
41283,Dead
41284,Dead
41285,Dead
41286,Dead
41287,Dead
41288,Dead
41289,Dead
41290,Dead
41291,Dead
41292,Dead
41293,Dead
41294,Dead
41295,Dead
41296,Dead
41297,Dead
41298,Dead
41299,Dead
41300,Dead
41301,Dead
41302,Dead
41303,Dead
41304,Dead
41305,Dead
41306,Dead
41307,Dead
41308,Dead
41309,Dead
41310,Dead
41311,Dead
41312,Dead
41313,Dead
41314,Dead
41315,Dead
41316,Dead
41317,Dead
41318,Dead
41319,Dead
41320,Dead
41321,Dead
41322,Dead
41323,Dead
41324,Dead
41325,Dead
41326,Dead
41327,Dead
41328,Dead
41329,Dead
41330,Dead
41331,Dead
41332,Dead
41333,Dead
41334,Dead
41335,Dead
41336,Dead
41337,Dead
41338,Dead
41339,Dead
41340,Dead
41341,Dead
41342,Dead
41343,Dead
41344,Dead
41345,Dead
41346,Dead
41347,Dead
41348,Dead
41349,Dead
41350,Dead
41351,Dead
41352,Dead
41353,Dead
41354,Dead
41355,Dead
41356,Dead
41357,Dead
41358,Dead
41359,Dead
41360,Dead
41361,Dead
41362,Dead
41363,Dead
41364,Dead
41365,Dead
41366,Dead
41367,Dead
41368,Dead
41369,Dead
41370,Dead
41371,Dead
41372,Dead
41373,Dead
41374,Dead
41375,Dead
41376,Dead
41377,Dead
41378,Dead
41379,Dead
41380,Dead
41381,Dead
41382,Dead
41383,Dead
41384,Dead
41385,Dead
41386,Dead
41387,Dead
41388,Dead
41389,Dead
41390,Dead
41391,Dead
41392,Dead
41393,Dead
41394,Dead
41395,Dead
41396,Dead
41397,Dead
41398,Dead
41399,Dead
41400,Dead
41401,Dead
41402,Dead
41403,Dead
41404,Dead
41405,Dead
41406,Dead
41407,Dead
41408,Dead
41409,Dead
41410,Dead
41411,Dead
41412,Dead
41413,Dead
41414,Dead
41415,Dead
41416,Dead
41417,Dead
41418,Dead
41419,Dead
41420,Dead
41421,Dead
41422,Dead
41423,Dead
41424,Dead
41425,Dead
41426,Dead
41427,Dead
41428,Dead
41429,Dead
41430,Dead
41431,Dead
41432,Dead
41433,Dead
41434,Dead
41435,Dead
41436,Dead
41437,Dead
41438,Dead
41439,Dead
41440,Dead
41441,Dead
41442,Dead
41443,Dead
41444,Dead
41445,Dead
41446,Dead
41447,Dead
41448,Dead
41449,Dead
41450,Dead
41451,Dead
41452,Dead
41453,Dead
41454,Dead
41455,Dead
41456,Dead
41457,Dead
41458,Dead
41459,Dead
41460,Dead
41461,Dead
41462,Dead
41463,Dead
41464,Dead
41465,Dead
41466,Dead
41467,Dead
41468,Dead
41469,Dead
41470,Dead
41471,Dead
41472,Dead
41473,Dead
41474,Dead
41475,Dead
41476,Dead
41477,Dead
41478,Dead
41479,Dead
41480,Dead
41481,Dead
41482,Dead
41483,Dead
41484,Dead
41485,Dead
41486,Dead
41487,Dead
41488,Dead
41489,Dead
41490,Dead
41491,Dead
41492,Dead
41493,Dead
41494,Dead
41495,Dead
41496,Dead
41497,Dead
41498,Dead
41499,Dead
41500,Dead
41501,Dead
41502,Dead
41503,Dead
41504,Dead
41505,Dead
41506,Dead
41507,Dead
41508,Dead
41509,Dead
41510,Dead
41511,Dead
41512,Dead
41513,Dead
41514,Dead
41515,Dead
41516,Dead
41517,Dead
41518,Dead
41519,Dead
41520,Dead
41521,Dead
41522,Dead
41523,Dead
41524,Dead
41525,Dead
41526,Dead
41527,Dead
41528,Dead
41529,Dead
41530,Dead
41531,Dead
41532,Dead
41533,Dead
41534,Dead
41535,Dead
41536,Dead
41537,Dead
41538,Dead
41539,Dead
41540,Dead
41541,Dead
41542,Dead
41543,Dead
41544,Dead
41545,Dead
41546,Dead
41547,Dead
41548,Dead
41549,Dead
41550,Dead
41551,Dead
41552,Dead
41553,Dead
41554,Dead
41555,Dead
41556,Dead
41557,Dead
41558,Dead
41559,Dead
41560,Dead
41561,Dead
41562,Dead
41563,Dead
41564,Dead
41565,Dead
41566,Dead
41567,Dead
41568,Dead
41569,Dead
41570,Dead
41571,Dead
41572,Dead
41573,Dead
41574,Dead
41575,Dead
41576,Dead
41577,Dead
41578,Dead
41579,Dead
41580,Dead
41581,Dead
41582,Dead
41583,Dead
41584,Dead
41585,Dead
41586,Dead
41587,Dead
41588,Dead
41589,Dead
41590,Dead
41591,Dead
41592,Dead
41593,Dead
41594,Dead
41595,Dead
41596,Dead
41597,Dead
41598,Dead
41599,Dead
41600,Dead
41601,Dead
41602,Dead
41603,Dead
41604,Dead
41605,Dead
41606,Dead
41607,Dead
41608,Dead
41609,Dead
41610,Dead
41611,Dead
41612,Dead
41613,Dead
41614,Dead
41615,Dead
41616,Dead
41617,Dead
41618,Dead
41619,Dead
41620,Dead
41621,Dead
41622,Dead
41623,Dead
41624,Dead
41625,Dead
41626,Dead
41627,Dead
41628,Dead
41629,Dead
41630,Dead
41631,Dead
41632,Dead
41633,Dead
41634,Dead
41635,Dead
41636,Dead
41637,Dead
41638,Dead
41639,Dead
41640,Dead
41641,Dead
41642,Dead
41643,Dead
41644,Dead
41645,Dead
41646,Dead
41647,Dead
41648,Dead
41649,Dead
41650,Dead
41651,Dead
41652,Dead
41653,Dead
41654,Dead
41655,Dead
41656,Dead
41657,Dead
41658,Dead
41659,Dead
41660,Dead
41661,Dead
41662,Dead
41663,Dead
41664,Dead
41665,Dead
41666,Dead
41667,Dead
41668,Dead
41669,Dead
41670,Dead
41671,Dead
41672,Dead
41673,Dead
41674,Dead
41675,Dead
41676,Dead
41677,Dead
41678,Dead
41679,Dead
41680,Dead
41681,Dead
41682,Dead
41683,Dead
41684,Dead
41685,Dead
41686,Dead
41687,Dead
41688,Dead
41689,Dead
41690,Dead
41691,Dead
41692,Dead
41693,Dead
41694,Dead
41695,Dead
41696,Dead
41697,Dead
41698,Dead
41699,Dead
41700,Dead
41701,Dead
41702,Dead
41703,Dead
41704,Dead
41705,Dead
41706,Dead
41707,Dead
41708,Dead
41709,Dead
41710,Dead
41711,Dead
41712,Dead
41713,Dead
41714,Dead
41715,Dead
41716,Dead
41717,Dead
41718,Dead
41719,Dead
41720,Dead
41721,Dead
41722,Dead
41723,Dead
41724,Dead
41725,Dead
41726,Dead
41727,Dead
41728,Dead
41729,Dead
41730,Dead
41731,Dead
41732,Dead
41733,Dead
41734,Dead
41735,Dead
41736,Dead
41737,Dead
41738,Dead
41739,Dead
41740,Dead
41741,Dead
41742,Dead
41743,Dead
41744,Dead
41745,Dead
41746,Dead
41747,Dead
41748,Dead
41749,Dead
41750,Dead
41751,Dead
41752,Dead
41753,Dead
41754,Dead
41755,Dead
41756,Dead
41757,Dead
41758,Dead
41759,Dead
41760,Dead
41761,Dead
41762,Dead
41763,Dead
41764,Dead
41765,Dead
41766,Dead
41767,Dead
41768,Dead
41769,Dead
41770,Dead
41771,Dead
41772,Dead
41773,Dead
41774,Dead
41775,Dead
41776,Dead
41777,Dead
41778,Dead
41779,Dead
41780,Dead
41781,Dead
41782,Dead
41783,Dead
41784,Dead
41785,Dead
41786,Dead
41787,Dead
41788,Dead
41789,Dead
41790,Dead
41791,Dead
41792,Dead
41793,Dead
41794,Dead
41795,Dead
41796,Dead
41797,Dead
41798,Dead
41799,Dead
41800,Dead
41801,Dead
41802,Dead
41803,Dead
41804,Dead
41805,Dead
41806,Dead
41807,Dead
41808,Dead
41809,Dead
41810,Dead
41811,Dead
41812,Dead
41813,Dead
41814,Dead
41815,Dead
41816,Dead
41817,Dead
41818,Dead
41819,Dead
41820,Dead
41821,Dead
41822,Dead
41823,Dead
41824,Dead
41825,Dead
41826,Dead
41827,Dead
41828,Dead
41829,Dead
41830,Dead
41831,Dead
41832,Dead
41833,Dead
41834,Dead
41835,Dead
41836,Dead
41837,Dead
41838,Dead
41839,Dead
41840,Dead
41841,Dead
41842,Dead
41843,Dead
41844,Dead
41845,Dead
41846,Dead
41847,Dead
41848,Dead
41849,Dead
41850,Dead
41851,Dead
41852,Dead
41853,Dead
41854,Dead
41855,Dead
41856,Dead
41857,Dead
41858,Dead
41859,Dead
41860,Dead
41861,Dead
41862,Dead
41863,Dead
41864,Dead
41865,Dead
41866,Dead
41867,Dead
41868,Dead
41869,Dead
41870,Dead
41871,Dead
41872,Dead
41873,Dead
41874,Dead
41875,Dead
41876,Dead
41877,Dead
41878,Dead
41879,Dead
41880,Dead
41881,Dead
41882,Dead
41883,Dead
41884,Dead
41885,Dead
41886,Dead
41887,Dead
41888,Dead
41889,Dead
41890,Dead
41891,Dead
41892,Dead
41893,Dead
41894,Dead
41895,Dead
41896,Dead
41897,Dead
41898,Dead
41899,Dead
41900,Dead
41901,Dead
41902,Dead
41903,Dead
41904,Dead
41905,Dead
41906,Dead
41907,Dead
41908,Dead
41909,Dead
41910,Dead
41911,Dead
41912,Dead
41913,Dead
41914,Dead
41915,Dead
41916,Dead
41917,Dead
41918,Dead
41919,Dead
41920,Dead
41921,Dead
41922,Dead
41923,Dead
41924,Dead
41925,Dead
41926,Dead
41927,Dead
41928,Dead
41929,Dead
41930,Dead
41931,Dead
41932,Dead
41933,Dead
41934,Dead
41935,Dead
41936,Dead
41937,Dead
41938,Dead
41939,Dead
41940,Dead
41941,Dead
41942,Dead
41943,Dead
41944,Dead
41945,Dead
41946,Dead
41947,Dead
41948,Dead
41949,Dead
41950,Dead
41951,Dead
41952,Dead
41953,Dead
41954,Dead
41955,Dead
41956,Dead
41957,Dead
41958,Dead
41959,Dead
41960,Dead
41961,Dead
41962,Dead
41963,Dead
41964,Dead
41965,Dead
41966,Dead
41967,Dead
41968,Dead
41969,Dead
41970,Dead
41971,Dead
41972,Dead
41973,Dead
41974,Dead
41975,Dead
41976,Dead
41977,Dead
41978,Dead
41979,Dead
41980,Dead
41981,Dead
41982,Dead
41983,Dead
41984,Dead
41985,Dead
41986,Dead
41987,Dead
41988,Dead
41989,Dead
41990,Dead
41991,Dead
41992,Dead
41993,Dead
41994,Dead
41995,Dead
41996,Dead
41997,Dead
41998,Dead
41999,Dead
42000,Dead
42001,Dead
42002,Dead
42003,Dead
42004,Dead
42005,Dead
42006,Dead
42007,Dead
42008,Dead
42009,Dead
42010,Dead
42011,Dead
42012,Dead
42013,Dead
42014,Dead
42015,Dead
42016,Dead
42017,Dead
42018,Dead
42019,Dead
42020,Dead
42021,Dead
42022,Dead
42023,Dead
42024,Dead
42025,Dead
42026,Dead
42027,Dead
42028,Dead
42029,Dead
42030,Dead
42031,Dead
42032,Dead
42033,Dead
42034,Dead
42035,Dead
42036,Dead
42037,Dead
42038,Dead
42039,Dead
42040,Dead
42041,Dead
42042,Dead
42043,Dead
42044,Dead
42045,Dead
42046,Dead
42047,Dead
42048,Dead
42049,Dead
42050,Dead
42051,Dead
42052,Dead
42053,Dead
42054,Dead
42055,Dead
42056,Dead
42057,Dead
42058,Dead
42059,Dead
42060,Dead
42061,Dead
42062,Dead
42063,Dead
42064,Dead
42065,Dead
42066,Dead
42067,Dead
42068,Dead
42069,Dead
42070,Dead
42071,Dead
42072,Dead
42073,Dead
42074,Dead
42075,Dead
42076,Dead
42077,Dead
42078,Dead
42079,Dead
42080,Dead
42081,Dead
42082,Dead
42083,Dead
42084,Dead
42085,Dead
42086,Dead
42087,Dead
42088,Dead
42089,Dead
42090,Dead
42091,Dead
42092,Dead
42093,Dead
42094,Dead
42095,Dead
42096,Dead
42097,Dead
42098,Dead
42099,Dead
42100,Dead
42101,Dead
42102,Dead
42103,Dead
42104,Dead
42105,Dead
42106,Dead
42107,Dead
42108,Dead
42109,Dead
42110,Dead
42111,Dead
42112,Dead
42113,Dead
42114,Dead
42115,Dead
42116,Dead
42117,Dead
42118,Dead
42119,Dead
42120,Dead
42121,Dead
42122,Dead
42123,Dead
42124,Dead
42125,Dead
42126,Dead
42127,Dead
42128,Dead
42129,Dead
42130,Dead
42131,Dead
42132,Dead
42133,Dead
42134,Dead
42135,Dead
42136,Dead
42137,Dead
42138,Dead
42139,Dead
42140,Dead
42141,Dead
42142,Dead
42143,Dead
42144,Dead
42145,Dead
42146,Dead
42147,Dead
42148,Dead
42149,Dead
42150,Dead
42151,Dead
42152,Dead
42153,Dead
42154,Dead
42155,Dead
42156,Dead
42157,Dead
42158,Dead
42159,Dead
42160,Dead
42161,Dead
42162,Dead
42163,Dead
42164,Dead
42165,Dead
42166,Dead
42167,Dead
42168,Dead
42169,Dead
42170,Dead
42171,Dead
42172,Dead
42173,Dead
42174,Dead
42175,Dead
42176,Dead
42177,Dead
42178,Dead
42179,Dead
42180,Dead
42181,Dead
42182,Dead
42183,Dead
42184,Dead
42185,Dead
42186,Dead
42187,Dead
42188,Dead
42189,Dead
42190,Dead
42191,Dead
42192,Dead
42193,Dead
42194,Dead
42195,Dead
42196,Dead
42197,Dead
42198,Dead
42199,Dead
42200,Dead
42201,Dead
42202,Dead
42203,Dead
42204,Dead
42205,Dead
42206,Dead
42207,Dead
42208,Dead
42209,Dead
42210,Dead
42211,Dead
42212,Dead
42213,Dead
42214,Dead
42215,Dead
42216,Dead
42217,Dead
42218,Dead
42219,Dead
42220,Dead
42221,Dead
42222,Dead
42223,Dead
42224,Dead
42225,Dead
42226,Dead
42227,Dead
42228,Dead
42229,Dead
42230,Dead
42231,Dead
42232,Dead
42233,Dead
42234,Dead
42235,Dead
42236,Dead
42237,Dead
42238,Dead
42239,Dead
42240,Dead
42241,Dead
42242,Dead
42243,Dead
42244,Dead
42245,Dead
42246,Dead
42247,Dead
42248,Dead
42249,Dead
42250,Dead
42251,Dead
42252,Dead
42253,Dead
42254,Dead
42255,Dead
42256,Dead
42257,Dead
42258,Dead
42259,Dead
42260,Dead
42261,Dead
42262,Dead
42263,Dead
42264,Dead
42265,Dead
42266,Dead
42267,Dead
42268,Dead
42269,Dead
42270,Dead
42271,Dead
42272,Dead
42273,Dead
42274,Dead
42275,Dead
42276,Dead
42277,Dead
42278,Dead
42279,Dead
42280,Dead
42281,Dead
42282,Dead
42283,Dead
42284,Dead
42285,Dead
42286,Dead
42287,Dead
42288,Dead
42289,Dead
42290,Dead
42291,Dead
42292,Dead
42293,Dead
42294,Dead
42295,Dead
42296,Dead
42297,Dead
42298,Dead
42299,Dead
42300,Dead
42301,Dead
42302,Dead
42303,Dead
42304,Dead
42305,Dead
42306,Dead
42307,Dead
42308,Dead
42309,Dead
42310,Dead
42311,Dead
42312,Dead
42313,Dead
42314,Dead
42315,Dead
42316,Dead
42317,Dead
42318,Dead
42319,Dead
42320,Dead
42321,Dead
42322,Dead
42323,Dead
42324,Dead
42325,Dead
42326,Dead
42327,Dead
42328,Dead
42329,Dead
42330,Dead
42331,Dead
42332,Dead
42333,Dead
42334,Dead
42335,Dead
42336,Dead
42337,Dead
42338,Dead
42339,Dead
42340,Dead
42341,Dead
42342,Dead
42343,Dead
42344,Dead
42345,Dead
42346,Dead
42347,Dead
42348,Dead
42349,Dead
42350,Dead
42351,Dead
42352,Dead
42353,Dead
42354,Dead
42355,Dead
42356,Dead
42357,Dead
42358,Dead
42359,Dead
42360,Dead
42361,Dead
42362,Dead
42363,Dead
42364,Dead
42365,Dead
42366,Dead
42367,Dead
42368,Dead
42369,Dead
42370,Dead
42371,Dead
42372,Dead
42373,Dead
42374,Dead
42375,Dead
42376,Dead
42377,Dead
42378,Dead
42379,Dead
42380,Dead
42381,Dead
42382,Dead
42383,Dead
42384,Dead
42385,Dead
42386,Dead
42387,Dead
42388,Dead
42389,Dead
42390,Dead
42391,Dead
42392,Dead
42393,Dead
42394,Dead
42395,Dead
42396,Dead
42397,Dead
42398,Dead
42399,Dead
42400,Dead
42401,Dead
42402,Dead
42403,Dead
42404,Dead
42405,Dead
42406,Dead
42407,Dead
42408,Dead
42409,Dead
42410,Dead
42411,Dead
42412,Dead
42413,Dead
42414,Dead
42415,Dead
42416,Dead
42417,Dead
42418,Dead
42419,Dead
42420,Dead
42421,Dead
42422,Dead
42423,Dead
42424,Dead
42425,Dead
42426,Dead
42427,Dead
42428,Dead
42429,Dead
42430,Dead
42431,Dead
42432,Dead
42433,Dead
42434,Dead
42435,Dead
42436,Dead
42437,Dead
42438,Dead
42439,Dead
42440,Dead
42441,Dead
42442,Dead
42443,Dead
42444,Dead
42445,Dead
42446,Dead
42447,Dead
42448,Dead
42449,Dead
42450,Dead
42451,Dead
42452,Dead
42453,Dead
42454,Dead
42455,Dead
42456,Dead
42457,Dead
42458,Dead
42459,Dead
42460,Dead
42461,Dead
42462,Dead
42463,Dead
42464,Dead
42465,Dead
42466,Dead
42467,Dead
42468,Dead
42469,Dead
42470,Dead
42471,Dead
42472,Dead
42473,Dead
42474,Dead
42475,Dead
42476,Dead
42477,Dead
42478,Dead
42479,Dead
42480,Dead
42481,Dead
42482,Dead
42483,Dead
42484,Dead
42485,Dead
42486,Dead
42487,Dead
42488,Dead
42489,Dead
42490,Dead
42491,Dead
42492,Dead
42493,Dead
42494,Dead
42495,Dead
42496,Dead
42497,Dead
42498,Dead
42499,Dead
42500,Dead
42501,Dead
42502,Dead
42503,Dead
42504,Dead
42505,Dead
42506,Dead
42507,Dead
42508,Dead
42509,Dead
42510,Dead
42511,Dead
42512,Dead
42513,Dead
42514,Dead
42515,Dead
42516,Dead
42517,Dead
42518,Dead
42519,Dead
42520,Dead
42521,Dead
42522,Dead
42523,Dead
42524,Dead
42525,Dead
42526,Dead
42527,Dead
42528,Dead
42529,Dead
42530,Dead
42531,Dead
42532,Dead
42533,Dead
42534,Dead
42535,Dead
42536,Dead
42537,Dead
42538,Dead
42539,Dead
42540,Dead
42541,Dead
42542,Dead
42543,Dead
42544,Dead
42545,Dead
42546,Dead
42547,Dead
42548,Dead
42549,Dead
42550,Dead
42551,Dead
42552,Dead
42553,Dead
42554,Dead
42555,Dead
42556,Dead
42557,Dead
42558,Dead
42559,Dead
42560,Dead
42561,Dead
42562,Dead
42563,Dead
42564,Dead
42565,Dead
42566,Dead
42567,Dead
42568,Dead
42569,Dead
42570,Dead
42571,Dead
42572,Dead
42573,Dead
42574,Dead
42575,Dead
42576,Dead
42577,Dead
42578,Dead
42579,Dead
42580,Dead
42581,Dead
42582,Dead
42583,Dead
42584,Dead
42585,Dead
42586,Dead
42587,Dead
42588,Dead
42589,Dead
42590,Dead
42591,Dead
42592,Dead
42593,Dead
42594,Dead
42595,Dead
42596,Dead
42597,Dead
42598,Dead
42599,Dead
42600,Dead
42601,Dead
42602,Dead
42603,Dead
42604,Dead
42605,Dead
42606,Dead
42607,Dead
42608,Dead
42609,Dead
42610,Dead
42611,Dead
42612,Dead
42613,Dead
42614,Dead
42615,Dead
42616,Dead
42617,Dead
42618,Dead
42619,Dead
42620,Dead
42621,Dead
42622,Dead
42623,Dead
42624,Dead
42625,Dead
42626,Dead
42627,Dead
42628,Dead
42629,Dead
42630,Dead
42631,Dead
42632,Dead
42633,Dead
42634,Dead
42635,Dead
42636,Dead
42637,Dead
42638,Dead
42639,Dead
42640,Dead
42641,Dead
42642,Dead
42643,Dead
42644,Dead
42645,Dead
42646,Dead
42647,Dead
42648,Dead
42649,Dead
42650,Dead
42651,Dead
42652,Dead
42653,Dead
42654,Dead
42655,Dead
42656,Dead
42657,Dead
42658,Dead
42659,Dead
42660,Dead
42661,Dead
42662,Dead
42663,Dead
42664,Dead
42665,Dead
42666,Dead
42667,Dead
42668,Dead
42669,Dead
42670,Dead
42671,Dead
42672,Dead
42673,Dead
42674,Dead
42675,Dead
42676,Dead
42677,Dead
42678,Dead
42679,Dead
42680,Dead
42681,Dead
42682,Dead
42683,Dead
42684,Dead
42685,Dead
42686,Dead
42687,Dead
42688,Dead
42689,Dead
42690,Dead
42691,Dead
42692,Dead
42693,Dead
42694,Dead
42695,Dead
42696,Dead
42697,Dead
42698,Dead
42699,Dead
42700,Dead
42701,Dead
42702,Dead
42703,Dead
42704,Dead
42705,Dead
42706,Dead
42707,Dead
42708,Dead
42709,Dead
42710,Dead
42711,Dead
42712,Dead
42713,Dead
42714,Dead
42715,Dead
42716,Dead
42717,Dead
42718,Dead
42719,Dead
42720,Dead
42721,Dead
42722,Dead
42723,Dead
42724,Dead
42725,Dead
42726,Dead
42727,Dead
42728,Dead
42729,Dead
42730,Dead
42731,Dead
42732,Dead
42733,Dead
42734,Dead
42735,Dead
42736,Dead
42737,Dead
42738,Dead
42739,Dead
42740,Dead
42741,Dead
42742,Dead
42743,Dead
42744,Dead
42745,Dead
42746,Dead
42747,Dead
42748,Dead
42749,Dead
42750,Dead
42751,Dead
42752,Dead
42753,Dead
42754,Dead
42755,Dead
42756,Dead
42757,Dead
42758,Dead
42759,Dead
42760,Dead
42761,Dead
42762,Dead
42763,Dead
42764,Dead
42765,Dead
42766,Dead
42767,Dead
42768,Dead
42769,Dead
42770,Dead
42771,Dead
42772,Dead
42773,Dead
42774,Dead
42775,Dead
42776,Dead
42777,Dead
42778,Dead
42779,Dead
42780,Dead
42781,Dead
42782,Dead
42783,Dead
42784,Dead
42785,Dead
42786,Dead
42787,Dead
42788,Dead
42789,Dead
42790,Dead
42791,Dead
42792,Dead
42793,Dead
42794,Dead
42795,Dead
42796,Dead
42797,Dead
42798,Dead
42799,Dead
42800,Dead
42801,Dead
42802,Dead
42803,Dead
42804,Dead
42805,Dead
42806,Dead
42807,Dead
42808,Dead
42809,Dead
42810,Dead
42811,Dead
42812,Dead
42813,Dead
42814,Dead
42815,Dead
42816,Dead
42817,Dead
42818,Dead
42819,Dead
42820,Dead
42821,Dead
42822,Dead
42823,Dead
42824,Dead
42825,Dead
42826,Dead
42827,Dead
42828,Dead
42829,Dead
42830,Dead
42831,Dead
42832,Dead
42833,Dead
42834,Dead
42835,Dead
42836,Dead
42837,Dead
42838,Dead
42839,Dead
42840,Dead
42841,Dead
42842,Dead
42843,Dead
42844,Dead
42845,Dead
42846,Dead
42847,Dead
42848,Dead
42849,Dead
42850,Dead
42851,Dead
42852,Dead
42853,Dead
42854,Dead
42855,Dead
42856,Dead
42857,Dead
42858,Dead
42859,Dead
42860,Dead
42861,Dead
42862,Dead
42863,Dead
42864,Dead
42865,Dead
42866,Dead
42867,Dead
42868,Dead
42869,Dead
42870,Dead
42871,Dead
42872,Dead
42873,Dead
42874,Dead
42875,Dead
42876,Dead
42877,Dead
42878,Dead
42879,Dead
42880,Dead
42881,Dead
42882,Dead
42883,Dead
42884,Dead
42885,Dead
42886,Dead
42887,Dead
42888,Dead
42889,Dead
42890,Dead
42891,Dead
42892,Dead
42893,Dead
42894,Dead
42895,Dead
42896,Dead
42897,Dead
42898,Dead
42899,Dead
42900,Dead
42901,Dead
42902,Dead
42903,Dead
42904,Dead
42905,Dead
42906,Dead
42907,Dead
42908,Dead
42909,Dead
42910,Dead
42911,Dead
42912,Dead
42913,Dead
42914,Dead
42915,Dead
42916,Dead
42917,Dead
42918,Dead
42919,Dead
42920,Dead
42921,Dead
42922,Dead
42923,Dead
42924,Dead
42925,Dead
42926,Dead
42927,Dead
42928,Dead
42929,Dead
42930,Dead
42931,Dead
42932,Dead
42933,Dead
42934,Dead
42935,Dead
42936,Dead
42937,Dead
42938,Dead
42939,Dead
42940,Dead
42941,Dead
42942,Dead
42943,Dead
42944,Dead
42945,Dead
42946,Dead
42947,Dead
42948,Dead
42949,Dead
42950,Dead
42951,Dead
42952,Dead
42953,Dead
42954,Dead
42955,Dead
42956,Dead
42957,Dead
42958,Dead
42959,Dead
42960,Dead
42961,Dead
42962,Dead
42963,Dead
42964,Dead
42965,Dead
42966,Dead
42967,Dead
42968,Dead
42969,Dead
42970,Dead
42971,Dead
42972,Dead
42973,Dead
42974,Dead
42975,Dead
42976,Dead
42977,Dead
42978,Dead
42979,Dead
42980,Dead
42981,Dead
42982,Dead
42983,Dead
42984,Dead
42985,Dead
42986,Dead
42987,Dead
42988,Dead
42989,Dead
42990,Dead
42991,Dead
42992,Dead
42993,Dead
42994,Dead
42995,Dead
42996,Dead
42997,Dead
42998,Dead
42999,Dead
43000,Dead
43001,Dead
43002,Dead
43003,Dead
43004,Dead
43005,Dead
43006,Dead
43007,Dead
43008,Dead
43009,Dead
43010,Dead
43011,Dead
43012,Dead
43013,Dead
43014,Dead
43015,Dead
43016,Dead
43017,Dead
43018,Dead
43019,Dead
43020,Dead
43021,Dead
43022,Dead
43023,Dead
43024,Dead
43025,Dead
43026,Dead
43027,Dead
43028,Dead
43029,Dead
43030,Dead
43031,Dead
43032,Dead
43033,Dead
43034,Dead
43035,Dead
43036,Dead
43037,Dead
43038,Dead
43039,Dead
43040,Dead
43041,Dead
43042,Dead
43043,Dead
43044,Dead
43045,Dead
43046,Dead
43047,Dead
43048,Dead
43049,Dead
43050,Dead
43051,Dead
43052,Dead
43053,Dead
43054,Dead
43055,Dead
43056,Dead
43057,Dead
43058,Dead
43059,Dead
43060,Dead
43061,Dead
43062,Dead
43063,Dead
43064,Dead
43065,Dead
43066,Dead
43067,Dead
43068,Dead
43069,Dead
43070,Dead
43071,Dead
43072,Dead
43073,Dead
43074,Dead
43075,Dead
43076,Dead
43077,Dead
43078,Dead
43079,Dead
43080,Dead
43081,Dead
43082,Dead
43083,Dead
43084,Dead
43085,Dead
43086,Dead
43087,Dead
43088,Dead
43089,Dead
43090,Dead
43091,Dead
43092,Dead
43093,Dead
43094,Dead
43095,Dead
43096,Dead
43097,Dead
43098,Dead
43099,Dead
43100,Dead
43101,Dead
43102,Dead
43103,Dead
43104,Dead
43105,Dead
43106,Dead
43107,Dead
43108,Dead
43109,Dead
43110,Dead
43111,Dead
43112,Dead
43113,Dead
43114,Dead
43115,Dead
43116,Dead
43117,Dead
43118,Dead
43119,Dead
43120,Dead
43121,Dead
43122,Dead
43123,Dead
43124,Dead
43125,Dead
43126,Dead
43127,Dead
43128,Dead
43129,Dead
43130,Dead
43131,Dead
43132,Dead
43133,Dead
43134,Dead
43135,Dead
43136,Dead
43137,Dead
43138,Dead
43139,Dead
43140,Dead
43141,Dead
43142,Dead
43143,Dead
43144,Dead
43145,Dead
43146,Dead
43147,Dead
43148,Dead
43149,Dead
43150,Dead
43151,Dead
43152,Dead
43153,Dead
43154,Dead
43155,Dead
43156,Dead
43157,Dead
43158,Dead
43159,Dead
43160,Dead
43161,Dead
43162,Dead
43163,Dead
43164,Dead
43165,Dead
43166,Dead
43167,Dead
43168,Dead
43169,Dead
43170,Dead
43171,Dead
43172,Dead
43173,Dead
43174,Dead
43175,Dead
43176,Dead
43177,Dead
43178,Dead
43179,Dead
43180,Dead
43181,Dead
43182,Dead
43183,Dead
43184,Dead
43185,Dead
43186,Dead
43187,Dead
43188,Dead
43189,Dead
43190,Dead
43191,Dead
43192,Dead
43193,Dead
43194,Dead
43195,Dead
43196,Dead
43197,Dead
43198,Dead
43199,Dead
43200,Dead
43201,Dead
43202,Dead
43203,Dead
43204,Dead
43205,Dead
43206,Dead
43207,Dead
43208,Dead
43209,Dead
43210,Dead
43211,Dead
43212,Dead
43213,Dead
43214,Dead
43215,Dead
43216,Dead
43217,Dead
43218,Dead
43219,Dead
43220,Dead
43221,Dead
43222,Dead
43223,Dead
43224,Dead
43225,Dead
43226,Dead
43227,Dead
43228,Dead
43229,Dead
43230,Dead
43231,Dead
43232,Dead
43233,Dead
43234,Dead
43235,Dead
43236,Dead
43237,Dead
43238,Dead
43239,Dead
43240,Dead
43241,Dead
43242,Dead
43243,Dead
43244,Dead
43245,Dead
43246,Dead
43247,Dead
43248,Dead
43249,Dead
43250,Dead
43251,Dead
43252,Dead
43253,Dead
43254,Dead
43255,Dead
43256,Dead
43257,Dead
43258,Dead
43259,Dead
43260,Dead
43261,Dead
43262,Dead
43263,Dead
43264,Dead
43265,Dead
43266,Dead
43267,Dead
43268,Dead
43269,Dead
43270,Dead
43271,Dead
43272,Dead
43273,Dead
43274,Dead
43275,Dead
43276,Dead
43277,Dead
43278,Dead
43279,Dead
43280,Dead
43281,Dead
43282,Dead
43283,Dead
43284,Dead
43285,Dead
43286,Dead
43287,Dead
43288,Dead
43289,Dead
43290,Dead
43291,Dead
43292,Dead
43293,Dead
43294,Dead
43295,Dead
43296,Dead
43297,Dead
43298,Dead
43299,Dead
43300,Dead
43301,Dead
43302,Dead
43303,Dead
43304,Dead
43305,Dead
43306,Dead
43307,Dead
43308,Dead
43309,Dead
43310,Dead
43311,Dead
43312,Dead
43313,Dead
43314,Dead
43315,Dead
43316,Dead
43317,Dead
43318,Dead
43319,Dead
43320,Dead
43321,Dead
43322,Dead
43323,Dead
43324,Dead
43325,Dead
43326,Dead
43327,Dead
43328,Dead
43329,Dead
43330,Dead
43331,Dead
43332,Dead
43333,Dead
43334,Dead
43335,Dead
43336,Dead
43337,Dead
43338,Dead
43339,Dead
43340,Dead
43341,Dead
43342,Dead
43343,Dead
43344,Dead
43345,Dead
43346,Dead
43347,Dead
43348,Dead
43349,Dead
43350,Dead
43351,Dead
43352,Dead
43353,Dead
43354,Dead
43355,Dead
43356,Dead
43357,Dead
43358,Dead
43359,Dead
43360,Dead
43361,Dead
43362,Dead
43363,Dead
43364,Dead
43365,Dead
43366,Dead
43367,Dead
43368,Dead
43369,Dead
43370,Dead
43371,Dead
43372,Dead
43373,Dead
43374,Dead
43375,Dead
43376,Dead
43377,Dead
43378,Dead
43379,Dead
43380,Dead
43381,Dead
43382,Dead
43383,Dead
43384,Dead
43385,Dead
43386,Dead
43387,Dead
43388,Dead
43389,Dead
43390,Dead
43391,Dead
43392,Dead
43393,Dead
43394,Dead
43395,Dead
43396,Dead
43397,Dead
43398,Dead
43399,Dead
43400,Dead
43401,Dead
43402,Dead
43403,Dead
43404,Dead
43405,Dead
43406,Dead
43407,Dead
43408,Dead
43409,Dead
43410,Dead
43411,Dead
43412,Dead
43413,Dead
43414,Dead
43415,Dead
43416,Dead
43417,Dead
43418,Dead
43419,Dead
43420,Dead
43421,Dead
43422,Dead
43423,Dead
43424,Dead
43425,Dead
43426,Dead
43427,Dead
43428,Dead
43429,Dead
43430,Dead
43431,Dead
43432,Dead
43433,Dead
43434,Dead
43435,Dead
43436,Dead
43437,Dead
43438,Dead
43439,Dead
43440,Dead
43441,Dead
43442,Dead
43443,Dead
43444,Dead
43445,Dead
43446,Dead
43447,Dead
43448,Dead
43449,Dead
43450,Dead
43451,Dead
43452,Dead
43453,Dead
43454,Dead
43455,Dead
43456,Dead
43457,Dead
43458,Dead
43459,Dead
43460,Dead
43461,Dead
43462,Dead
43463,Dead
43464,Dead
43465,Dead
43466,Dead
43467,Dead
43468,Dead
43469,Dead
43470,Dead
43471,Dead
43472,Dead
43473,Dead
43474,Dead
43475,Dead
43476,Dead
43477,Dead
43478,Dead
43479,Dead
43480,Dead
43481,Dead
43482,Dead
43483,Dead
43484,Dead
43485,Dead
43486,Dead
43487,Dead
43488,Dead
43489,Dead
43490,Dead
43491,Dead
43492,Dead
43493,Dead
43494,Dead
43495,Dead
43496,Dead
43497,Dead
43498,Dead
43499,Dead
43500,Dead
43501,Dead
43502,Dead
43503,Dead
43504,Dead
43505,Dead
43506,Dead
43507,Dead
43508,Dead
43509,Dead
43510,Dead
43511,Dead
43512,Dead
43513,Dead
43514,Dead
43515,Dead
43516,Dead
43517,Dead
43518,Dead
43519,Dead
43520,Dead
43521,Dead
43522,Dead
43523,Dead
43524,Dead
43525,Dead
43526,Dead
43527,Dead
43528,Dead
43529,Dead
43530,Dead
43531,Dead
43532,Dead
43533,Dead
43534,Dead
43535,Dead
43536,Dead
43537,Dead
43538,Dead
43539,Dead
43540,Dead
43541,Dead
43542,Dead
43543,Dead
43544,Dead
43545,Dead
43546,Dead
43547,Dead
43548,Dead
43549,Dead
43550,Dead
43551,Dead
43552,Dead
43553,Dead
43554,Dead
43555,Dead
43556,Dead
43557,Dead
43558,Dead
43559,Dead
43560,Dead
43561,Dead
43562,Dead
43563,Dead
43564,Dead
43565,Dead
43566,Dead
43567,Dead
43568,Dead
43569,Dead
43570,Dead
43571,Dead
43572,Dead
43573,Dead
43574,Dead
43575,Dead
43576,Dead
43577,Dead
43578,Dead
43579,Dead
43580,Dead
43581,Dead
43582,Dead
43583,Dead
43584,Dead
43585,Dead
43586,Dead
43587,Dead
43588,Dead
43589,Dead
43590,Dead
43591,Dead
43592,Dead
43593,Dead
43594,Dead
43595,Dead
43596,Dead
43597,Dead
43598,Dead
43599,Dead
43600,Dead
43601,Dead
43602,Dead
43603,Dead
43604,Dead
43605,Dead
43606,Dead
43607,Dead
43608,Dead
43609,Dead
43610,Dead
43611,Dead
43612,Dead
43613,Dead
43614,Dead
43615,Dead
43616,Dead
43617,Dead
43618,Dead
43619,Dead
43620,Dead
43621,Dead
43622,Dead
43623,Dead
43624,Dead
43625,Dead
43626,Dead
43627,Dead
43628,Dead
43629,Dead
43630,Dead
43631,Dead
43632,Dead
43633,Dead
43634,Dead
43635,Dead
43636,Dead
43637,Dead
43638,Dead
43639,Dead
43640,Dead
43641,Dead
43642,Dead
43643,Dead
43644,Dead
43645,Dead
43646,Dead
43647,Dead
43648,Dead
43649,Dead
43650,Dead
43651,Dead
43652,Dead
43653,Dead
43654,Dead
43655,Dead
43656,Dead
43657,Dead
43658,Dead
43659,Dead
43660,Dead
43661,Dead
43662,Dead
43663,Dead
43664,Dead
43665,Dead
43666,Dead
43667,Dead
43668,Dead
43669,Dead
43670,Dead
43671,Dead
43672,Dead
43673,Dead
43674,Dead
43675,Dead
43676,Dead
43677,Dead
43678,Dead
43679,Dead
43680,Dead
43681,Dead
43682,Dead
43683,Dead
43684,Dead
43685,Dead
43686,Dead
43687,Dead
43688,Dead
43689,Dead
43690,Dead
43691,Dead
43692,Dead
43693,Dead
43694,Dead
43695,Dead
43696,Dead
43697,Dead
43698,Dead
43699,Dead
43700,Dead
43701,Dead
43702,Dead
43703,Dead
43704,Dead
43705,Dead
43706,Dead
43707,Dead
43708,Dead
43709,Dead
43710,Dead
43711,Dead
43712,Dead
43713,Dead
43714,Dead
43715,Dead
43716,Dead
43717,Dead
43718,Dead
43719,Dead
43720,Dead
43721,Dead
43722,Dead
43723,Dead
43724,Dead
43725,Dead
43726,Dead
43727,Dead
43728,Dead
43729,Dead
43730,Dead
43731,Dead
43732,Dead
43733,Dead
43734,Dead
43735,Dead
43736,Dead
43737,Dead
43738,Dead
43739,Dead
43740,Dead
43741,Dead
43742,Dead
43743,Dead
43744,Dead
43745,Dead
43746,Dead
43747,Dead
43748,Dead
43749,Dead
43750,Dead
43751,Dead
43752,Dead
43753,Dead
43754,Dead
43755,Dead
43756,Dead
43757,Dead
43758,Dead
43759,Dead
43760,Dead
43761,Dead
43762,Dead
43763,Dead
43764,Dead
43765,Dead
43766,Dead
43767,Dead
43768,Dead
43769,Dead
43770,Dead
43771,Dead
43772,Dead
43773,Dead
43774,Dead
43775,Dead
43776,Dead
43777,Dead
43778,Dead
43779,Dead
43780,Dead
43781,Dead
43782,Dead
43783,Dead
43784,Dead
43785,Dead
43786,Dead
43787,Dead
43788,Dead
43789,Dead
43790,Dead
43791,Dead
43792,Dead
43793,Dead
43794,Dead
43795,Dead
43796,Dead
43797,Dead
43798,Dead
43799,Dead
43800,Dead
43801,Dead
43802,Dead
43803,Dead
43804,Dead
43805,Dead
43806,Dead
43807,Dead
43808,Dead
43809,Dead
43810,Dead
43811,Dead
43812,Dead
43813,Dead
43814,Dead
43815,Dead
43816,Dead
43817,Dead
43818,Dead
43819,Dead
43820,Dead
43821,Dead
43822,Dead
43823,Dead
43824,Dead
43825,Dead
43826,Dead
43827,Dead
43828,Dead
43829,Dead
43830,Dead
43831,Dead
43832,Dead
43833,Dead
43834,Dead
43835,Dead
43836,Dead
43837,Dead
43838,Dead
43839,Dead
43840,Dead
43841,Dead
43842,Dead
43843,Dead
43844,Dead
43845,Dead
43846,Dead
43847,Dead
43848,Dead
43849,Dead
43850,Dead
43851,Dead
43852,Dead
43853,Dead
43854,Dead
43855,Dead
43856,Dead
43857,Dead
43858,Dead
43859,Dead
43860,Dead
43861,Dead
43862,Dead
43863,Dead
43864,Dead
43865,Dead
43866,Dead
43867,Dead
43868,Dead
43869,Dead
43870,Dead
43871,Dead
43872,Dead
43873,Dead
43874,Dead
43875,Dead
43876,Dead
43877,Dead
43878,Dead
43879,Dead
43880,Dead
43881,Dead
43882,Dead
43883,Dead
43884,Dead
43885,Dead
43886,Dead
43887,Dead
43888,Dead
43889,Dead
43890,Dead
43891,Dead
43892,Dead
43893,Dead
43894,Dead
43895,Dead
43896,Dead
43897,Dead
43898,Dead
43899,Dead
43900,Dead
43901,Dead
43902,Dead
43903,Dead
43904,Dead
43905,Dead
43906,Dead
43907,Dead
43908,Dead
43909,Dead
43910,Dead
43911,Dead
43912,Dead
43913,Dead
43914,Dead
43915,Dead
43916,Dead
43917,Dead
43918,Dead
43919,Dead
43920,Dead
43921,Dead
43922,Dead
43923,Dead
43924,Dead
43925,Dead
43926,Dead
43927,Dead
43928,Dead
43929,Dead
43930,Dead
43931,Dead
43932,Dead
43933,Dead
43934,Dead
43935,Dead
43936,Dead
43937,Dead
43938,Dead
43939,Dead
43940,Dead
43941,Dead
43942,Dead
43943,Dead
43944,Dead
43945,Dead
43946,Dead
43947,Dead
43948,Dead
43949,Dead
43950,Dead
43951,Dead
43952,Dead
43953,Dead
43954,Dead
43955,Dead
43956,Dead
43957,Dead
43958,Dead
43959,Dead
43960,Dead
43961,Dead
43962,Dead
43963,Dead
43964,Dead
43965,Dead
43966,Dead
43967,Dead
43968,Dead
43969,Dead
43970,Dead
43971,Dead
43972,Dead
43973,Dead
43974,Dead
43975,Dead
43976,Dead
43977,Dead
43978,Dead
43979,Dead
43980,Dead
43981,Dead
43982,Dead
43983,Dead
43984,Dead
43985,Dead
43986,Dead
43987,Dead
43988,Dead
43989,Dead
43990,Dead
43991,Dead
43992,Dead
43993,Dead
43994,Dead
43995,Dead
43996,Dead
43997,Dead
43998,Dead
43999,Dead
44000,Dead
44001,Dead
44002,Dead
44003,Dead
44004,Dead
44005,Dead
44006,Dead
44007,Dead
44008,Dead
44009,Dead
44010,Dead
44011,Dead
44012,Dead
44013,Dead
44014,Dead
44015,Dead
44016,Dead
44017,Dead
44018,Dead
44019,Dead
44020,Dead
44021,Dead
44022,Dead
44023,Dead
44024,Dead
44025,Dead
44026,Dead
44027,Dead
44028,Dead
44029,Dead
44030,Dead
44031,Dead
44032,Dead
44033,Dead
44034,Dead
44035,Dead
44036,Dead
44037,Dead
44038,Dead
44039,Dead
44040,Dead
44041,Dead
44042,Dead
44043,Dead
44044,Dead
44045,Dead
44046,Dead
44047,Dead
44048,Dead
44049,Dead
44050,Dead
44051,Dead
44052,Dead
44053,Dead
44054,Dead
44055,Dead
44056,Dead
44057,Dead
44058,Dead
44059,Dead
44060,Dead
44061,Dead
44062,Dead
44063,Dead
44064,Dead
44065,Dead
44066,Dead
44067,Dead
44068,Dead
44069,Dead
44070,Dead
44071,Dead
44072,Dead
44073,Dead
44074,Dead
44075,Dead
44076,Dead
44077,Dead
44078,Dead
44079,Dead
44080,Dead
44081,Dead
44082,Dead
44083,Dead
44084,Dead
44085,Dead
44086,Dead
44087,Dead
44088,Dead
44089,Dead
44090,Dead
44091,Dead
44092,Dead
44093,Dead
44094,Dead
44095,Dead
44096,Dead
44097,Dead
44098,Dead
44099,Dead
44100,Dead
44101,Dead
44102,Dead
44103,Dead
44104,Dead
44105,Dead
44106,Dead
44107,Dead
44108,Dead
44109,Dead
44110,Dead
44111,Dead
44112,Dead
44113,Dead
44114,Dead
44115,Dead
44116,Dead
44117,Dead
44118,Dead
44119,Dead
44120,Dead
44121,Dead
44122,Dead
44123,Dead
44124,Dead
44125,Dead
44126,Dead
44127,Dead
44128,Dead
44129,Dead
44130,Dead
44131,Dead
44132,Dead
44133,Dead
44134,Dead
44135,Dead
44136,Dead
44137,Dead
44138,Dead
44139,Dead
44140,Dead
44141,Dead
44142,Dead
44143,Dead
44144,Dead
44145,Dead
44146,Dead
44147,Dead
44148,Dead
44149,Dead
44150,Dead
44151,Dead
44152,Dead
44153,Dead
44154,Dead
44155,Dead
44156,Dead
44157,Dead
44158,Dead
44159,Dead
44160,Dead
44161,Dead
44162,Dead
44163,Dead
44164,Dead
44165,Dead
44166,Dead
44167,Dead
44168,Dead
44169,Dead
44170,Dead
44171,Dead
44172,Dead
44173,Dead
44174,Dead
44175,Dead
44176,Dead
44177,Dead
44178,Dead
44179,Dead
44180,Dead
44181,Dead
44182,Dead
44183,Dead
44184,Dead
44185,Dead
44186,Dead
44187,Dead
44188,Dead
44189,Dead
44190,Dead
44191,Dead
44192,Dead
44193,Dead
44194,Dead
44195,Dead
44196,Dead
44197,Dead
44198,Dead
44199,Dead
44200,Dead
44201,Dead
44202,Dead
44203,Dead
44204,Dead
44205,Dead
44206,Dead
44207,Dead
44208,Dead
44209,Dead
44210,Dead
44211,Dead
44212,Dead
44213,Dead
44214,Dead
44215,Dead
44216,Dead
44217,Dead
44218,Dead
44219,Dead
44220,Dead
44221,Dead
44222,Dead
44223,Dead
44224,Dead
44225,Dead
44226,Dead
44227,Dead
44228,Dead
44229,Dead
44230,Dead
44231,Dead
44232,Dead
44233,Dead
44234,Dead
44235,Dead
44236,Dead
44237,Dead
44238,Dead
44239,Dead
44240,Dead
44241,Dead
44242,Dead
44243,Dead
44244,Dead
44245,Dead
44246,Dead
44247,Dead
44248,Dead
44249,Dead
44250,Dead
44251,Dead
44252,Dead
44253,Dead
44254,Dead
44255,Dead
44256,Dead
44257,Dead
44258,Dead
44259,Dead
44260,Dead
44261,Dead
44262,Dead
44263,Dead
44264,Dead
44265,Dead
44266,Dead
44267,Dead
44268,Dead
44269,Dead
44270,Dead
44271,Dead
44272,Dead
44273,Dead
44274,Dead
44275,Dead
44276,Dead
44277,Dead
44278,Dead
44279,Dead
44280,Dead
44281,Dead
44282,Dead
44283,Dead
44284,Dead
44285,Dead
44286,Dead
44287,Dead
44288,Dead
44289,Dead
44290,Dead
44291,Dead
44292,Dead
44293,Dead
44294,Dead
44295,Dead
44296,Dead
44297,Dead
44298,Dead
44299,Dead
44300,Dead
44301,Dead
44302,Dead
44303,Dead
44304,Dead
44305,Dead
44306,Dead
44307,Dead
44308,Dead
44309,Dead
44310,Dead
44311,Dead
44312,Dead
44313,Dead
44314,Dead
44315,Dead
44316,Dead
44317,Dead
44318,Dead
44319,Dead
44320,Dead
44321,Dead
44322,Dead
44323,Dead
44324,Dead
44325,Dead
44326,Dead
44327,Dead
44328,Dead
44329,Dead
44330,Dead
44331,Dead
44332,Dead
44333,Dead
44334,Dead
44335,Dead
44336,Dead
44337,Dead
44338,Dead
44339,Dead
44340,Dead
44341,Dead
44342,Dead
44343,Dead
44344,Dead
44345,Dead
44346,Dead
44347,Dead
44348,Dead
44349,Dead
44350,Dead
44351,Dead
44352,Dead
44353,Dead
44354,Dead
44355,Dead
44356,Dead
44357,Dead
44358,Dead
44359,Dead
44360,Dead
44361,Dead
44362,Dead
44363,Dead
44364,Dead
44365,Dead
44366,Dead
44367,Dead
44368,Dead
44369,Dead
44370,Dead
44371,Dead
44372,Dead
44373,Dead
44374,Dead
44375,Dead
44376,Dead
44377,Dead
44378,Dead
44379,Dead
44380,Dead
44381,Dead
44382,Dead
44383,Dead
44384,Dead
44385,Dead
44386,Dead
44387,Dead
44388,Dead
44389,Dead
44390,Dead
44391,Dead
44392,Dead
44393,Dead
44394,Dead
44395,Dead
44396,Dead
44397,Dead
44398,Dead
44399,Dead
44400,Dead
44401,Dead
44402,Dead
44403,Dead
44404,Dead
44405,Dead
44406,Dead
44407,Dead
44408,Dead
44409,Dead
44410,Dead
44411,Dead
44412,Dead
44413,Dead
44414,Dead
44415,Dead
44416,Dead
44417,Dead
44418,Dead
44419,Dead
44420,Dead
44421,Dead
44422,Dead
44423,Dead
44424,Dead
44425,Dead
44426,Dead
44427,Dead
44428,Dead
44429,Dead
44430,Dead
44431,Dead
44432,Dead
44433,Dead
44434,Dead
44435,Dead
44436,Dead
44437,Dead
44438,Dead
44439,Dead
44440,Dead
44441,Dead
44442,Dead
44443,Dead
44444,Dead
44445,Dead
44446,Dead
44447,Dead
44448,Dead
44449,Dead
44450,Dead
44451,Dead
44452,Dead
44453,Dead
44454,Dead
44455,Dead
44456,Dead
44457,Dead
44458,Dead
44459,Dead
44460,Dead
44461,Dead
44462,Dead
44463,Dead
44464,Dead
44465,Dead
44466,Dead
44467,Dead
44468,Dead
44469,Dead
44470,Dead
44471,Dead
44472,Dead
44473,Dead
44474,Dead
44475,Dead
44476,Dead
44477,Dead
44478,Dead
44479,Dead
44480,Dead
44481,Dead
44482,Dead
44483,Dead
44484,Dead
44485,Dead
44486,Dead
44487,Dead
44488,Dead
44489,Dead
44490,Dead
44491,Dead
44492,Dead
44493,Dead
44494,Dead
44495,Dead
44496,Dead
44497,Dead
44498,Dead
44499,Dead
44500,Dead
44501,Dead
44502,Dead
44503,Dead
44504,Dead
44505,Dead
44506,Dead
44507,Dead
44508,Dead
44509,Dead
44510,Dead
44511,Dead
44512,Dead
44513,Dead
44514,Dead
44515,Dead
44516,Dead
44517,Dead
44518,Dead
44519,Dead
44520,Dead
44521,Dead
44522,Dead
44523,Dead
44524,Dead
44525,Dead
44526,Dead
44527,Dead
44528,Dead
44529,Dead
44530,Dead
44531,Dead
44532,Dead
44533,Dead
44534,Dead
44535,Dead
44536,Dead
44537,Dead
44538,Dead
44539,Dead
44540,Dead
44541,Dead
44542,Dead
44543,Dead
44544,Dead
44545,Dead
44546,Dead
44547,Dead
44548,Dead
44549,Dead
44550,Dead
44551,Dead
44552,Dead
44553,Dead
44554,Dead
44555,Dead
44556,Dead
44557,Dead
44558,Dead
44559,Dead
44560,Dead
44561,Dead
44562,Dead
44563,Dead
44564,Dead
44565,Dead
44566,Dead
44567,Dead
44568,Dead
44569,Dead
44570,Dead
44571,Dead
44572,Dead
44573,Dead
44574,Dead
44575,Dead
44576,Dead
44577,Dead
44578,Dead
44579,Dead
44580,Dead
44581,Dead
44582,Dead
44583,Dead
44584,Dead
44585,Dead
44586,Dead
44587,Dead
44588,Dead
44589,Dead
44590,Dead
44591,Dead
44592,Dead
44593,Dead
44594,Dead
44595,Dead
44596,Dead
44597,Dead
44598,Dead
44599,Dead
44600,Dead
44601,Dead
44602,Dead
44603,Dead
44604,Dead
44605,Dead
44606,Dead
44607,Dead
44608,Dead
44609,Dead
44610,Dead
44611,Dead
44612,Dead
44613,Dead
44614,Dead
44615,Dead
44616,Dead
44617,Dead
44618,Dead
44619,Dead
44620,Dead
44621,Dead
44622,Dead
44623,Dead
44624,Dead
44625,Dead
44626,Dead
44627,Dead
44628,Dead
44629,Dead
44630,Dead
44631,Dead
44632,Dead
44633,Dead
44634,Dead
44635,Dead
44636,Dead
44637,Dead
44638,Dead
44639,Dead
44640,Dead
44641,Dead
44642,Dead
44643,Dead
44644,Dead
44645,Dead
44646,Dead
44647,Dead
44648,Dead
44649,Dead
44650,Dead
44651,Dead
44652,Dead
44653,Dead
44654,Dead
44655,Dead
44656,Dead
44657,Dead
44658,Dead
44659,Dead
44660,Dead
44661,Dead
44662,Dead
44663,Dead
44664,Dead
44665,Dead
44666,Dead
44667,Dead
44668,Dead
44669,Dead
44670,Dead
44671,Dead
44672,Dead
44673,Dead
44674,Dead
44675,Dead
44676,Dead
44677,Dead
44678,Dead
44679,Dead
44680,Dead
44681,Dead
44682,Dead
44683,Dead
44684,Dead
44685,Dead
44686,Dead
44687,Dead
44688,Dead
44689,Dead
44690,Dead
44691,Dead
44692,Dead
44693,Dead
44694,Dead
44695,Dead
44696,Dead
44697,Dead
44698,Dead
44699,Dead
44700,Dead
44701,Dead
44702,Dead
44703,Dead
44704,Dead
44705,Dead
44706,Dead
44707,Dead
44708,Dead
44709,Dead
44710,Dead
44711,Dead
44712,Dead
44713,Dead
44714,Dead
44715,Dead
44716,Dead
44717,Dead
44718,Dead
44719,Dead
44720,Dead
44721,Dead
44722,Dead
44723,Dead
44724,Dead
44725,Dead
44726,Dead
44727,Dead
44728,Dead
44729,Dead
44730,Dead
44731,Dead
44732,Dead
44733,Dead
44734,Dead
44735,Dead
44736,Dead
44737,Dead
44738,Dead
44739,Dead
44740,Dead
44741,Dead
44742,Dead
44743,Dead
44744,Dead
44745,Dead
44746,Dead
44747,Dead
44748,Dead
44749,Dead
44750,Dead
44751,Dead
44752,Dead
44753,Dead
44754,Dead
44755,Dead
44756,Dead
44757,Dead
44758,Dead
44759,Dead
44760,Dead
44761,Dead
44762,Dead
44763,Dead
44764,Dead
44765,Dead
44766,Dead
44767,Dead
44768,Dead
44769,Dead
44770,Dead
44771,Dead
44772,Dead
44773,Dead
44774,Dead
44775,Dead
44776,Dead
44777,Dead
44778,Dead
44779,Dead
44780,Dead
44781,Dead
44782,Dead
44783,Dead
44784,Dead
44785,Dead
44786,Dead
44787,Dead
44788,Dead
44789,Dead
44790,Dead
44791,Dead
44792,Dead
44793,Dead
44794,Dead
44795,Dead
44796,Dead
44797,Dead
44798,Dead
44799,Dead
44800,Dead
44801,Dead
44802,Dead
44803,Dead
44804,Dead
44805,Dead
44806,Dead
44807,Dead
44808,Dead
44809,Dead
44810,Dead
44811,Dead
44812,Dead
44813,Dead
44814,Dead
44815,Dead
44816,Dead
44817,Dead
44818,Dead
44819,Dead
44820,Dead
44821,Dead
44822,Dead
44823,Dead
44824,Dead
44825,Dead
44826,Dead
44827,Dead
44828,Dead
44829,Dead
44830,Dead
44831,Dead
44832,Dead
44833,Dead
44834,Dead
44835,Dead
44836,Dead
44837,Dead
44838,Dead
44839,Dead
44840,Dead
44841,Dead
44842,Dead
44843,Dead
44844,Dead
44845,Dead
44846,Dead
44847,Dead
44848,Dead
44849,Dead
44850,Dead
44851,Dead
44852,Dead
44853,Dead
44854,Dead
44855,Dead
44856,Dead
44857,Dead
44858,Dead
44859,Dead
44860,Dead
44861,Dead
44862,Dead
44863,Dead
44864,Dead
44865,Dead
44866,Dead
44867,Dead
44868,Dead
44869,Dead
44870,Dead
44871,Dead
44872,Dead
44873,Dead
44874,Dead
44875,Dead
44876,Dead
44877,Dead
44878,Dead
44879,Dead
44880,Dead
44881,Dead
44882,Dead
44883,Dead
44884,Dead
44885,Dead
44886,Dead
44887,Dead
44888,Dead
44889,Dead
44890,Dead
44891,Dead
44892,Dead
44893,Dead
44894,Dead
44895,Dead
44896,Dead
44897,Dead
44898,Dead
44899,Dead
44900,Dead
44901,Dead
44902,Dead
44903,Dead
44904,Dead
44905,Dead
44906,Dead
44907,Dead
44908,Dead
44909,Dead
44910,Dead
44911,Dead
44912,Dead
44913,Dead
44914,Dead
44915,Dead
44916,Dead
44917,Dead
44918,Dead
44919,Dead
44920,Dead
44921,Dead
44922,Dead
44923,Dead
44924,Dead
44925,Dead
44926,Dead
44927,Dead
44928,Dead
44929,Dead
44930,Dead
44931,Dead
44932,Dead
44933,Dead
44934,Dead
44935,Dead
44936,Dead
44937,Dead
44938,Dead
44939,Dead
44940,Dead
44941,Dead
44942,Dead
44943,Dead
44944,Dead
44945,Dead
44946,Dead
44947,Dead
44948,Dead
44949,Dead
44950,Dead
44951,Dead
44952,Dead
44953,Dead
44954,Dead
44955,Dead
44956,Dead
44957,Dead
44958,Dead
44959,Dead
44960,Dead
44961,Dead
44962,Dead
44963,Dead
44964,Dead
44965,Dead
44966,Dead
44967,Dead
44968,Dead
44969,Dead
44970,Dead
44971,Dead
44972,Dead
44973,Dead
44974,Dead
44975,Dead
44976,Dead
44977,Dead
44978,Dead
44979,Dead
44980,Dead
44981,Dead
44982,Dead
44983,Dead
44984,Dead
44985,Dead
44986,Dead
44987,Dead
44988,Dead
44989,Dead
44990,Dead
44991,Dead
44992,Dead
44993,Dead
44994,Dead
44995,Dead
44996,Dead
44997,Dead
44998,Dead
44999,Dead
45000,Dead
45001,Dead
45002,Dead
45003,Dead
45004,Dead
45005,Dead
45006,Dead
45007,Dead
45008,Dead
45009,Dead
45010,Dead
45011,Dead
45012,Dead
45013,Dead
45014,Dead
45015,Dead
45016,Dead
45017,Dead
45018,Dead
45019,Dead
45020,Dead
45021,Dead
45022,Dead
45023,Dead
45024,Dead
45025,Dead
45026,Dead
45027,Dead
45028,Dead
45029,Dead
45030,Dead
45031,Dead
45032,Dead
45033,Dead
45034,Dead
45035,Dead
45036,Dead
45037,Dead
45038,Dead
45039,Dead
45040,Dead
45041,Dead
45042,Dead
45043,Dead
45044,Dead
45045,Dead
45046,Dead
45047,Dead
45048,Dead
45049,Dead
45050,Dead
45051,Dead
45052,Dead
45053,Dead
45054,Dead
45055,Dead
45056,Dead
45057,Dead
45058,Dead
45059,Dead
45060,Dead
45061,Dead
45062,Dead
45063,Dead
45064,Dead
45065,Dead
45066,Dead
45067,Dead
45068,Dead
45069,Dead
45070,Dead
45071,Dead
45072,Dead
45073,Dead
45074,Dead
45075,Dead
45076,Dead
45077,Dead
45078,Dead
45079,Dead
45080,Dead
45081,Dead
45082,Dead
45083,Dead
45084,Dead
45085,Dead
45086,Dead
45087,Dead
45088,Dead
45089,Dead
45090,Dead
45091,Dead
45092,Dead
45093,Dead
45094,Dead
45095,Dead
45096,Dead
45097,Dead
45098,Dead
45099,Dead
45100,Dead
45101,Dead
45102,Dead
45103,Dead
45104,Dead
45105,Dead
45106,Dead
45107,Dead
45108,Dead
45109,Dead
45110,Dead
45111,Dead
45112,Dead
45113,Dead
45114,Dead
45115,Dead
45116,Dead
45117,Dead
45118,Dead
45119,Dead
45120,Dead
45121,Dead
45122,Dead
45123,Dead
45124,Dead
45125,Dead
45126,Dead
45127,Dead
45128,Dead
45129,Dead
45130,Dead
45131,Dead
45132,Dead
45133,Dead
45134,Dead
45135,Dead
45136,Dead
45137,Dead
45138,Dead
45139,Dead
45140,Dead
45141,Dead
45142,Dead
45143,Dead
45144,Dead
45145,Dead
45146,Dead
45147,Dead
45148,Dead
45149,Dead
45150,Dead
45151,Dead
45152,Dead
45153,Dead
45154,Dead
45155,Dead
45156,Dead
45157,Dead
45158,Dead
45159,Dead
45160,Dead
45161,Dead
45162,Dead
45163,Dead
45164,Dead
45165,Dead
45166,Dead
45167,Dead
45168,Dead
45169,Dead
45170,Dead
45171,Dead
45172,Dead
45173,Dead
45174,Dead
45175,Dead
45176,Dead
45177,Dead
45178,Dead
45179,Dead
45180,Dead
45181,Dead
45182,Dead
45183,Dead
45184,Dead
45185,Dead
45186,Dead
45187,Dead
45188,Dead
45189,Dead
45190,Dead
45191,Dead
45192,Dead
45193,Dead
45194,Dead
45195,Dead
45196,Dead
45197,Dead
45198,Dead
45199,Dead
45200,Dead
45201,Dead
45202,Dead
45203,Dead
45204,Dead
45205,Dead
45206,Dead
45207,Dead
45208,Dead
45209,Dead
45210,Dead
45211,Dead
45212,Dead
45213,Dead
45214,Dead
45215,Dead
45216,Dead
45217,Dead
45218,Dead
45219,Dead
45220,Dead
45221,Dead
45222,Dead
45223,Dead
45224,Dead
45225,Dead
45226,Dead
45227,Dead
45228,Dead
45229,Dead
45230,Dead
45231,Dead
45232,Dead
45233,Dead
45234,Dead
45235,Dead
45236,Dead
45237,Dead
45238,Dead
45239,Dead
45240,Dead
45241,Dead
45242,Dead
45243,Dead
45244,Dead
45245,Dead
45246,Dead
45247,Dead
45248,Dead
45249,Dead
45250,Dead
45251,Dead
45252,Dead
45253,Dead
45254,Dead
45255,Dead
45256,Dead
45257,Dead
45258,Dead
45259,Dead
45260,Dead
45261,Dead
45262,Dead
45263,Dead
45264,Dead
45265,Dead
45266,Dead
45267,Dead
45268,Dead
45269,Dead
45270,Dead
45271,Dead
45272,Dead
45273,Dead
45274,Dead
45275,Dead
45276,Dead
45277,Dead
45278,Dead
45279,Dead
45280,Dead
45281,Dead
45282,Dead
45283,Dead
45284,Dead
45285,Dead
45286,Dead
45287,Dead
45288,Dead
45289,Dead
45290,Dead
45291,Dead
45292,Dead
45293,Dead
45294,Dead
45295,Dead
45296,Dead
45297,Dead
45298,Dead
45299,Dead
45300,Dead
45301,Dead
45302,Dead
45303,Dead
45304,Dead
45305,Dead
45306,Dead
45307,Dead
45308,Dead
45309,Dead
45310,Dead
45311,Dead
45312,Dead
45313,Dead
45314,Dead
45315,Dead
45316,Dead
45317,Dead
45318,Dead
45319,Dead
45320,Dead
45321,Dead
45322,Dead
45323,Dead
45324,Dead
45325,Dead
45326,Dead
45327,Dead
45328,Dead
45329,Dead
45330,Dead
45331,Dead
45332,Dead
45333,Dead
45334,Dead
45335,Dead
45336,Dead
45337,Dead
45338,Dead
45339,Dead
45340,Dead
45341,Dead
45342,Dead
45343,Dead
45344,Dead
45345,Dead
45346,Dead
45347,Dead
45348,Dead
45349,Dead
45350,Dead
45351,Dead
45352,Dead
45353,Dead
45354,Dead
45355,Dead
45356,Dead
45357,Dead
45358,Dead
45359,Dead
45360,Dead
45361,Dead
45362,Dead
45363,Dead
45364,Dead
45365,Dead
45366,Dead
45367,Dead
45368,Dead
45369,Dead
45370,Dead
45371,Dead
45372,Dead
45373,Dead
45374,Dead
45375,Dead
45376,Dead
45377,Dead
45378,Dead
45379,Dead
45380,Dead
45381,Dead
45382,Dead
45383,Dead
45384,Dead
45385,Dead
45386,Dead
45387,Dead
45388,Dead
45389,Dead
45390,Dead
45391,Dead
45392,Dead
45393,Dead
45394,Dead
45395,Dead
45396,Dead
45397,Dead
45398,Dead
45399,Dead
45400,Dead
45401,Dead
45402,Dead
45403,Dead
45404,Dead
45405,Dead
45406,Dead
45407,Dead
45408,Dead
45409,Dead
45410,Dead
45411,Dead
45412,Dead
45413,Dead
45414,Dead
45415,Dead
45416,Dead
45417,Dead
45418,Dead
45419,Dead
45420,Dead
45421,Dead
45422,Dead
45423,Dead
45424,Dead
45425,Dead
45426,Dead
45427,Dead
45428,Dead
45429,Dead
45430,Dead
45431,Dead
45432,Dead
45433,Dead
45434,Dead
45435,Dead
45436,Dead
45437,Dead
45438,Dead
45439,Dead
45440,Dead
45441,Dead
45442,Dead
45443,Dead
45444,Dead
45445,Dead
45446,Dead
45447,Dead
45448,Dead
45449,Dead
45450,Dead
45451,Dead
45452,Dead
45453,Dead
45454,Dead
45455,Dead
45456,Dead
45457,Dead
45458,Dead
45459,Dead
45460,Dead
45461,Dead
45462,Dead
45463,Dead
45464,Dead
45465,Dead
45466,Dead
45467,Dead
45468,Dead
45469,Dead
45470,Dead
45471,Dead
45472,Dead
45473,Dead
45474,Dead
45475,Dead
45476,Dead
45477,Dead
45478,Dead
45479,Dead
45480,Dead
45481,Dead
45482,Dead
45483,Dead
45484,Dead
45485,Dead
45486,Dead
45487,Dead
45488,Dead
45489,Dead
45490,Dead
45491,Dead
45492,Dead
45493,Dead
45494,Dead
45495,Dead
45496,Dead
45497,Dead
45498,Dead
45499,Dead
45500,Dead
45501,Dead
45502,Dead
45503,Dead
45504,Dead
45505,Dead
45506,Dead
45507,Dead
45508,Dead
45509,Dead
45510,Dead
45511,Dead
45512,Dead
45513,Dead
45514,Dead
45515,Dead
45516,Dead
45517,Dead
45518,Dead
45519,Dead
45520,Dead
45521,Dead
45522,Dead
45523,Dead
45524,Dead
45525,Dead
45526,Dead
45527,Dead
45528,Dead
45529,Dead
45530,Dead
45531,Dead
45532,Dead
45533,Dead
45534,Dead
45535,Dead
45536,Dead
45537,Dead
45538,Dead
45539,Dead
45540,Dead
45541,Dead
45542,Dead
45543,Dead
45544,Dead
45545,Dead
45546,Dead
45547,Dead
45548,Dead
45549,Dead
45550,Dead
45551,Dead
45552,Dead
45553,Dead
45554,Dead
45555,Dead
45556,Dead
45557,Dead
45558,Dead
45559,Dead
45560,Dead
45561,Dead
45562,Dead
45563,Dead
45564,Dead
45565,Dead
45566,Dead
45567,Dead
45568,Dead
45569,Dead
45570,Dead
45571,Dead
45572,Dead
45573,Dead
45574,Dead
45575,Dead
45576,Dead
45577,Dead
45578,Dead
45579,Dead
45580,Dead
45581,Dead
45582,Dead
45583,Dead
45584,Dead
45585,Dead
45586,Dead
45587,Dead
45588,Dead
45589,Dead
45590,Dead
45591,Dead
45592,Dead
45593,Dead
45594,Dead
45595,Dead
45596,Dead
45597,Dead
45598,Dead
45599,Dead
45600,Dead
45601,Dead
45602,Dead
45603,Dead
45604,Dead
45605,Dead
45606,Dead
45607,Dead
45608,Dead
45609,Dead
45610,Dead
45611,Dead
45612,Dead
45613,Dead
45614,Dead
45615,Dead
45616,Dead
45617,Dead
45618,Dead
45619,Dead
45620,Dead
45621,Dead
45622,Dead
45623,Dead
45624,Dead
45625,Dead
45626,Dead
45627,Dead
45628,Dead
45629,Dead
45630,Dead
45631,Dead
45632,Dead
45633,Dead
45634,Dead
45635,Dead
45636,Dead
45637,Dead
45638,Dead
45639,Dead
45640,Dead
45641,Dead
45642,Dead
45643,Dead
45644,Dead
45645,Dead
45646,Dead
45647,Dead
45648,Dead
45649,Dead
45650,Dead
45651,Dead
45652,Dead
45653,Dead
45654,Dead
45655,Dead
45656,Dead
45657,Dead
45658,Dead
45659,Dead
45660,Dead
45661,Dead
45662,Dead
45663,Dead
45664,Dead
45665,Dead
45666,Dead
45667,Dead
45668,Dead
45669,Dead
45670,Dead
45671,Dead
45672,Dead
45673,Dead
45674,Dead
45675,Dead
45676,Dead
45677,Dead
45678,Dead
45679,Dead
45680,Dead
45681,Dead
45682,Dead
45683,Dead
45684,Dead
45685,Dead
45686,Dead
45687,Dead
45688,Dead
45689,Dead
45690,Dead
45691,Dead
45692,Dead
45693,Dead
45694,Dead
45695,Dead
45696,Dead
45697,Dead
45698,Dead
45699,Dead
45700,Dead
45701,Dead
45702,Dead
45703,Dead
45704,Dead
45705,Dead
45706,Dead
45707,Dead
45708,Dead
45709,Dead
45710,Dead
45711,Dead
45712,Dead
45713,Dead
45714,Dead
45715,Dead
45716,Dead
45717,Dead
45718,Dead
45719,Dead
45720,Dead
45721,Dead
45722,Dead
45723,Dead
45724,Dead
45725,Dead
45726,Dead
45727,Dead
45728,Dead
45729,Dead
45730,Dead
45731,Dead
45732,Dead
45733,Dead
45734,Dead
45735,Dead
45736,Dead
45737,Dead
45738,Dead
45739,Dead
45740,Dead
45741,Dead
45742,Dead
45743,Dead
45744,Dead
45745,Dead
45746,Dead
45747,Dead
45748,Dead
45749,Dead
45750,Dead
45751,Dead
45752,Dead
45753,Dead
45754,Dead
45755,Dead
45756,Dead
45757,Dead
45758,Dead
45759,Dead
45760,Dead
45761,Dead
45762,Dead
45763,Dead
45764,Dead
45765,Dead
45766,Dead
45767,Dead
45768,Dead
45769,Dead
45770,Dead
45771,Dead
45772,Dead
45773,Dead
45774,Dead
45775,Dead
45776,Dead
45777,Dead
45778,Dead
45779,Dead
45780,Dead
45781,Dead
45782,Dead
45783,Dead
45784,Dead
45785,Dead
45786,Dead
45787,Dead
45788,Dead
45789,Dead
45790,Dead
45791,Dead
45792,Dead
45793,Dead
45794,Dead
45795,Dead
45796,Dead
45797,Dead
45798,Dead
45799,Dead
45800,Dead
45801,Dead
45802,Dead
45803,Dead
45804,Dead
45805,Dead
45806,Dead
45807,Dead
45808,Dead
45809,Dead
45810,Dead
45811,Dead
45812,Dead
45813,Dead
45814,Dead
45815,Dead
45816,Dead
45817,Dead
45818,Dead
45819,Dead
45820,Dead
45821,Dead
45822,Dead
45823,Dead
45824,Dead
45825,Dead
45826,Dead
45827,Dead
45828,Dead
45829,Dead
45830,Dead
45831,Dead
45832,Dead
45833,Dead
45834,Dead
45835,Dead
45836,Dead
45837,Dead
45838,Dead
45839,Dead
45840,Dead
45841,Dead
45842,Dead
45843,Dead
45844,Dead
45845,Dead
45846,Dead
45847,Dead
45848,Dead
45849,Dead
45850,Dead
45851,Dead
45852,Dead
45853,Dead
45854,Dead
45855,Dead
45856,Dead
45857,Dead
45858,Dead
45859,Dead
45860,Dead
45861,Dead
45862,Dead
45863,Dead
45864,Dead
45865,Dead
45866,Dead
45867,Dead
45868,Dead
45869,Dead
45870,Dead
45871,Dead
45872,Dead
45873,Dead
45874,Dead
45875,Dead
45876,Dead
45877,Dead
45878,Dead
45879,Dead
45880,Dead
45881,Dead
45882,Dead
45883,Dead
45884,Dead
45885,Dead
45886,Dead
45887,Dead
45888,Dead
45889,Dead
45890,Dead
45891,Dead
45892,Dead
45893,Dead
45894,Dead
45895,Dead
45896,Dead
45897,Dead
45898,Dead
45899,Dead
45900,Dead
45901,Dead
45902,Dead
45903,Dead
45904,Dead
45905,Dead
45906,Dead
45907,Dead
45908,Dead
45909,Dead
45910,Dead
45911,Dead
45912,Dead
45913,Dead
45914,Dead
45915,Dead
45916,Dead
45917,Dead
45918,Dead
45919,Dead
45920,Dead
45921,Dead
45922,Dead
45923,Dead
45924,Dead
45925,Dead
45926,Dead
45927,Dead
45928,Dead
45929,Dead
45930,Dead
45931,Dead
45932,Dead
45933,Dead
45934,Dead
45935,Dead
45936,Dead
45937,Dead
45938,Dead
45939,Dead
45940,Dead
45941,Dead
45942,Dead
45943,Dead
45944,Dead
45945,Dead
45946,Dead
45947,Dead
45948,Dead
45949,Dead
45950,Dead
45951,Dead
45952,Dead
45953,Dead
45954,Dead
45955,Dead
45956,Dead
45957,Dead
45958,Dead
45959,Dead
45960,Dead
45961,Dead
45962,Dead
45963,Dead
45964,Dead
45965,Dead
45966,Dead
45967,Dead
45968,Dead
45969,Dead
45970,Dead
45971,Dead
45972,Dead
45973,Dead
45974,Dead
45975,Dead
45976,Dead
45977,Dead
45978,Dead
45979,Dead
45980,Dead
45981,Dead
45982,Dead
45983,Dead
45984,Dead
45985,Dead
45986,Dead
45987,Dead
45988,Dead
45989,Dead
45990,Dead
45991,Dead
45992,Dead
45993,Dead
45994,Dead
45995,Dead
45996,Dead
45997,Dead
45998,Dead
45999,Dead
46000,Dead
46001,Dead
46002,Dead
46003,Dead
46004,Dead
46005,Dead
46006,Dead
46007,Dead
46008,Dead
46009,Dead
46010,Dead
46011,Dead
46012,Dead
46013,Dead
46014,Dead
46015,Dead
46016,Dead
46017,Dead
46018,Dead
46019,Dead
46020,Dead
46021,Dead
46022,Dead
46023,Dead
46024,Dead
46025,Dead
46026,Dead
46027,Dead
46028,Dead
46029,Dead
46030,Dead
46031,Dead
46032,Dead
46033,Dead
46034,Dead
46035,Dead
46036,Dead
46037,Dead
46038,Dead
46039,Dead
46040,Dead
46041,Dead
46042,Dead
46043,Dead
46044,Dead
46045,Dead
46046,Dead
46047,Dead
46048,Dead
46049,Dead
46050,Dead
46051,Dead
46052,Dead
46053,Dead
46054,Dead
46055,Dead
46056,Dead
46057,Dead
46058,Dead
46059,Dead
46060,Dead
46061,Dead
46062,Dead
46063,Dead
46064,Dead
46065,Dead
46066,Dead
46067,Dead
46068,Dead
46069,Dead
46070,Dead
46071,Dead
46072,Dead
46073,Dead
46074,Dead
46075,Dead
46076,Dead
46077,Dead
46078,Dead
46079,Dead
46080,Dead
46081,Dead
46082,Dead
46083,Dead
46084,Dead
46085,Dead
46086,Dead
46087,Dead
46088,Dead
46089,Dead
46090,Dead
46091,Dead
46092,Dead
46093,Dead
46094,Dead
46095,Dead
46096,Dead
46097,Dead
46098,Dead
46099,Dead
46100,Dead
46101,Dead
46102,Dead
46103,Dead
46104,Dead
46105,Dead
46106,Dead
46107,Dead
46108,Dead
46109,Dead
46110,Dead
46111,Dead
46112,Dead
46113,Dead
46114,Dead
46115,Dead
46116,Dead
46117,Dead
46118,Dead
46119,Dead
46120,Dead
46121,Dead
46122,Dead
46123,Dead
46124,Dead
46125,Dead
46126,Dead
46127,Dead
46128,Dead
46129,Dead
46130,Dead
46131,Dead
46132,Dead
46133,Dead
46134,Dead
46135,Dead
46136,Dead
46137,Dead
46138,Dead
46139,Dead
46140,Dead
46141,Dead
46142,Dead
46143,Dead
46144,Dead
46145,Dead
46146,Dead
46147,Dead
46148,Dead
46149,Dead
46150,Dead
46151,Dead
46152,Dead
46153,Dead
46154,Dead
46155,Dead
46156,Dead
46157,Dead
46158,Dead
46159,Dead
46160,Dead
46161,Dead
46162,Dead
46163,Dead
46164,Dead
46165,Dead
46166,Dead
46167,Dead
46168,Dead
46169,Dead
46170,Dead
46171,Dead
46172,Dead
46173,Dead
46174,Dead
46175,Dead
46176,Dead
46177,Dead
46178,Dead
46179,Dead
46180,Dead
46181,Dead
46182,Dead
46183,Dead
46184,Dead
46185,Dead
46186,Dead
46187,Dead
46188,Dead
46189,Dead
46190,Dead
46191,Dead
46192,Dead
46193,Dead
46194,Dead
46195,Dead
46196,Dead
46197,Dead
46198,Dead
46199,Dead
46200,Dead
46201,Dead
46202,Dead
46203,Dead
46204,Dead
46205,Dead
46206,Dead
46207,Dead
46208,Dead
46209,Dead
46210,Dead
46211,Dead
46212,Dead
46213,Dead
46214,Dead
46215,Dead
46216,Dead
46217,Dead
46218,Dead
46219,Dead
46220,Dead
46221,Dead
46222,Dead
46223,Dead
46224,Dead
46225,Dead
46226,Dead
46227,Dead
46228,Dead
46229,Dead
46230,Dead
46231,Dead
46232,Dead
46233,Dead
46234,Dead
46235,Dead
46236,Dead
46237,Dead
46238,Dead
46239,Dead
46240,Dead
46241,Dead
46242,Dead
46243,Dead
46244,Dead
46245,Dead
46246,Dead
46247,Dead
46248,Dead
46249,Dead
46250,Dead
46251,Dead
46252,Dead
46253,Dead
46254,Dead
46255,Dead
46256,Dead
46257,Dead
46258,Dead
46259,Dead
46260,Dead
46261,Dead
46262,Dead
46263,Dead
46264,Dead
46265,Dead
46266,Dead
46267,Dead
46268,Dead
46269,Dead
46270,Dead
46271,Dead
46272,Dead
46273,Dead
46274,Dead
46275,Dead
46276,Dead
46277,Dead
46278,Dead
46279,Dead
46280,Dead
46281,Dead
46282,Dead
46283,Dead
46284,Dead
46285,Dead
46286,Dead
46287,Dead
46288,Dead
46289,Dead
46290,Dead
46291,Dead
46292,Dead
46293,Dead
46294,Dead
46295,Dead
46296,Dead
46297,Dead
46298,Dead
46299,Dead
46300,Dead
46301,Dead
46302,Dead
46303,Dead
46304,Dead
46305,Dead
46306,Dead
46307,Dead
46308,Dead
46309,Dead
46310,Dead
46311,Dead
46312,Dead
46313,Dead
46314,Dead
46315,Dead
46316,Dead
46317,Dead
46318,Dead
46319,Dead
46320,Dead
46321,Dead
46322,Dead
46323,Dead
46324,Dead
46325,Dead
46326,Dead
46327,Dead
46328,Dead
46329,Dead
46330,Dead
46331,Dead
46332,Dead
46333,Dead
46334,Dead
46335,Dead
46336,Dead
46337,Dead
46338,Dead
46339,Dead
46340,Dead
46341,Dead
46342,Dead
46343,Dead
46344,Dead
46345,Dead
46346,Dead
46347,Dead
46348,Dead
46349,Dead
46350,Dead
46351,Dead
46352,Dead
46353,Dead
46354,Dead
46355,Dead
46356,Dead
46357,Dead
46358,Dead
46359,Dead
46360,Dead
46361,Dead
46362,Dead
46363,Dead
46364,Dead
46365,Dead
46366,Dead
46367,Dead
46368,Dead
46369,Dead
46370,Dead
46371,Dead
46372,Dead
46373,Dead
46374,Dead
46375,Dead
46376,Dead
46377,Dead
46378,Dead
46379,Dead
46380,Dead
46381,Dead
46382,Dead
46383,Dead
46384,Dead
46385,Dead
46386,Dead
46387,Dead
46388,Dead
46389,Dead
46390,Dead
46391,Dead
46392,Dead
46393,Dead
46394,Dead
46395,Dead
46396,Dead
46397,Dead
46398,Dead
46399,Dead
46400,Dead
46401,Dead
46402,Dead
46403,Dead
46404,Dead
46405,Dead
46406,Dead
46407,Dead
46408,Dead
46409,Dead
46410,Dead
46411,Dead
46412,Dead
46413,Dead
46414,Dead
46415,Dead
46416,Dead
46417,Dead
46418,Dead
46419,Dead
46420,Dead
46421,Dead
46422,Dead
46423,Dead
46424,Dead
46425,Dead
46426,Dead
46427,Dead
46428,Dead
46429,Dead
46430,Dead
46431,Dead
46432,Dead
46433,Dead
46434,Dead
46435,Dead
46436,Dead
46437,Dead
46438,Dead
46439,Dead
46440,Dead
46441,Dead
46442,Dead
46443,Dead
46444,Dead
46445,Dead
46446,Dead
46447,Dead
46448,Dead
46449,Dead
46450,Dead
46451,Dead
46452,Dead
46453,Dead
46454,Dead
46455,Dead
46456,Dead
46457,Dead
46458,Dead
46459,Dead
46460,Dead
46461,Dead
46462,Dead
46463,Dead
46464,Dead
46465,Dead
46466,Dead
46467,Dead
46468,Dead
46469,Dead
46470,Dead
46471,Dead
46472,Dead
46473,Dead
46474,Dead
46475,Dead
46476,Dead
46477,Dead
46478,Dead
46479,Dead
46480,Dead
46481,Dead
46482,Dead
46483,Dead
46484,Dead
46485,Dead
46486,Dead
46487,Dead
46488,Dead
46489,Dead
46490,Dead
46491,Dead
46492,Dead
46493,Dead
46494,Dead
46495,Dead
46496,Dead
46497,Dead
46498,Dead
46499,Dead
46500,Dead
46501,Dead
46502,Dead
46503,Dead
46504,Dead
46505,Dead
46506,Dead
46507,Dead
46508,Dead
46509,Dead
46510,Dead
46511,Dead
46512,Dead
46513,Dead
46514,Dead
46515,Dead
46516,Dead
46517,Dead
46518,Dead
46519,Dead
46520,Dead
46521,Dead
46522,Dead
46523,Dead
46524,Dead
46525,Dead
46526,Dead
46527,Dead
46528,Dead
46529,Dead
46530,Dead
46531,Dead
46532,Dead
46533,Dead
46534,Dead
46535,Dead
46536,Dead
46537,Dead
46538,Dead
46539,Dead
46540,Dead
46541,Dead
46542,Dead
46543,Dead
46544,Dead
46545,Dead
46546,Dead
46547,Dead
46548,Dead
46549,Dead
46550,Dead
46551,Dead
46552,Dead
46553,Dead
46554,Dead
46555,Dead
46556,Dead
46557,Dead
46558,Dead
46559,Dead
46560,Dead
46561,Dead
46562,Dead
46563,Dead
46564,Dead
46565,Dead
46566,Dead
46567,Dead
46568,Dead
46569,Dead
46570,Dead
46571,Dead
46572,Dead
46573,Dead
46574,Dead
46575,Dead
46576,Dead
46577,Dead
46578,Dead
46579,Dead
46580,Dead
46581,Dead
46582,Dead
46583,Dead
46584,Dead
46585,Dead
46586,Dead
46587,Dead
46588,Dead
46589,Dead
46590,Dead
46591,Dead
46592,Dead
46593,Dead
46594,Dead
46595,Dead
46596,Dead
46597,Dead
46598,Dead
46599,Dead
46600,Dead
46601,Dead
46602,Dead
46603,Dead
46604,Dead
46605,Dead
46606,Dead
46607,Dead
46608,Dead
46609,Dead
46610,Dead
46611,Dead
46612,Dead
46613,Dead
46614,Dead
46615,Dead
46616,Dead
46617,Dead
46618,Dead
46619,Dead
46620,Dead
46621,Dead
46622,Dead
46623,Dead
46624,Dead
46625,Dead
46626,Dead
46627,Dead
46628,Dead
46629,Dead
46630,Dead
46631,Dead
46632,Dead
46633,Dead
46634,Dead
46635,Dead
46636,Dead
46637,Dead
46638,Dead
46639,Dead
46640,Dead
46641,Dead
46642,Dead
46643,Dead
46644,Dead
46645,Dead
46646,Dead
46647,Dead
46648,Dead
46649,Dead
46650,Dead
46651,Dead
46652,Dead
46653,Dead
46654,Dead
46655,Dead
46656,Dead
46657,Dead
46658,Dead
46659,Dead
46660,Dead
46661,Dead
46662,Dead
46663,Dead
46664,Dead
46665,Dead
46666,Dead
46667,Dead
46668,Dead
46669,Dead
46670,Dead
46671,Dead
46672,Dead
46673,Dead
46674,Dead
46675,Dead
46676,Dead
46677,Dead
46678,Dead
46679,Dead
46680,Dead
46681,Dead
46682,Dead
46683,Dead
46684,Dead
46685,Dead
46686,Dead
46687,Dead
46688,Dead
46689,Dead
46690,Dead
46691,Dead
46692,Dead
46693,Dead
46694,Dead
46695,Dead
46696,Dead
46697,Dead
46698,Dead
46699,Dead
46700,Dead
46701,Dead
46702,Dead
46703,Dead
46704,Dead
46705,Dead
46706,Dead
46707,Dead
46708,Dead
46709,Dead
46710,Dead
46711,Dead
46712,Dead
46713,Dead
46714,Dead
46715,Dead
46716,Dead
46717,Dead
46718,Dead
46719,Dead
46720,Dead
46721,Dead
46722,Dead
46723,Dead
46724,Dead
46725,Dead
46726,Dead
46727,Dead
46728,Dead
46729,Dead
46730,Dead
46731,Dead
46732,Dead
46733,Dead
46734,Dead
46735,Dead
46736,Dead
46737,Dead
46738,Dead
46739,Dead
46740,Dead
46741,Dead
46742,Dead
46743,Dead
46744,Dead
46745,Dead
46746,Dead
46747,Dead
46748,Dead
46749,Dead
46750,Dead
46751,Dead
46752,Dead
46753,Dead
46754,Dead
46755,Dead
46756,Dead
46757,Dead
46758,Dead
46759,Dead
46760,Dead
46761,Dead
46762,Dead
46763,Dead
46764,Dead
46765,Dead
46766,Dead
46767,Dead
46768,Dead
46769,Dead
46770,Dead
46771,Dead
46772,Dead
46773,Dead
46774,Dead
46775,Dead
46776,Dead
46777,Dead
46778,Dead
46779,Dead
46780,Dead
46781,Dead
46782,Dead
46783,Dead
46784,Dead
46785,Dead
46786,Dead
46787,Dead
46788,Dead
46789,Dead
46790,Dead
46791,Dead
46792,Dead
46793,Dead
46794,Dead
46795,Dead
46796,Dead
46797,Dead
46798,Dead
46799,Dead
46800,Dead
46801,Dead
46802,Dead
46803,Dead
46804,Dead
46805,Dead
46806,Dead
46807,Dead
46808,Dead
46809,Dead
46810,Dead
46811,Dead
46812,Dead
46813,Dead
46814,Dead
46815,Dead
46816,Dead
46817,Dead
46818,Dead
46819,Dead
46820,Dead
46821,Dead
46822,Dead
46823,Dead
46824,Dead
46825,Dead
46826,Dead
46827,Dead
46828,Dead
46829,Dead
46830,Dead
46831,Dead
46832,Dead
46833,Dead
46834,Dead
46835,Dead
46836,Dead
46837,Dead
46838,Dead
46839,Dead
46840,Dead
46841,Dead
46842,Dead
46843,Dead
46844,Dead
46845,Dead
46846,Dead
46847,Dead
46848,Dead
46849,Dead
46850,Dead
46851,Dead
46852,Dead
46853,Dead
46854,Dead
46855,Dead
46856,Dead
46857,Dead
46858,Dead
46859,Dead
46860,Dead
46861,Dead
46862,Dead
46863,Dead
46864,Dead
46865,Dead
46866,Dead
46867,Dead
46868,Dead
46869,Dead
46870,Dead
46871,Dead
46872,Dead
46873,Dead
46874,Dead
46875,Dead
46876,Dead
46877,Dead
46878,Dead
46879,Dead
46880,Dead
46881,Dead
46882,Dead
46883,Dead
46884,Dead
46885,Dead
46886,Dead
46887,Dead
46888,Dead
46889,Dead
46890,Dead
46891,Dead
46892,Dead
46893,Dead
46894,Dead
46895,Dead
46896,Dead
46897,Dead
46898,Dead
46899,Dead
46900,Dead
46901,Dead
46902,Dead
46903,Dead
46904,Dead
46905,Dead
46906,Dead
46907,Dead
46908,Dead
46909,Dead
46910,Dead
46911,Dead
46912,Dead
46913,Dead
46914,Dead
46915,Dead
46916,Dead
46917,Dead
46918,Dead
46919,Dead
46920,Dead
46921,Dead
46922,Dead
46923,Dead
46924,Dead
46925,Dead
46926,Dead
46927,Dead
46928,Dead
46929,Dead
46930,Dead
46931,Dead
46932,Dead
46933,Dead
46934,Dead
46935,Dead
46936,Dead
46937,Dead
46938,Dead
46939,Dead
46940,Dead
46941,Dead
46942,Dead
46943,Dead
46944,Dead
46945,Dead
46946,Dead
46947,Dead
46948,Dead
46949,Dead
46950,Dead
46951,Dead
46952,Dead
46953,Dead
46954,Dead
46955,Dead
46956,Dead
46957,Dead
46958,Dead
46959,Dead
46960,Dead
46961,Dead
46962,Dead
46963,Dead
46964,Dead
46965,Dead
46966,Dead
46967,Dead
46968,Dead
46969,Dead
46970,Dead
46971,Dead
46972,Dead
46973,Dead
46974,Dead
46975,Dead
46976,Dead
46977,Dead
46978,Dead
46979,Dead
46980,Dead
46981,Dead
46982,Dead
46983,Dead
46984,Dead
46985,Dead
46986,Dead
46987,Dead
46988,Dead
46989,Dead
46990,Dead
46991,Dead
46992,Dead
46993,Dead
46994,Dead
46995,Dead
46996,Dead
46997,Dead
46998,Dead
46999,Dead
47000,Dead
47001,Dead
47002,Dead
47003,Dead
47004,Dead
47005,Dead
47006,Dead
47007,Dead
47008,Dead
47009,Dead
47010,Dead
47011,Dead
47012,Dead
47013,Dead
47014,Dead
47015,Dead
47016,Dead
47017,Dead
47018,Dead
47019,Dead
47020,Dead
47021,Dead
47022,Dead
47023,Dead
47024,Dead
47025,Dead
47026,Dead
47027,Dead
47028,Dead
47029,Dead
47030,Dead
47031,Dead
47032,Dead
47033,Dead
47034,Dead
47035,Dead
47036,Dead
47037,Dead
47038,Dead
47039,Dead
47040,Dead
47041,Dead
47042,Dead
47043,Dead
47044,Dead
47045,Dead
47046,Dead
47047,Dead
47048,Dead
47049,Dead
47050,Dead
47051,Dead
47052,Dead
47053,Dead
47054,Dead
47055,Dead
47056,Dead
47057,Dead
47058,Dead
47059,Dead
47060,Dead
47061,Dead
47062,Dead
47063,Dead
47064,Dead
47065,Dead
47066,Dead
47067,Dead
47068,Dead
47069,Dead
47070,Dead
47071,Dead
47072,Dead
47073,Dead
47074,Dead
47075,Dead
47076,Dead
47077,Dead
47078,Dead
47079,Dead
47080,Dead
47081,Dead
47082,Dead
47083,Dead
47084,Dead
47085,Dead
47086,Dead
47087,Dead
47088,Dead
47089,Dead
47090,Dead
47091,Dead
47092,Dead
47093,Dead
47094,Dead
47095,Dead
47096,Dead
47097,Dead
47098,Dead
47099,Dead
47100,Dead
47101,Dead
47102,Dead
47103,Dead
47104,Dead
47105,Dead
47106,Dead
47107,Dead
47108,Dead
47109,Dead
47110,Dead
47111,Dead
47112,Dead
47113,Dead
47114,Dead
47115,Dead
47116,Dead
47117,Dead
47118,Dead
47119,Dead
47120,Dead
47121,Dead
47122,Dead
47123,Dead
47124,Dead
47125,Dead
47126,Dead
47127,Dead
47128,Dead
47129,Dead
47130,Dead
47131,Dead
47132,Dead
47133,Dead
47134,Dead
47135,Dead
47136,Dead
47137,Dead
47138,Dead
47139,Dead
47140,Dead
47141,Dead
47142,Dead
47143,Dead
47144,Dead
47145,Dead
47146,Dead
47147,Dead
47148,Dead
47149,Dead
47150,Dead
47151,Dead
47152,Dead
47153,Dead
47154,Dead
47155,Dead
47156,Dead
47157,Dead
47158,Dead
47159,Dead
47160,Dead
47161,Dead
47162,Dead
47163,Dead
47164,Dead
47165,Dead
47166,Dead
47167,Dead
47168,Dead
47169,Dead
47170,Dead
47171,Dead
47172,Dead
47173,Dead
47174,Dead
47175,Dead
47176,Dead
47177,Dead
47178,Dead
47179,Dead
47180,Dead
47181,Dead
47182,Dead
47183,Dead
47184,Dead
47185,Dead
47186,Dead
47187,Dead
47188,Dead
47189,Dead
47190,Dead
47191,Dead
47192,Dead
47193,Dead
47194,Dead
47195,Dead
47196,Dead
47197,Dead
47198,Dead
47199,Dead
47200,Dead
47201,Dead
47202,Dead
47203,Dead
47204,Dead
47205,Dead
47206,Dead
47207,Dead
47208,Dead
47209,Dead
47210,Dead
47211,Dead
47212,Dead
47213,Dead
47214,Dead
47215,Dead
47216,Dead
47217,Dead
47218,Dead
47219,Dead
47220,Dead
47221,Dead
47222,Dead
47223,Dead
47224,Dead
47225,Dead
47226,Dead
47227,Dead
47228,Dead
47229,Dead
47230,Dead
47231,Dead
47232,Dead
47233,Dead
47234,Dead
47235,Dead
47236,Dead
47237,Dead
47238,Dead
47239,Dead
47240,Dead
47241,Dead
47242,Dead
47243,Dead
47244,Dead
47245,Dead
47246,Dead
47247,Dead
47248,Dead
47249,Dead
47250,Dead
47251,Dead
47252,Dead
47253,Dead
47254,Dead
47255,Dead
47256,Dead
47257,Dead
47258,Dead
47259,Dead
47260,Dead
47261,Dead
47262,Dead
47263,Dead
47264,Dead
47265,Dead
47266,Dead
47267,Dead
47268,Dead
47269,Dead
47270,Dead
47271,Dead
47272,Dead
47273,Dead
47274,Dead
47275,Dead
47276,Dead
47277,Dead
47278,Dead
47279,Dead
47280,Dead
47281,Dead
47282,Dead
47283,Dead
47284,Dead
47285,Dead
47286,Dead
47287,Dead
47288,Dead
47289,Dead
47290,Dead
47291,Dead
47292,Dead
47293,Dead
47294,Dead
47295,Dead
47296,Dead
47297,Dead
47298,Dead
47299,Dead
47300,Dead
47301,Dead
47302,Dead
47303,Dead
47304,Dead
47305,Dead
47306,Dead
47307,Dead
47308,Dead
47309,Dead
47310,Dead
47311,Dead
47312,Dead
47313,Dead
47314,Dead
47315,Dead
47316,Dead
47317,Dead
47318,Dead
47319,Dead
47320,Dead
47321,Dead
47322,Dead
47323,Dead
47324,Dead
47325,Dead
47326,Dead
47327,Dead
47328,Dead
47329,Dead
47330,Dead
47331,Dead
47332,Dead
47333,Dead
47334,Dead
47335,Dead
47336,Dead
47337,Dead
47338,Dead
47339,Dead
47340,Dead
47341,Dead
47342,Dead
47343,Dead
47344,Dead
47345,Dead
47346,Dead
47347,Dead
47348,Dead
47349,Dead
47350,Dead
47351,Dead
47352,Dead
47353,Dead
47354,Dead
47355,Dead
47356,Dead
47357,Dead
47358,Dead
47359,Dead
47360,Dead
47361,Dead
47362,Dead
47363,Dead
47364,Dead
47365,Dead
47366,Dead
47367,Dead
47368,Dead
47369,Dead
47370,Dead
47371,Dead
47372,Dead
47373,Dead
47374,Dead
47375,Dead
47376,Dead
47377,Dead
47378,Dead
47379,Dead
47380,Dead
47381,Dead
47382,Dead
47383,Dead
47384,Dead
47385,Dead
47386,Dead
47387,Dead
47388,Dead
47389,Dead
47390,Dead
47391,Dead
47392,Dead
47393,Dead
47394,Dead
47395,Dead
47396,Dead
47397,Dead
47398,Dead
47399,Dead
47400,Dead
47401,Dead
47402,Dead
47403,Dead
47404,Dead
47405,Dead
47406,Dead
47407,Dead
47408,Dead
47409,Dead
47410,Dead
47411,Dead
47412,Dead
47413,Dead
47414,Dead
47415,Dead
47416,Dead
47417,Dead
47418,Dead
47419,Dead
47420,Dead
47421,Dead
47422,Dead
47423,Dead
47424,Dead
47425,Dead
47426,Dead
47427,Dead
47428,Dead
47429,Dead
47430,Dead
47431,Dead
47432,Dead
47433,Dead
47434,Dead
47435,Dead
47436,Dead
47437,Dead
47438,Dead
47439,Dead
47440,Dead
47441,Dead
47442,Dead
47443,Dead
47444,Dead
47445,Dead
47446,Dead
47447,Dead
47448,Dead
47449,Dead
47450,Dead
47451,Dead
47452,Dead
47453,Dead
47454,Dead
47455,Dead
47456,Dead
47457,Dead
47458,Dead
47459,Dead
47460,Dead
47461,Dead
47462,Dead
47463,Dead
47464,Dead
47465,Dead
47466,Dead
47467,Dead
47468,Dead
47469,Dead
47470,Dead
47471,Dead
47472,Dead
47473,Dead
47474,Dead
47475,Dead
47476,Dead
47477,Dead
47478,Dead
47479,Dead
47480,Dead
47481,Dead
47482,Dead
47483,Dead
47484,Dead
47485,Dead
47486,Dead
47487,Dead
47488,Dead
47489,Dead
47490,Dead
47491,Dead
47492,Dead
47493,Dead
47494,Dead
47495,Dead
47496,Dead
47497,Dead
47498,Dead
47499,Dead
47500,Dead
47501,Dead
47502,Dead
47503,Dead
47504,Dead
47505,Dead
47506,Dead
47507,Dead
47508,Dead
47509,Dead
47510,Dead
47511,Dead
47512,Dead
47513,Dead
47514,Dead
47515,Dead
47516,Dead
47517,Dead
47518,Dead
47519,Dead
47520,Dead
47521,Dead
47522,Dead
47523,Dead
47524,Dead
47525,Dead
47526,Dead
47527,Dead
47528,Dead
47529,Dead
47530,Dead
47531,Dead
47532,Dead
47533,Dead
47534,Dead
47535,Dead
47536,Dead
47537,Dead
47538,Dead
47539,Dead
47540,Dead
47541,Dead
47542,Dead
47543,Dead
47544,Dead
47545,Dead
47546,Dead
47547,Dead
47548,Dead
47549,Dead
47550,Dead
47551,Dead
47552,Dead
47553,Dead
47554,Dead
47555,Dead
47556,Dead
47557,Dead
47558,Dead
47559,Dead
47560,Dead
47561,Dead
47562,Dead
47563,Dead
47564,Dead
47565,Dead
47566,Dead
47567,Dead
47568,Dead
47569,Dead
47570,Dead
47571,Dead
47572,Dead
47573,Dead
47574,Dead
47575,Dead
47576,Dead
47577,Dead
47578,Dead
47579,Dead
47580,Dead
47581,Dead
47582,Dead
47583,Dead
47584,Dead
47585,Dead
47586,Dead
47587,Dead
47588,Dead
47589,Dead
47590,Dead
47591,Dead
47592,Dead
47593,Dead
47594,Dead
47595,Dead
47596,Dead
47597,Dead
47598,Dead
47599,Dead
47600,Dead
47601,Dead
47602,Dead
47603,Dead
47604,Dead
47605,Dead
47606,Dead
47607,Dead
47608,Dead
47609,Dead
47610,Dead
47611,Dead
47612,Dead
47613,Dead
47614,Dead
47615,Dead
47616,Dead
47617,Dead
47618,Dead
47619,Dead
47620,Dead
47621,Dead
47622,Dead
47623,Dead
47624,Dead
47625,Dead
47626,Dead
47627,Dead
47628,Dead
47629,Dead
47630,Dead
47631,Dead
47632,Dead
47633,Dead
47634,Dead
47635,Dead
47636,Dead
47637,Dead
47638,Dead
47639,Dead
47640,Dead
47641,Dead
47642,Dead
47643,Dead
47644,Dead
47645,Dead
47646,Dead
47647,Dead
47648,Dead
47649,Dead
47650,Dead
47651,Dead
47652,Dead
47653,Dead
47654,Dead
47655,Dead
47656,Dead
47657,Dead
47658,Dead
47659,Dead
47660,Dead
47661,Dead
47662,Dead
47663,Dead
47664,Dead
47665,Dead
47666,Dead
47667,Dead
47668,Dead
47669,Dead
47670,Dead
47671,Dead
47672,Dead
47673,Dead
47674,Dead
47675,Dead
47676,Dead
47677,Dead
47678,Dead
47679,Dead
47680,Dead
47681,Dead
47682,Dead
47683,Dead
47684,Dead
47685,Dead
47686,Dead
47687,Dead
47688,Dead
47689,Dead
47690,Dead
47691,Dead
47692,Dead
47693,Dead
47694,Dead
47695,Dead
47696,Dead
47697,Dead
47698,Dead
47699,Dead
47700,Dead
47701,Dead
47702,Dead
47703,Dead
47704,Dead
47705,Dead
47706,Dead
47707,Dead
47708,Dead
47709,Dead
47710,Dead
47711,Dead
47712,Dead
47713,Dead
47714,Dead
47715,Dead
47716,Dead
47717,Dead
47718,Dead
47719,Dead
47720,Dead
47721,Dead
47722,Dead
47723,Dead
47724,Dead
47725,Dead
47726,Dead
47727,Dead
47728,Dead
47729,Dead
47730,Dead
47731,Dead
47732,Dead
47733,Dead
47734,Dead
47735,Dead
47736,Dead
47737,Dead
47738,Dead
47739,Dead
47740,Dead
47741,Dead
47742,Dead
47743,Dead
47744,Dead
47745,Dead
47746,Dead
47747,Dead
47748,Dead
47749,Dead
47750,Dead
47751,Dead
47752,Dead
47753,Dead
47754,Dead
47755,Dead
47756,Dead
47757,Dead
47758,Dead
47759,Dead
47760,Dead
47761,Dead
47762,Dead
47763,Dead
47764,Dead
47765,Dead
47766,Dead
47767,Dead
47768,Dead
47769,Dead
47770,Dead
47771,Dead
47772,Dead
47773,Dead
47774,Dead
47775,Dead
47776,Dead
47777,Dead
47778,Dead
47779,Dead
47780,Dead
47781,Dead
47782,Dead
47783,Dead
47784,Dead
47785,Dead
47786,Dead
47787,Dead
47788,Dead
47789,Dead
47790,Dead
47791,Dead
47792,Dead
47793,Dead
47794,Dead
47795,Dead
47796,Dead
47797,Dead
47798,Dead
47799,Dead
47800,Dead
47801,Dead
47802,Dead
47803,Dead
47804,Dead
47805,Dead
47806,Dead
47807,Dead
47808,Dead
47809,Dead
47810,Dead
47811,Dead
47812,Dead
47813,Dead
47814,Dead
47815,Dead
47816,Dead
47817,Dead
47818,Dead
47819,Dead
47820,Dead
47821,Dead
47822,Dead
47823,Dead
47824,Dead
47825,Dead
47826,Dead
47827,Dead
47828,Dead
47829,Dead
47830,Dead
47831,Dead
47832,Dead
47833,Dead
47834,Dead
47835,Dead
47836,Dead
47837,Dead
47838,Dead
47839,Dead
47840,Dead
47841,Dead
47842,Dead
47843,Dead
47844,Dead
47845,Dead
47846,Dead
47847,Dead
47848,Dead
47849,Dead
47850,Dead
47851,Dead
47852,Dead
47853,Dead
47854,Dead
47855,Dead
47856,Dead
47857,Dead
47858,Dead
47859,Dead
47860,Dead
47861,Dead
47862,Dead
47863,Dead
47864,Dead
47865,Dead
47866,Dead
47867,Dead
47868,Dead
47869,Dead
47870,Dead
47871,Dead
47872,Dead
47873,Dead
47874,Dead
47875,Dead
47876,Dead
47877,Dead
47878,Dead
47879,Dead
47880,Dead
47881,Dead
47882,Dead
47883,Dead
47884,Dead
47885,Dead
47886,Dead
47887,Dead
47888,Dead
47889,Dead
47890,Dead
47891,Dead
47892,Dead
47893,Dead
47894,Dead
47895,Dead
47896,Dead
47897,Dead
47898,Dead
47899,Dead
47900,Dead
47901,Dead
47902,Dead
47903,Dead
47904,Dead
47905,Dead
47906,Dead
47907,Dead
47908,Dead
47909,Dead
47910,Dead
47911,Dead
47912,Dead
47913,Dead
47914,Dead
47915,Dead
47916,Dead
47917,Dead
47918,Dead
47919,Dead
47920,Dead
47921,Dead
47922,Dead
47923,Dead
47924,Dead
47925,Dead
47926,Dead
47927,Dead
47928,Dead
47929,Dead
47930,Dead
47931,Dead
47932,Dead
47933,Dead
47934,Dead
47935,Dead
47936,Dead
47937,Dead
47938,Dead
47939,Dead
47940,Dead
47941,Dead
47942,Dead
47943,Dead
47944,Dead
47945,Dead
47946,Dead
47947,Dead
47948,Dead
47949,Dead
47950,Dead
47951,Dead
47952,Dead
47953,Dead
47954,Dead
47955,Dead
47956,Dead
47957,Dead
47958,Dead
47959,Dead
47960,Dead
47961,Dead
47962,Dead
47963,Dead
47964,Dead
47965,Dead
47966,Dead
47967,Dead
47968,Dead
47969,Dead
47970,Dead
47971,Dead
47972,Dead
47973,Dead
47974,Dead
47975,Dead
47976,Dead
47977,Dead
47978,Dead
47979,Dead
47980,Dead
47981,Dead
47982,Dead
47983,Dead
47984,Dead
47985,Dead
47986,Dead
47987,Dead
47988,Dead
47989,Dead
47990,Dead
47991,Dead
47992,Dead
47993,Dead
47994,Dead
47995,Dead
47996,Dead
47997,Dead
47998,Dead
47999,Dead
48000,Dead
48001,Dead
48002,Dead
48003,Dead
48004,Dead
48005,Dead
48006,Dead
48007,Dead
48008,Dead
48009,Dead
48010,Dead
48011,Dead
48012,Dead
48013,Dead
48014,Dead
48015,Dead
48016,Dead
48017,Dead
48018,Dead
48019,Dead
48020,Dead
48021,Dead
48022,Dead
48023,Dead
48024,Dead
48025,Dead
48026,Dead
48027,Dead
48028,Dead
48029,Dead
48030,Dead
48031,Dead
48032,Dead
48033,Dead
48034,Dead
48035,Dead
48036,Dead
48037,Dead
48038,Dead
48039,Dead
48040,Dead
48041,Dead
48042,Dead
48043,Dead
48044,Dead
48045,Dead
48046,Dead
48047,Dead
48048,Dead
48049,Dead
48050,Dead
48051,Dead
48052,Dead
48053,Dead
48054,Dead
48055,Dead
48056,Dead
48057,Dead
48058,Dead
48059,Dead
48060,Dead
48061,Dead
48062,Dead
48063,Dead
48064,Dead
48065,Dead
48066,Dead
48067,Dead
48068,Dead
48069,Dead
48070,Dead
48071,Dead
48072,Dead
48073,Dead
48074,Dead
48075,Dead
48076,Dead
48077,Dead
48078,Dead
48079,Dead
48080,Dead
48081,Dead
48082,Dead
48083,Dead
48084,Dead
48085,Dead
48086,Dead
48087,Dead
48088,Dead
48089,Dead
48090,Dead
48091,Dead
48092,Dead
48093,Dead
48094,Dead
48095,Dead
48096,Dead
48097,Dead
48098,Dead
48099,Dead
48100,Dead
48101,Dead
48102,Dead
48103,Dead
48104,Dead
48105,Dead
48106,Dead
48107,Dead
48108,Dead
48109,Dead
48110,Dead
48111,Dead
48112,Dead
48113,Dead
48114,Dead
48115,Dead
48116,Dead
48117,Dead
48118,Dead
48119,Dead
48120,Dead
48121,Dead
48122,Dead
48123,Dead
48124,Dead
48125,Dead
48126,Dead
48127,Dead
48128,Dead
48129,Dead
48130,Dead
48131,Dead
48132,Dead
48133,Dead
48134,Dead
48135,Dead
48136,Dead
48137,Dead
48138,Dead
48139,Dead
48140,Dead
48141,Dead
48142,Dead
48143,Dead
48144,Dead
48145,Dead
48146,Dead
48147,Dead
48148,Dead
48149,Dead
48150,Dead
48151,Dead
48152,Dead
48153,Dead
48154,Dead
48155,Dead
48156,Dead
48157,Dead
48158,Dead
48159,Dead
48160,Dead
48161,Dead
48162,Dead
48163,Dead
48164,Dead
48165,Dead
48166,Dead
48167,Dead
48168,Dead
48169,Dead
48170,Dead
48171,Dead
48172,Dead
48173,Dead
48174,Dead
48175,Dead
48176,Dead
48177,Dead
48178,Dead
48179,Dead
48180,Dead
48181,Dead
48182,Dead
48183,Dead
48184,Dead
48185,Dead
48186,Dead
48187,Dead
48188,Dead
48189,Dead
48190,Dead
48191,Dead
48192,Dead
48193,Dead
48194,Dead
48195,Dead
48196,Dead
48197,Dead
48198,Dead
48199,Dead
48200,Dead
48201,Dead
48202,Dead
48203,Dead
48204,Dead
48205,Dead
48206,Dead
48207,Dead
48208,Dead
48209,Dead
48210,Dead
48211,Dead
48212,Dead
48213,Dead
48214,Dead
48215,Dead
48216,Dead
48217,Dead
48218,Dead
48219,Dead
48220,Dead
48221,Dead
48222,Dead
48223,Dead
48224,Dead
48225,Dead
48226,Dead
48227,Dead
48228,Dead
48229,Dead
48230,Dead
48231,Dead
48232,Dead
48233,Dead
48234,Dead
48235,Dead
48236,Dead
48237,Dead
48238,Dead
48239,Dead
48240,Dead
48241,Dead
48242,Dead
48243,Dead
48244,Dead
48245,Dead
48246,Dead
48247,Dead
48248,Dead
48249,Dead
48250,Dead
48251,Dead
48252,Dead
48253,Dead
48254,Dead
48255,Dead
48256,Dead
48257,Dead
48258,Dead
48259,Dead
48260,Dead
48261,Dead
48262,Dead
48263,Dead
48264,Dead
48265,Dead
48266,Dead
48267,Dead
48268,Dead
48269,Dead
48270,Dead
48271,Dead
48272,Dead
48273,Dead
48274,Dead
48275,Dead
48276,Dead
48277,Dead
48278,Dead
48279,Dead
48280,Dead
48281,Dead
48282,Dead
48283,Dead
48284,Dead
48285,Dead
48286,Dead
48287,Dead
48288,Dead
48289,Dead
48290,Dead
48291,Dead
48292,Dead
48293,Dead
48294,Dead
48295,Dead
48296,Dead
48297,Dead
48298,Dead
48299,Dead
48300,Dead
48301,Dead
48302,Dead
48303,Dead
48304,Dead
48305,Dead
48306,Dead
48307,Dead
48308,Dead
48309,Dead
48310,Dead
48311,Dead
48312,Dead
48313,Dead
48314,Dead
48315,Dead
48316,Dead
48317,Dead
48318,Dead
48319,Dead
48320,Dead
48321,Dead
48322,Dead
48323,Dead
48324,Dead
48325,Dead
48326,Dead
48327,Dead
48328,Dead
48329,Dead
48330,Dead
48331,Dead
48332,Dead
48333,Dead
48334,Dead
48335,Dead
48336,Dead
48337,Dead
48338,Dead
48339,Dead
48340,Dead
48341,Dead
48342,Dead
48343,Dead
48344,Dead
48345,Dead
48346,Dead
48347,Dead
48348,Dead
48349,Dead
48350,Dead
48351,Dead
48352,Dead
48353,Dead
48354,Dead
48355,Dead
48356,Dead
48357,Dead
48358,Dead
48359,Dead
48360,Dead
48361,Dead
48362,Dead
48363,Dead
48364,Dead
48365,Dead
48366,Dead
48367,Dead
48368,Dead
48369,Dead
48370,Dead
48371,Dead
48372,Dead
48373,Dead
48374,Dead
48375,Dead
48376,Dead
48377,Dead
48378,Dead
48379,Dead
48380,Dead
48381,Dead
48382,Dead
48383,Dead
48384,Dead
48385,Dead
48386,Dead
48387,Dead
48388,Dead
48389,Dead
48390,Dead
48391,Dead
48392,Dead
48393,Dead
48394,Dead
48395,Dead
48396,Dead
48397,Dead
48398,Dead
48399,Dead
48400,Dead
48401,Dead
48402,Dead
48403,Dead
48404,Dead
48405,Dead
48406,Dead
48407,Dead
48408,Dead
48409,Dead
48410,Dead
48411,Dead
48412,Dead
48413,Dead
48414,Dead
48415,Dead
48416,Dead
48417,Dead
48418,Dead
48419,Dead
48420,Dead
48421,Dead
48422,Dead
48423,Dead
48424,Dead
48425,Dead
48426,Dead
48427,Dead
48428,Dead
48429,Dead
48430,Dead
48431,Dead
48432,Dead
48433,Dead
48434,Dead
48435,Dead
48436,Dead
48437,Dead
48438,Dead
48439,Dead
48440,Dead
48441,Dead
48442,Dead
48443,Dead
48444,Dead
48445,Dead
48446,Dead
48447,Dead
48448,Dead
48449,Dead
48450,Dead
48451,Dead
48452,Dead
48453,Dead
48454,Dead
48455,Dead
48456,Dead
48457,Dead
48458,Dead
48459,Dead
48460,Dead
48461,Dead
48462,Dead
48463,Dead
48464,Dead
48465,Dead
48466,Dead
48467,Dead
48468,Dead
48469,Dead
48470,Dead
48471,Dead
48472,Dead
48473,Dead
48474,Dead
48475,Dead
48476,Dead
48477,Dead
48478,Dead
48479,Dead
48480,Dead
48481,Dead
48482,Dead
48483,Dead
48484,Dead
48485,Dead
48486,Dead
48487,Dead
48488,Dead
48489,Dead
48490,Dead
48491,Dead
48492,Dead
48493,Dead
48494,Dead
48495,Dead
48496,Dead
48497,Dead
48498,Dead
48499,Dead
48500,Dead
48501,Dead
48502,Dead
48503,Dead
48504,Dead
48505,Dead
48506,Dead
48507,Dead
48508,Dead
48509,Dead
48510,Dead
48511,Dead
48512,Dead
48513,Dead
48514,Dead
48515,Dead
48516,Dead
48517,Dead
48518,Dead
48519,Dead
48520,Dead
48521,Dead
48522,Dead
48523,Dead
48524,Dead
48525,Dead
48526,Dead
48527,Dead
48528,Dead
48529,Dead
48530,Dead
48531,Dead
48532,Dead
48533,Dead
48534,Dead
48535,Dead
48536,Dead
48537,Dead
48538,Dead
48539,Dead
48540,Dead
48541,Dead
48542,Dead
48543,Dead
48544,Dead
48545,Dead
48546,Dead
48547,Dead
48548,Dead
48549,Dead
48550,Dead
48551,Dead
48552,Dead
48553,Dead
48554,Dead
48555,Dead
48556,Dead
48557,Dead
48558,Dead
48559,Dead
48560,Dead
48561,Dead
48562,Dead
48563,Dead
48564,Dead
48565,Dead
48566,Dead
48567,Dead
48568,Dead
48569,Dead
48570,Dead
48571,Dead
48572,Dead
48573,Dead
48574,Dead
48575,Dead
48576,Dead
48577,Dead
48578,Dead
48579,Dead
48580,Dead
48581,Dead
48582,Dead
48583,Dead
48584,Dead
48585,Dead
48586,Dead
48587,Dead
48588,Dead
48589,Dead
48590,Dead
48591,Dead
48592,Dead
48593,Dead
48594,Dead
48595,Dead
48596,Dead
48597,Dead
48598,Dead
48599,Dead
48600,Dead
48601,Dead
48602,Dead
48603,Dead
48604,Dead
48605,Dead
48606,Dead
48607,Dead
48608,Dead
48609,Dead
48610,Dead
48611,Dead
48612,Dead
48613,Dead
48614,Dead
48615,Dead
48616,Dead
48617,Dead
48618,Dead
48619,Dead
48620,Dead
48621,Dead
48622,Dead
48623,Dead
48624,Dead
48625,Dead
48626,Dead
48627,Dead
48628,Dead
48629,Dead
48630,Dead
48631,Dead
48632,Dead
48633,Dead
48634,Dead
48635,Dead
48636,Dead
48637,Dead
48638,Dead
48639,Dead
48640,Dead
48641,Dead
48642,Dead
48643,Dead
48644,Dead
48645,Dead
48646,Dead
48647,Dead
48648,Dead
48649,Dead
48650,Dead
48651,Dead
48652,Dead
48653,Dead
48654,Dead
48655,Dead
48656,Dead
48657,Dead
48658,Dead
48659,Dead
48660,Dead
48661,Dead
48662,Dead
48663,Dead
48664,Dead
48665,Dead
48666,Dead
48667,Dead
48668,Dead
48669,Dead
48670,Dead
48671,Dead
48672,Dead
48673,Dead
48674,Dead
48675,Dead
48676,Dead
48677,Dead
48678,Dead
48679,Dead
48680,Dead
48681,Dead
48682,Dead
48683,Dead
48684,Dead
48685,Dead
48686,Dead
48687,Dead
48688,Dead
48689,Dead
48690,Dead
48691,Dead
48692,Dead
48693,Dead
48694,Dead
48695,Dead
48696,Dead
48697,Dead
48698,Dead
48699,Dead
48700,Dead
48701,Dead
48702,Dead
48703,Dead
48704,Dead
48705,Dead
48706,Dead
48707,Dead
48708,Dead
48709,Dead
48710,Dead
48711,Dead
48712,Dead
48713,Dead
48714,Dead
48715,Dead
48716,Dead
48717,Dead
48718,Dead
48719,Dead
48720,Dead
48721,Dead
48722,Dead
48723,Dead
48724,Dead
48725,Dead
48726,Dead
48727,Dead
48728,Dead
48729,Dead
48730,Dead
48731,Dead
48732,Dead
48733,Dead
48734,Dead
48735,Dead
48736,Dead
48737,Dead
48738,Dead
48739,Dead
48740,Dead
48741,Dead
48742,Dead
48743,Dead
48744,Dead
48745,Dead
48746,Dead
48747,Dead
48748,Dead
48749,Dead
48750,Dead
48751,Dead
48752,Dead
48753,Dead
48754,Dead
48755,Dead
48756,Dead
48757,Dead
48758,Dead
48759,Dead
48760,Dead
48761,Dead
48762,Dead
48763,Dead
48764,Dead
48765,Dead
48766,Dead
48767,Dead
48768,Dead
48769,Dead
48770,Dead
48771,Dead
48772,Dead
48773,Dead
48774,Dead
48775,Dead
48776,Dead
48777,Dead
48778,Dead
48779,Dead
48780,Dead
48781,Dead
48782,Dead
48783,Dead
48784,Dead
48785,Dead
48786,Dead
48787,Dead
48788,Dead
48789,Dead
48790,Dead
48791,Dead
48792,Dead
48793,Dead
48794,Dead
48795,Dead
48796,Dead
48797,Dead
48798,Dead
48799,Dead
48800,Dead
48801,Dead
48802,Dead
48803,Dead
48804,Dead
48805,Dead
48806,Dead
48807,Dead
48808,Dead
48809,Dead
48810,Dead
48811,Dead
48812,Dead
48813,Dead
48814,Dead
48815,Dead
48816,Dead
48817,Dead
48818,Dead
48819,Dead
48820,Dead
48821,Dead
48822,Dead
48823,Dead
48824,Dead
48825,Dead
48826,Dead
48827,Dead
48828,Dead
48829,Dead
48830,Dead
48831,Dead
48832,Dead
48833,Dead
48834,Dead
48835,Dead
48836,Dead
48837,Dead
48838,Dead
48839,Dead
48840,Dead
48841,Dead
48842,Dead
48843,Dead
48844,Dead
48845,Dead
48846,Dead
48847,Dead
48848,Dead
48849,Dead
48850,Dead
48851,Dead
48852,Dead
48853,Dead
48854,Dead
48855,Dead
48856,Dead
48857,Dead
48858,Dead
48859,Dead
48860,Dead
48861,Dead
48862,Dead
48863,Dead
48864,Dead
48865,Dead
48866,Dead
48867,Dead
48868,Dead
48869,Dead
48870,Dead
48871,Dead
48872,Dead
48873,Dead
48874,Dead
48875,Dead
48876,Dead
48877,Dead
48878,Dead
48879,Dead
48880,Dead
48881,Dead
48882,Dead
48883,Dead
48884,Dead
48885,Dead
48886,Dead
48887,Dead
48888,Dead
48889,Dead
48890,Dead
48891,Dead
48892,Dead
48893,Dead
48894,Dead
48895,Dead
48896,Dead
48897,Dead
48898,Dead
48899,Dead
48900,Dead
48901,Dead
48902,Dead
48903,Dead
48904,Dead
48905,Dead
48906,Dead
48907,Dead
48908,Dead
48909,Dead
48910,Dead
48911,Dead
48912,Dead
48913,Dead
48914,Dead
48915,Dead
48916,Dead
48917,Dead
48918,Dead
48919,Dead
48920,Dead
48921,Dead
48922,Dead
48923,Dead
48924,Dead
48925,Dead
48926,Dead
48927,Dead
48928,Dead
48929,Dead
48930,Dead
48931,Dead
48932,Dead
48933,Dead
48934,Dead
48935,Dead
48936,Dead
48937,Dead
48938,Dead
48939,Dead
48940,Dead
48941,Dead
48942,Dead
48943,Dead
48944,Dead
48945,Dead
48946,Dead
48947,Dead
48948,Dead
48949,Dead
48950,Dead
48951,Dead
48952,Dead
48953,Dead
48954,Dead
48955,Dead
48956,Dead
48957,Dead
48958,Dead
48959,Dead
48960,Dead
48961,Dead
48962,Dead
48963,Dead
48964,Dead
48965,Dead
48966,Dead
48967,Dead
48968,Dead
48969,Dead
48970,Dead
48971,Dead
48972,Dead
48973,Dead
48974,Dead
48975,Dead
48976,Dead
48977,Dead
48978,Dead
48979,Dead
48980,Dead
48981,Dead
48982,Dead
48983,Dead
48984,Dead
48985,Dead
48986,Dead
48987,Dead
48988,Dead
48989,Dead
48990,Dead
48991,Dead
48992,Dead
48993,Dead
48994,Dead
48995,Dead
48996,Dead
48997,Dead
48998,Dead
48999,Dead
49000,Dead
49001,Dead
49002,Dead
49003,Dead
49004,Dead
49005,Dead
49006,Dead
49007,Dead
49008,Dead
49009,Dead
49010,Dead
49011,Dead
49012,Dead
49013,Dead
49014,Dead
49015,Dead
49016,Dead
49017,Dead
49018,Dead
49019,Dead
49020,Dead
49021,Dead
49022,Dead
49023,Dead
49024,Dead
49025,Dead
49026,Dead
49027,Dead
49028,Dead
49029,Dead
49030,Dead
49031,Dead
49032,Dead
49033,Dead
49034,Dead
49035,Dead
49036,Dead
49037,Dead
49038,Dead
49039,Dead
49040,Dead
49041,Dead
49042,Dead
49043,Dead
49044,Dead
49045,Dead
49046,Dead
49047,Dead
49048,Dead
49049,Dead
49050,Dead
49051,Dead
49052,Dead
49053,Dead
49054,Dead
49055,Dead
49056,Dead
49057,Dead
49058,Dead
49059,Dead
49060,Dead
49061,Dead
49062,Dead
49063,Dead
49064,Dead
49065,Dead
49066,Dead
49067,Dead
49068,Dead
49069,Dead
49070,Dead
49071,Dead
49072,Dead
49073,Dead
49074,Dead
49075,Dead
49076,Dead
49077,Dead
49078,Dead
49079,Dead
49080,Dead
49081,Dead
49082,Dead
49083,Dead
49084,Dead
49085,Dead
49086,Dead
49087,Dead
49088,Dead
49089,Dead
49090,Dead
49091,Dead
49092,Dead
49093,Dead
49094,Dead
49095,Dead
49096,Dead
49097,Dead
49098,Dead
49099,Dead
49100,Dead
49101,Dead
49102,Dead
49103,Dead
49104,Dead
49105,Dead
49106,Dead
49107,Dead
49108,Dead
49109,Dead
49110,Dead
49111,Dead
49112,Dead
49113,Dead
49114,Dead
49115,Dead
49116,Dead
49117,Dead
49118,Dead
49119,Dead
49120,Dead
49121,Dead
49122,Dead
49123,Dead
49124,Dead
49125,Dead
49126,Dead
49127,Dead
49128,Dead
49129,Dead
49130,Dead
49131,Dead
49132,Dead
49133,Dead
49134,Dead
49135,Dead
49136,Dead
49137,Dead
49138,Dead
49139,Dead
49140,Dead
49141,Dead
49142,Dead
49143,Dead
49144,Dead
49145,Dead
49146,Dead
49147,Dead
49148,Dead
49149,Dead
49150,Dead
49151,Dead
49152,Dead
49153,Dead
49154,Dead
49155,Dead
49156,Dead
49157,Dead
49158,Dead
49159,Dead
49160,Dead
49161,Dead
49162,Dead
49163,Dead
49164,Dead
49165,Dead
49166,Dead
49167,Dead
49168,Dead
49169,Dead
49170,Dead
49171,Dead
49172,Dead
49173,Dead
49174,Dead
49175,Dead
49176,Dead
49177,Dead
49178,Dead
49179,Dead
49180,Dead
49181,Dead
49182,Dead
49183,Dead
49184,Dead
49185,Dead
49186,Dead
49187,Dead
49188,Dead
49189,Dead
49190,Dead
49191,Dead
49192,Dead
49193,Dead
49194,Dead
49195,Dead
49196,Dead
49197,Dead
49198,Dead
49199,Dead
49200,Dead
49201,Dead
49202,Dead
49203,Dead
49204,Dead
49205,Dead
49206,Dead
49207,Dead
49208,Dead
49209,Dead
49210,Dead
49211,Dead
49212,Dead
49213,Dead
49214,Dead
49215,Dead
49216,Dead
49217,Dead
49218,Dead
49219,Dead
49220,Dead
49221,Dead
49222,Dead
49223,Dead
49224,Dead
49225,Dead
49226,Dead
49227,Dead
49228,Dead
49229,Dead
49230,Dead
49231,Dead
49232,Dead
49233,Dead
49234,Dead
49235,Dead
49236,Dead
49237,Dead
49238,Dead
49239,Dead
49240,Dead
49241,Dead
49242,Dead
49243,Dead
49244,Dead
49245,Dead
49246,Dead
49247,Dead
49248,Dead
49249,Dead
49250,Dead
49251,Dead
49252,Dead
49253,Dead
49254,Dead
49255,Dead
49256,Dead
49257,Dead
49258,Dead
49259,Dead
49260,Dead
49261,Dead
49262,Dead
49263,Dead
49264,Dead
49265,Dead
49266,Dead
49267,Dead
49268,Dead
49269,Dead
49270,Dead
49271,Dead
49272,Dead
49273,Dead
49274,Dead
49275,Dead
49276,Dead
49277,Dead
49278,Dead
49279,Dead
49280,Dead
49281,Dead
49282,Dead
49283,Dead
49284,Dead
49285,Dead
49286,Dead
49287,Dead
49288,Dead
49289,Dead
49290,Dead
49291,Dead
49292,Dead
49293,Dead
49294,Dead
49295,Dead
49296,Dead
49297,Dead
49298,Dead
49299,Dead
49300,Dead
49301,Dead
49302,Dead
49303,Dead
49304,Dead
49305,Dead
49306,Dead
49307,Dead
49308,Dead
49309,Dead
49310,Dead
49311,Dead
49312,Dead
49313,Dead
49314,Dead
49315,Dead
49316,Dead
49317,Dead
49318,Dead
49319,Dead
49320,Dead
49321,Dead
49322,Dead
49323,Dead
49324,Dead
49325,Dead
49326,Dead
49327,Dead
49328,Dead
49329,Dead
49330,Dead
49331,Dead
49332,Dead
49333,Dead
49334,Dead
49335,Dead
49336,Dead
49337,Dead
49338,Dead
49339,Dead
49340,Dead
49341,Dead
49342,Dead
49343,Dead
49344,Dead
49345,Dead
49346,Dead
49347,Dead
49348,Dead
49349,Dead
49350,Dead
49351,Dead
49352,Dead
49353,Dead
49354,Dead
49355,Dead
49356,Dead
49357,Dead
49358,Dead
49359,Dead
49360,Dead
49361,Dead
49362,Dead
49363,Dead
49364,Dead
49365,Dead
49366,Dead
49367,Dead
49368,Dead
49369,Dead
49370,Dead
49371,Dead
49372,Dead
49373,Dead
49374,Dead
49375,Dead
49376,Dead
49377,Dead
49378,Dead
49379,Dead
49380,Dead
49381,Dead
49382,Dead
49383,Dead
49384,Dead
49385,Dead
49386,Dead
49387,Dead
49388,Dead
49389,Dead
49390,Dead
49391,Dead
49392,Dead
49393,Dead
49394,Dead
49395,Dead
49396,Dead
49397,Dead
49398,Dead
49399,Dead
49400,Dead
49401,Dead
49402,Dead
49403,Dead
49404,Dead
49405,Dead
49406,Dead
49407,Dead
49408,Dead
49409,Dead
49410,Dead
49411,Dead
49412,Dead
49413,Dead
49414,Dead
49415,Dead
49416,Dead
49417,Dead
49418,Dead
49419,Dead
49420,Dead
49421,Dead
49422,Dead
49423,Dead
49424,Dead
49425,Dead
49426,Dead
49427,Dead
49428,Dead
49429,Dead
49430,Dead
49431,Dead
49432,Dead
49433,Dead
49434,Dead
49435,Dead
49436,Dead
49437,Dead
49438,Dead
49439,Dead
49440,Dead
49441,Dead
49442,Dead
49443,Dead
49444,Dead
49445,Dead
49446,Dead
49447,Dead
49448,Dead
49449,Dead
49450,Dead
49451,Dead
49452,Dead
49453,Dead
49454,Dead
49455,Dead
49456,Dead
49457,Dead
49458,Dead
49459,Dead
49460,Dead
49461,Dead
49462,Dead
49463,Dead
49464,Dead
49465,Dead
49466,Dead
49467,Dead
49468,Dead
49469,Dead
49470,Dead
49471,Dead
49472,Dead
49473,Dead
49474,Dead
49475,Dead
49476,Dead
49477,Dead
49478,Dead
49479,Dead
49480,Dead
49481,Dead
49482,Dead
49483,Dead
49484,Dead
49485,Dead
49486,Dead
49487,Dead
49488,Dead
49489,Dead
49490,Dead
49491,Dead
49492,Dead
49493,Dead
49494,Dead
49495,Dead
49496,Dead
49497,Dead
49498,Dead
49499,Dead
49500,Dead
49501,Dead
49502,Dead
49503,Dead
49504,Dead
49505,Dead
49506,Dead
49507,Dead
49508,Dead
49509,Dead
49510,Dead
49511,Dead
49512,Dead
49513,Dead
49514,Dead
49515,Dead
49516,Dead
49517,Dead
49518,Dead
49519,Dead
49520,Dead
49521,Dead
49522,Dead
49523,Dead
49524,Dead
49525,Dead
49526,Dead
49527,Dead
49528,Dead
49529,Dead
49530,Dead
49531,Dead
49532,Dead
49533,Dead
49534,Dead
49535,Dead
49536,Dead
49537,Dead
49538,Dead
49539,Dead
49540,Dead
49541,Dead
49542,Dead
49543,Dead
49544,Dead
49545,Dead
49546,Dead
49547,Dead
49548,Dead
49549,Dead
49550,Dead
49551,Dead
49552,Dead
49553,Dead
49554,Dead
49555,Dead
49556,Dead
49557,Dead
49558,Dead
49559,Dead
49560,Dead
49561,Dead
49562,Dead
49563,Dead
49564,Dead
49565,Dead
49566,Dead
49567,Dead
49568,Dead
49569,Dead
49570,Dead
49571,Dead
49572,Dead
49573,Dead
49574,Dead
49575,Dead
49576,Dead
49577,Dead
49578,Dead
49579,Dead
49580,Dead
49581,Dead
49582,Dead
49583,Dead
49584,Dead
49585,Dead
49586,Dead
49587,Dead
49588,Dead
49589,Dead
49590,Dead
49591,Dead
49592,Dead
49593,Dead
49594,Dead
49595,Dead
49596,Dead
49597,Dead
49598,Dead
49599,Dead
49600,Dead
49601,Dead
49602,Dead
49603,Dead
49604,Dead
49605,Dead
49606,Dead
49607,Dead
49608,Dead
49609,Dead
49610,Dead
49611,Dead
49612,Dead
49613,Dead
49614,Dead
49615,Dead
49616,Dead
49617,Dead
49618,Dead
49619,Dead
49620,Dead
49621,Dead
49622,Dead
49623,Dead
49624,Dead
49625,Dead
49626,Dead
49627,Dead
49628,Dead
49629,Dead
49630,Dead
49631,Dead
49632,Dead
49633,Dead
49634,Dead
49635,Dead
49636,Dead
49637,Dead
49638,Dead
49639,Dead
49640,Dead
49641,Dead
49642,Dead
49643,Dead
49644,Dead
49645,Dead
49646,Dead
49647,Dead
49648,Dead
49649,Dead
49650,Dead
49651,Dead
49652,Dead
49653,Dead
49654,Dead
49655,Dead
49656,Dead
49657,Dead
49658,Dead
49659,Dead
49660,Dead
49661,Dead
49662,Dead
49663,Dead
49664,Dead
49665,Dead
49666,Dead
49667,Dead
49668,Dead
49669,Dead
49670,Dead
49671,Dead
49672,Dead
49673,Dead
49674,Dead
49675,Dead
49676,Dead
49677,Dead
49678,Dead
49679,Dead
49680,Dead
49681,Dead
49682,Dead
49683,Dead
49684,Dead
49685,Dead
49686,Dead
49687,Dead
49688,Dead
49689,Dead
49690,Dead
49691,Dead
49692,Dead
49693,Dead
49694,Dead
49695,Dead
49696,Dead
49697,Dead
49698,Dead
49699,Dead
49700,Dead
49701,Dead
49702,Dead
49703,Dead
49704,Dead
49705,Dead
49706,Dead
49707,Dead
49708,Dead
49709,Dead
49710,Dead
49711,Dead
49712,Dead
49713,Dead
49714,Dead
49715,Dead
49716,Dead
49717,Dead
49718,Dead
49719,Dead
49720,Dead
49721,Dead
49722,Dead
49723,Dead
49724,Dead
49725,Dead
49726,Dead
49727,Dead
49728,Dead
49729,Dead
49730,Dead
49731,Dead
49732,Dead
49733,Dead
49734,Dead
49735,Dead
49736,Dead
49737,Dead
49738,Dead
49739,Dead
49740,Dead
49741,Dead
49742,Dead
49743,Dead
49744,Dead
49745,Dead
49746,Dead
49747,Dead
49748,Dead
49749,Dead
49750,Dead
49751,Dead
49752,Dead
49753,Dead
49754,Dead
49755,Dead
49756,Dead
49757,Dead
49758,Dead
49759,Dead
49760,Dead
49761,Dead
49762,Dead
49763,Dead
49764,Dead
49765,Dead
49766,Dead
49767,Dead
49768,Dead
49769,Dead
49770,Dead
49771,Dead
49772,Dead
49773,Dead
49774,Dead
49775,Dead
49776,Dead
49777,Dead
49778,Dead
49779,Dead
49780,Dead
49781,Dead
49782,Dead
49783,Dead
49784,Dead
49785,Dead
49786,Dead
49787,Dead
49788,Dead
49789,Dead
49790,Dead
49791,Dead
49792,Dead
49793,Dead
49794,Dead
49795,Dead
49796,Dead
49797,Dead
49798,Dead
49799,Dead
49800,Dead
49801,Dead
49802,Dead
49803,Dead
49804,Dead
49805,Dead
49806,Dead
49807,Dead
49808,Dead
49809,Dead
49810,Dead
49811,Dead
49812,Dead
49813,Dead
49814,Dead
49815,Dead
49816,Dead
49817,Dead
49818,Dead
49819,Dead
49820,Dead
49821,Dead
49822,Dead
49823,Dead
49824,Dead
49825,Dead
49826,Dead
49827,Dead
49828,Dead
49829,Dead
49830,Dead
49831,Dead
49832,Dead
49833,Dead
49834,Dead
49835,Dead
49836,Dead
49837,Dead
49838,Dead
49839,Dead
49840,Dead
49841,Dead
49842,Dead
49843,Dead
49844,Dead
49845,Dead
49846,Dead
49847,Dead
49848,Dead
49849,Dead
49850,Dead
49851,Dead
49852,Dead
49853,Dead
49854,Dead
49855,Dead
49856,Dead
49857,Dead
49858,Dead
49859,Dead
49860,Dead
49861,Dead
49862,Dead
49863,Dead
49864,Dead
49865,Dead
49866,Dead
49867,Dead
49868,Dead
49869,Dead
49870,Dead
49871,Dead
49872,Dead
49873,Dead
49874,Dead
49875,Dead
49876,Dead
49877,Dead
49878,Dead
49879,Dead
49880,Dead
49881,Dead
49882,Dead
49883,Dead
49884,Dead
49885,Dead
49886,Dead
49887,Dead
49888,Dead
49889,Dead
49890,Dead
49891,Dead
49892,Dead
49893,Dead
49894,Dead
49895,Dead
49896,Dead
49897,Dead
49898,Dead
49899,Dead
49900,Dead
49901,Dead
49902,Dead
49903,Dead
49904,Dead
49905,Dead
49906,Dead
49907,Dead
49908,Dead
49909,Dead
49910,Dead
49911,Dead
49912,Dead
49913,Dead
49914,Dead
49915,Dead
49916,Dead
49917,Dead
49918,Dead
49919,Dead
49920,Dead
49921,Dead
49922,Dead
49923,Dead
49924,Dead
49925,Dead
49926,Dead
49927,Dead
49928,Dead
49929,Dead
49930,Dead
49931,Dead
49932,Dead
49933,Dead
49934,Dead
49935,Dead
49936,Dead
49937,Dead
49938,Dead
49939,Dead
49940,Dead
49941,Dead
49942,Dead
49943,Dead
49944,Dead
49945,Dead
49946,Dead
49947,Dead
49948,Dead
49949,Dead
49950,Dead
49951,Dead
49952,Dead
49953,Dead
49954,Dead
49955,Dead
49956,Dead
49957,Dead
49958,Dead
49959,Dead
49960,Dead
49961,Dead
49962,Dead
49963,Dead
49964,Dead
49965,Dead
49966,Dead
49967,Dead
49968,Dead
49969,Dead
49970,Dead
49971,Dead
49972,Dead
49973,Dead
49974,Dead
49975,Dead
49976,Dead
49977,Dead
49978,Dead
49979,Dead
49980,Dead
49981,Dead
49982,Dead
49983,Dead
49984,Dead
49985,Dead
49986,Dead
49987,Dead
49988,Dead
49989,Dead
49990,Dead
49991,Dead
49992,Dead
49993,Dead
49994,Dead
49995,Dead
49996,Dead
49997,Dead
49998,Dead
49999,Dead
50000,Dead
50001,Dead
50002,Dead
50003,Dead
50004,Dead
50005,Dead
50006,Dead
50007,Dead
50008,Dead
50009,Dead
50010,Dead
50011,Dead
50012,Dead
50013,Dead
50014,Dead
50015,Dead
50016,Dead
50017,Dead
50018,Dead
50019,Dead
50020,Dead
50021,Dead
50022,Dead
50023,Dead
50024,Dead
50025,Dead
50026,Dead
50027,Dead
50028,Dead
50029,Dead
50030,Dead
50031,Dead
50032,Dead
50033,Dead
50034,Dead
50035,Dead
50036,Dead
50037,Dead
50038,Dead
50039,Dead
50040,Dead
50041,Dead
50042,Dead
50043,Dead
50044,Dead
50045,Dead
50046,Dead
50047,Dead
50048,Dead
50049,Dead
50050,Dead
50051,Dead
50052,Dead
50053,Dead
50054,Dead
50055,Dead
50056,Dead
50057,Dead
50058,Dead
50059,Dead
50060,Dead
50061,Dead
50062,Dead
50063,Dead
50064,Dead
50065,Dead
50066,Dead
50067,Dead
50068,Dead
50069,Dead
50070,Dead
50071,Dead
50072,Dead
50073,Dead
50074,Dead
50075,Dead
50076,Dead
50077,Dead
50078,Dead
50079,Dead
50080,Dead
50081,Dead
50082,Dead
50083,Dead
50084,Dead
50085,Dead
50086,Dead
50087,Dead
50088,Dead
50089,Dead
50090,Dead
50091,Dead
50092,Dead
50093,Dead
50094,Dead
50095,Dead
50096,Dead
50097,Dead
50098,Dead
50099,Dead
50100,Dead
50101,Dead
50102,Dead
50103,Dead
50104,Dead
50105,Dead
50106,Dead
50107,Dead
50108,Dead
50109,Dead
50110,Dead
50111,Dead
50112,Dead
50113,Dead
50114,Dead
50115,Dead
50116,Dead
50117,Dead
50118,Dead
50119,Dead
50120,Dead
50121,Dead
50122,Dead
50123,Dead
50124,Dead
50125,Dead
50126,Dead
50127,Dead
50128,Dead
50129,Dead
50130,Dead
50131,Dead
50132,Dead
50133,Dead
50134,Dead
50135,Dead
50136,Dead
50137,Dead
50138,Dead
50139,Dead
50140,Dead
50141,Dead
50142,Dead
50143,Dead
50144,Dead
50145,Dead
50146,Dead
50147,Dead
50148,Dead
50149,Dead
50150,Dead
50151,Dead
50152,Dead
50153,Dead
50154,Dead
50155,Dead
50156,Dead
50157,Dead
50158,Dead
50159,Dead
50160,Dead
50161,Dead
50162,Dead
50163,Dead
50164,Dead
50165,Dead
50166,Dead
50167,Dead
50168,Dead
50169,Dead
50170,Dead
50171,Dead
50172,Dead
50173,Dead
50174,Dead
50175,Dead
50176,Dead
50177,Dead
50178,Dead
50179,Dead
50180,Dead
50181,Dead
50182,Dead
50183,Dead
50184,Dead
50185,Dead
50186,Dead
50187,Dead
50188,Dead
50189,Dead
50190,Dead
50191,Dead
50192,Dead
50193,Dead
50194,Dead
50195,Dead
50196,Dead
50197,Dead
50198,Dead
50199,Dead
50200,Dead
50201,Dead
50202,Dead
50203,Dead
50204,Dead
50205,Dead
50206,Dead
50207,Dead
50208,Dead
50209,Dead
50210,Dead
50211,Dead
50212,Dead
50213,Dead
50214,Dead
50215,Dead
50216,Dead
50217,Dead
50218,Dead
50219,Dead
50220,Dead
50221,Dead
50222,Dead
50223,Dead
50224,Dead
50225,Dead
50226,Dead
50227,Dead
50228,Dead
50229,Dead
50230,Dead
50231,Dead
50232,Dead
50233,Dead
50234,Dead
50235,Dead
50236,Dead
50237,Dead
50238,Dead
50239,Dead
50240,Dead
50241,Dead
50242,Dead
50243,Dead
50244,Dead
50245,Dead
50246,Dead
50247,Dead
50248,Dead
50249,Dead
50250,Dead
50251,Dead
50252,Dead
50253,Dead
50254,Dead
50255,Dead
50256,Dead
50257,Dead
50258,Dead
50259,Dead
50260,Dead
50261,Dead
50262,Dead
50263,Dead
50264,Dead
50265,Dead
50266,Dead
50267,Dead
50268,Dead
50269,Dead
50270,Dead
50271,Dead
50272,Dead
50273,Dead
50274,Dead
50275,Dead
50276,Dead
50277,Dead
50278,Dead
50279,Dead
50280,Dead
50281,Dead
50282,Dead
50283,Dead
50284,Dead
50285,Dead
50286,Dead
50287,Dead
50288,Dead
50289,Dead
50290,Dead
50291,Dead
50292,Dead
50293,Dead
50294,Dead
50295,Dead
50296,Dead
50297,Dead
50298,Dead
50299,Dead
50300,Dead
50301,Dead
50302,Dead
50303,Dead
50304,Dead
50305,Dead
50306,Dead
50307,Dead
50308,Dead
50309,Dead
50310,Dead
50311,Dead
50312,Dead
50313,Dead
50314,Dead
50315,Dead
50316,Dead
50317,Dead
50318,Dead
50319,Dead
50320,Dead
50321,Dead
50322,Dead
50323,Dead
50324,Dead
50325,Dead
50326,Dead
50327,Dead
50328,Dead
50329,Dead
50330,Dead
50331,Dead
50332,Dead
50333,Dead
50334,Dead
50335,Dead
50336,Dead
50337,Dead
50338,Dead
50339,Dead
50340,Dead
50341,Dead
50342,Dead
50343,Dead
50344,Dead
50345,Dead
50346,Dead
50347,Dead
50348,Dead
50349,Dead
50350,Dead
50351,Dead
50352,Dead
50353,Dead
50354,Dead
50355,Dead
50356,Dead
50357,Dead
50358,Dead
50359,Dead
50360,Dead
50361,Dead
50362,Dead
50363,Dead
50364,Dead
50365,Dead
50366,Dead
50367,Dead
50368,Dead
50369,Dead
50370,Dead
50371,Dead
50372,Dead
50373,Dead
50374,Dead
50375,Dead
50376,Dead
50377,Dead
50378,Dead
50379,Dead
50380,Dead
50381,Dead
50382,Dead
50383,Dead
50384,Dead
50385,Dead
50386,Dead
50387,Dead
50388,Dead
50389,Dead
50390,Dead
50391,Dead
50392,Dead
50393,Dead
50394,Dead
50395,Dead
50396,Dead
50397,Dead
50398,Dead
50399,Dead
50400,Dead
50401,Dead
50402,Dead
50403,Dead
50404,Dead
50405,Dead
50406,Dead
50407,Dead
50408,Dead
50409,Dead
50410,Dead
50411,Dead
50412,Dead
50413,Dead
50414,Dead
50415,Dead
50416,Dead
50417,Dead
50418,Dead
50419,Dead
50420,Dead
50421,Dead
50422,Dead
50423,Dead
50424,Dead
50425,Dead
50426,Dead
50427,Dead
50428,Dead
50429,Dead
50430,Dead
50431,Dead
50432,Dead
50433,Dead
50434,Dead
50435,Dead
50436,Dead
50437,Dead
50438,Dead
50439,Dead
50440,Dead
50441,Dead
50442,Dead
50443,Dead
50444,Dead
50445,Dead
50446,Dead
50447,Dead
50448,Dead
50449,Dead
50450,Dead
50451,Dead
50452,Dead
50453,Dead
50454,Dead
50455,Dead
50456,Dead
50457,Dead
50458,Dead
50459,Dead
50460,Dead
50461,Dead
50462,Dead
50463,Dead
50464,Dead
50465,Dead
50466,Dead
50467,Dead
50468,Dead
50469,Dead
50470,Dead
50471,Dead
50472,Dead
50473,Dead
50474,Dead
50475,Dead
50476,Dead
50477,Dead
50478,Dead
50479,Dead
50480,Dead
50481,Dead
50482,Dead
50483,Dead
50484,Dead
50485,Dead
50486,Dead
50487,Dead
50488,Dead
50489,Dead
50490,Dead
50491,Dead
50492,Dead
50493,Dead
50494,Dead
50495,Dead
50496,Dead
50497,Dead
50498,Dead
50499,Dead
50500,Dead
50501,Dead
50502,Dead
50503,Dead
50504,Dead
50505,Dead
50506,Dead
50507,Dead
50508,Dead
50509,Dead
50510,Dead
50511,Dead
50512,Dead
50513,Dead
50514,Dead
50515,Dead
50516,Dead
50517,Dead
50518,Dead
50519,Dead
50520,Dead
50521,Dead
50522,Dead
50523,Dead
50524,Dead
50525,Dead
50526,Dead
50527,Dead
50528,Dead
50529,Dead
50530,Dead
50531,Dead
50532,Dead
50533,Dead
50534,Dead
50535,Dead
50536,Dead
50537,Dead
50538,Dead
50539,Dead
50540,Dead
50541,Dead
50542,Dead
50543,Dead
50544,Dead
50545,Dead
50546,Dead
50547,Dead
50548,Dead
50549,Dead
50550,Dead
50551,Dead
50552,Dead
50553,Dead
50554,Dead
50555,Dead
50556,Dead
50557,Dead
50558,Dead
50559,Dead
50560,Dead
50561,Dead
50562,Dead
50563,Dead
50564,Dead
50565,Dead
50566,Dead
50567,Dead
50568,Dead
50569,Dead
50570,Dead
50571,Dead
50572,Dead
50573,Dead
50574,Dead
50575,Dead
50576,Dead
50577,Dead
50578,Dead
50579,Dead
50580,Dead
50581,Dead
50582,Dead
50583,Dead
50584,Dead
50585,Dead
50586,Dead
50587,Dead
50588,Dead
50589,Dead
50590,Dead
50591,Dead
50592,Dead
50593,Dead
50594,Dead
50595,Dead
50596,Dead
50597,Dead
50598,Dead
50599,Dead
50600,Dead
50601,Dead
50602,Dead
50603,Dead
50604,Dead
50605,Dead
50606,Dead
50607,Dead
50608,Dead
50609,Dead
50610,Dead
50611,Dead
50612,Dead
50613,Dead
50614,Dead
50615,Dead
50616,Dead
50617,Dead
50618,Dead
50619,Dead
50620,Dead
50621,Dead
50622,Dead
50623,Dead
50624,Dead
50625,Dead
50626,Dead
50627,Dead
50628,Dead
50629,Dead
50630,Dead
50631,Dead
50632,Dead
50633,Dead
50634,Dead
50635,Dead
50636,Dead
50637,Dead
50638,Dead
50639,Dead
50640,Dead
50641,Dead
50642,Dead
50643,Dead
50644,Dead
50645,Dead
50646,Dead
50647,Dead
50648,Dead
50649,Dead
50650,Dead
50651,Dead
50652,Dead
50653,Dead
50654,Dead
50655,Dead
50656,Dead
50657,Dead
50658,Dead
50659,Dead
50660,Dead
50661,Dead
50662,Dead
50663,Dead
50664,Dead
50665,Dead
50666,Dead
50667,Dead
50668,Dead
50669,Dead
50670,Dead
50671,Dead
50672,Dead
50673,Dead
50674,Dead
50675,Dead
50676,Dead
50677,Dead
50678,Dead
50679,Dead
50680,Dead
50681,Dead
50682,Dead
50683,Dead
50684,Dead
50685,Dead
50686,Dead
50687,Dead
50688,Dead
50689,Dead
50690,Dead
50691,Dead
50692,Dead
50693,Dead
50694,Dead
50695,Dead
50696,Dead
50697,Dead
50698,Dead
50699,Dead
50700,Dead
50701,Dead
50702,Dead
50703,Dead
50704,Dead
50705,Dead
50706,Dead
50707,Dead
50708,Dead
50709,Dead
50710,Dead
50711,Dead
50712,Dead
50713,Dead
50714,Dead
50715,Dead
50716,Dead
50717,Dead
50718,Dead
50719,Dead
50720,Dead
50721,Dead
50722,Dead
50723,Dead
50724,Dead
50725,Dead
50726,Dead
50727,Dead
50728,Dead
50729,Dead
50730,Dead
50731,Dead
50732,Dead
50733,Dead
50734,Dead
50735,Dead
50736,Dead
50737,Dead
50738,Dead
50739,Dead
50740,Dead
50741,Dead
50742,Dead
50743,Dead
50744,Dead
50745,Dead
50746,Dead
50747,Dead
50748,Dead
50749,Dead
50750,Dead
50751,Dead
50752,Dead
50753,Dead
50754,Dead
50755,Dead
50756,Dead
50757,Dead
50758,Dead
50759,Dead
50760,Dead
50761,Dead
50762,Dead
50763,Dead
50764,Dead
50765,Dead
50766,Dead
50767,Dead
50768,Dead
50769,Dead
50770,Dead
50771,Dead
50772,Dead
50773,Dead
50774,Dead
50775,Dead
50776,Dead
50777,Dead
50778,Dead
50779,Dead
50780,Dead
50781,Dead
50782,Dead
50783,Dead
50784,Dead
50785,Dead
50786,Dead
50787,Dead
50788,Dead
50789,Dead
50790,Dead
50791,Dead
50792,Dead
50793,Dead
50794,Dead
50795,Dead
50796,Dead
50797,Dead
50798,Dead
50799,Dead
50800,Dead
50801,Dead
50802,Dead
50803,Dead
50804,Dead
50805,Dead
50806,Dead
50807,Dead
50808,Dead
50809,Dead
50810,Dead
50811,Dead
50812,Dead
50813,Dead
50814,Dead
50815,Dead
50816,Dead
50817,Dead
50818,Dead
50819,Dead
50820,Dead
50821,Dead
50822,Dead
50823,Dead
50824,Dead
50825,Dead
50826,Dead
50827,Dead
50828,Dead
50829,Dead
50830,Dead
50831,Dead
50832,Dead
50833,Dead
50834,Dead
50835,Dead
50836,Dead
50837,Dead
50838,Dead
50839,Dead
50840,Dead
50841,Dead
50842,Dead
50843,Dead
50844,Dead
50845,Dead
50846,Dead
50847,Dead
50848,Dead
50849,Dead
50850,Dead
50851,Dead
50852,Dead
50853,Dead
50854,Dead
50855,Dead
50856,Dead
50857,Dead
50858,Dead
50859,Dead
50860,Dead
50861,Dead
50862,Dead
50863,Dead
50864,Dead
50865,Dead
50866,Dead
50867,Dead
50868,Dead
50869,Dead
50870,Dead
50871,Dead
50872,Dead
50873,Dead
50874,Dead
50875,Dead
50876,Dead
50877,Dead
50878,Dead
50879,Dead
50880,Dead
50881,Dead
50882,Dead
50883,Dead
50884,Dead
50885,Dead
50886,Dead
50887,Dead
50888,Dead
50889,Dead
50890,Dead
50891,Dead
50892,Dead
50893,Dead
50894,Dead
50895,Dead
50896,Dead
50897,Dead
50898,Dead
50899,Dead
50900,Dead
50901,Dead
50902,Dead
50903,Dead
50904,Dead
50905,Dead
50906,Dead
50907,Dead
50908,Dead
50909,Dead
50910,Dead
50911,Dead
50912,Dead
50913,Dead
50914,Dead
50915,Dead
50916,Dead
50917,Dead
50918,Dead
50919,Dead
50920,Dead
50921,Dead
50922,Dead
50923,Dead
50924,Dead
50925,Dead
50926,Dead
50927,Dead
50928,Dead
50929,Dead
50930,Dead
50931,Dead
50932,Dead
50933,Dead
50934,Dead
50935,Dead
50936,Dead
50937,Dead
50938,Dead
50939,Dead
50940,Dead
50941,Dead
50942,Dead
50943,Dead
50944,Dead
50945,Dead
50946,Dead
50947,Dead
50948,Dead
50949,Dead
50950,Dead
50951,Dead
50952,Dead
50953,Dead
50954,Dead
50955,Dead
50956,Dead
50957,Dead
50958,Dead
50959,Dead
50960,Dead
50961,Dead
50962,Dead
50963,Dead
50964,Dead
50965,Dead
50966,Dead
50967,Dead
50968,Dead
50969,Dead
50970,Dead
50971,Dead
50972,Dead
50973,Dead
50974,Dead
50975,Dead
50976,Dead
50977,Dead
50978,Dead
50979,Dead
50980,Dead
50981,Dead
50982,Dead
50983,Dead
50984,Dead
50985,Dead
50986,Dead
50987,Dead
50988,Dead
50989,Dead
50990,Dead
50991,Dead
50992,Dead
50993,Dead
50994,Dead
50995,Dead
50996,Dead
50997,Dead
50998,Dead
50999,Dead
51000,Dead
51001,Dead
51002,Dead
51003,Dead
51004,Dead
51005,Dead
51006,Dead
51007,Dead
51008,Dead
51009,Dead
51010,Dead
51011,Dead
51012,Dead
51013,Dead
51014,Dead
51015,Dead
51016,Dead
51017,Dead
51018,Dead
51019,Dead
51020,Dead
51021,Dead
51022,Dead
51023,Dead
51024,Dead
51025,Dead
51026,Dead
51027,Dead
51028,Dead
51029,Dead
51030,Dead
51031,Dead
51032,Dead
51033,Dead
51034,Dead
51035,Dead
51036,Dead
51037,Dead
51038,Dead
51039,Dead
51040,Dead
51041,Dead
51042,Dead
51043,Dead
51044,Dead
51045,Dead
51046,Dead
51047,Dead
51048,Dead
51049,Dead
51050,Dead
51051,Dead
51052,Dead
51053,Dead
51054,Dead
51055,Dead
51056,Dead
51057,Dead
51058,Dead
51059,Dead
51060,Dead
51061,Dead
51062,Dead
51063,Dead
51064,Dead
51065,Dead
51066,Dead
51067,Dead
51068,Dead
51069,Dead
51070,Dead
51071,Dead
51072,Dead
51073,Dead
51074,Dead
51075,Dead
51076,Dead
51077,Dead
51078,Dead
51079,Dead
51080,Dead
51081,Dead
51082,Dead
51083,Dead
51084,Dead
51085,Dead
51086,Dead
51087,Dead
51088,Dead
51089,Dead
51090,Dead
51091,Dead
51092,Dead
51093,Dead
51094,Dead
51095,Dead
51096,Dead
51097,Dead
51098,Dead
51099,Dead
51100,Dead
51101,Dead
51102,Dead
51103,Dead
51104,Dead
51105,Dead
51106,Dead
51107,Dead
51108,Dead
51109,Dead
51110,Dead
51111,Dead
51112,Dead
51113,Dead
51114,Dead
51115,Dead
51116,Dead
51117,Dead
51118,Dead
51119,Dead
51120,Dead
51121,Dead
51122,Dead
51123,Dead
51124,Dead
51125,Dead
51126,Dead
51127,Dead
51128,Dead
51129,Dead
51130,Dead
51131,Dead
51132,Dead
51133,Dead
51134,Dead
51135,Dead
51136,Dead
51137,Dead
51138,Dead
51139,Dead
51140,Dead
51141,Dead
51142,Dead
51143,Dead
51144,Dead
51145,Dead
51146,Dead
51147,Dead
51148,Dead
51149,Dead
51150,Dead
51151,Dead
51152,Dead
51153,Dead
51154,Dead
51155,Dead
51156,Dead
51157,Dead
51158,Dead
51159,Dead
51160,Dead
51161,Dead
51162,Dead
51163,Dead
51164,Dead
51165,Dead
51166,Dead
51167,Dead
51168,Dead
51169,Dead
51170,Dead
51171,Dead
51172,Dead
51173,Dead
51174,Dead
51175,Dead
51176,Dead
51177,Dead
51178,Dead
51179,Dead
51180,Dead
51181,Dead
51182,Dead
51183,Dead
51184,Dead
51185,Dead
51186,Dead
51187,Dead
51188,Dead
51189,Dead
51190,Dead
51191,Dead
51192,Dead
51193,Dead
51194,Dead
51195,Dead
51196,Dead
51197,Dead
51198,Dead
51199,Dead
51200,Dead
51201,Dead
51202,Dead
51203,Dead
51204,Dead
51205,Dead
51206,Dead
51207,Dead
51208,Dead
51209,Dead
51210,Dead
51211,Dead
51212,Dead
51213,Dead
51214,Dead
51215,Dead
51216,Dead
51217,Dead
51218,Dead
51219,Dead
51220,Dead
51221,Dead
51222,Dead
51223,Dead
51224,Dead
51225,Dead
51226,Dead
51227,Dead
51228,Dead
51229,Dead
51230,Dead
51231,Dead
51232,Dead
51233,Dead
51234,Dead
51235,Dead
51236,Dead
51237,Dead
51238,Dead
51239,Dead
51240,Dead
51241,Dead
51242,Dead
51243,Dead
51244,Dead
51245,Dead
51246,Dead
51247,Dead
51248,Dead
51249,Dead
51250,Dead
51251,Dead
51252,Dead
51253,Dead
51254,Dead
51255,Dead
51256,Dead
51257,Dead
51258,Dead
51259,Dead
51260,Dead
51261,Dead
51262,Dead
51263,Dead
51264,Dead
51265,Dead
51266,Dead
51267,Dead
51268,Dead
51269,Dead
51270,Dead
51271,Dead
51272,Dead
51273,Dead
51274,Dead
51275,Dead
51276,Dead
51277,Dead
51278,Dead
51279,Dead
51280,Dead
51281,Dead
51282,Dead
51283,Dead
51284,Dead
51285,Dead
51286,Dead
51287,Dead
51288,Dead
51289,Dead
51290,Dead
51291,Dead
51292,Dead
51293,Dead
51294,Dead
51295,Dead
51296,Dead
51297,Dead
51298,Dead
51299,Dead
51300,Dead
51301,Dead
51302,Dead
51303,Dead
51304,Dead
51305,Dead
51306,Dead
51307,Dead
51308,Dead
51309,Dead
51310,Dead
51311,Dead
51312,Dead
51313,Dead
51314,Dead
51315,Dead
51316,Dead
51317,Dead
51318,Dead
51319,Dead
51320,Dead
51321,Dead
51322,Dead
51323,Dead
51324,Dead
51325,Dead
51326,Dead
51327,Dead
51328,Dead
51329,Dead
51330,Dead
51331,Dead
51332,Dead
51333,Dead
51334,Dead
51335,Dead
51336,Dead
51337,Dead
51338,Dead
51339,Dead
51340,Dead
51341,Dead
51342,Dead
51343,Dead
51344,Dead
51345,Dead
51346,Dead
51347,Dead
51348,Dead
51349,Dead
51350,Dead
51351,Dead
51352,Dead
51353,Dead
51354,Dead
51355,Dead
51356,Dead
51357,Dead
51358,Dead
51359,Dead
51360,Dead
51361,Dead
51362,Dead
51363,Dead
51364,Dead
51365,Dead
51366,Dead
51367,Dead
51368,Dead
51369,Dead
51370,Dead
51371,Dead
51372,Dead
51373,Dead
51374,Dead
51375,Dead
51376,Dead
51377,Dead
51378,Dead
51379,Dead
51380,Dead
51381,Dead
51382,Dead
51383,Dead
51384,Dead
51385,Dead
51386,Dead
51387,Dead
51388,Dead
51389,Dead
51390,Dead
51391,Dead
51392,Dead
51393,Dead
51394,Dead
51395,Dead
51396,Dead
51397,Dead
51398,Dead
51399,Dead
51400,Dead
51401,Dead
51402,Dead
51403,Dead
51404,Dead
51405,Dead
51406,Dead
51407,Dead
51408,Dead
51409,Dead
51410,Dead
51411,Dead
51412,Dead
51413,Dead
51414,Dead
51415,Dead
51416,Dead
51417,Dead
51418,Dead
51419,Dead
51420,Dead
51421,Dead
51422,Dead
51423,Dead
51424,Dead
51425,Dead
51426,Dead
51427,Dead
51428,Dead
51429,Dead
51430,Dead
51431,Dead
51432,Dead
51433,Dead
51434,Dead
51435,Dead
51436,Dead
51437,Dead
51438,Dead
51439,Dead
51440,Dead
51441,Dead
51442,Dead
51443,Dead
51444,Dead
51445,Dead
51446,Dead
51447,Dead
51448,Dead
51449,Dead
51450,Dead
51451,Dead
51452,Dead
51453,Dead
51454,Dead
51455,Dead
51456,Dead
51457,Dead
51458,Dead
51459,Dead
51460,Dead
51461,Dead
51462,Dead
51463,Dead
51464,Dead
51465,Dead
51466,Dead
51467,Dead
51468,Dead
51469,Dead
51470,Dead
51471,Dead
51472,Dead
51473,Dead
51474,Dead
51475,Dead
51476,Dead
51477,Dead
51478,Dead
51479,Dead
51480,Dead
51481,Dead
51482,Dead
51483,Dead
51484,Dead
51485,Dead
51486,Dead
51487,Dead
51488,Dead
51489,Dead
51490,Dead
51491,Dead
51492,Dead
51493,Dead
51494,Dead
51495,Dead
51496,Dead
51497,Dead
51498,Dead
51499,Dead
51500,Dead
51501,Dead
51502,Dead
51503,Dead
51504,Dead
51505,Dead
51506,Dead
51507,Dead
51508,Dead
51509,Dead
51510,Dead
51511,Dead
51512,Dead
51513,Dead
51514,Dead
51515,Dead
51516,Dead
51517,Dead
51518,Dead
51519,Dead
51520,Dead
51521,Dead
51522,Dead
51523,Dead
51524,Dead
51525,Dead
51526,Dead
51527,Dead
51528,Dead
51529,Dead
51530,Dead
51531,Dead
51532,Dead
51533,Dead
51534,Dead
51535,Dead
51536,Dead
51537,Dead
51538,Dead
51539,Dead
51540,Dead
51541,Dead
51542,Dead
51543,Dead
51544,Dead
51545,Dead
51546,Dead
51547,Dead
51548,Dead
51549,Dead
51550,Dead
51551,Dead
51552,Dead
51553,Dead
51554,Dead
51555,Dead
51556,Dead
51557,Dead
51558,Dead
51559,Dead
51560,Dead
51561,Dead
51562,Dead
51563,Dead
51564,Dead
51565,Dead
51566,Dead
51567,Dead
51568,Dead
51569,Dead
51570,Dead
51571,Dead
51572,Dead
51573,Dead
51574,Dead
51575,Dead
51576,Dead
51577,Dead
51578,Dead
51579,Dead
51580,Dead
51581,Dead
51582,Dead
51583,Dead
51584,Dead
51585,Dead
51586,Dead
51587,Dead
51588,Dead
51589,Dead
51590,Dead
51591,Dead
51592,Dead
51593,Dead
51594,Dead
51595,Dead
51596,Dead
51597,Dead
51598,Dead
51599,Dead
51600,Dead
51601,Dead
51602,Dead
51603,Dead
51604,Dead
51605,Dead
51606,Dead
51607,Dead
51608,Dead
51609,Dead
51610,Dead
51611,Dead
51612,Dead
51613,Dead
51614,Dead
51615,Dead
51616,Dead
51617,Dead
51618,Dead
51619,Dead
51620,Dead
51621,Dead
51622,Dead
51623,Dead
51624,Dead
51625,Dead
51626,Dead
51627,Dead
51628,Dead
51629,Dead
51630,Dead
51631,Dead
51632,Dead
51633,Dead
51634,Dead
51635,Dead
51636,Dead
51637,Dead
51638,Dead
51639,Dead
51640,Dead
51641,Dead
51642,Dead
51643,Dead
51644,Dead
51645,Dead
51646,Dead
51647,Dead
51648,Dead
51649,Dead
51650,Dead
51651,Dead
51652,Dead
51653,Dead
51654,Dead
51655,Dead
51656,Dead
51657,Dead
51658,Dead
51659,Dead
51660,Dead
51661,Dead
51662,Dead
51663,Dead
51664,Dead
51665,Dead
51666,Dead
51667,Dead
51668,Dead
51669,Dead
51670,Dead
51671,Dead
51672,Dead
51673,Dead
51674,Dead
51675,Dead
51676,Dead
51677,Dead
51678,Dead
51679,Dead
51680,Dead
51681,Dead
51682,Dead
51683,Dead
51684,Dead
51685,Dead
51686,Dead
51687,Dead
51688,Dead
51689,Dead
51690,Dead
51691,Dead
51692,Dead
51693,Dead
51694,Dead
51695,Dead
51696,Dead
51697,Dead
51698,Dead
51699,Dead
51700,Dead
51701,Dead
51702,Dead
51703,Dead
51704,Dead
51705,Dead
51706,Dead
51707,Dead
51708,Dead
51709,Dead
51710,Dead
51711,Dead
51712,Dead
51713,Dead
51714,Dead
51715,Dead
51716,Dead
51717,Dead
51718,Dead
51719,Dead
51720,Dead
51721,Dead
51722,Dead
51723,Dead
51724,Dead
51725,Dead
51726,Dead
51727,Dead
51728,Dead
51729,Dead
51730,Dead
51731,Dead
51732,Dead
51733,Dead
51734,Dead
51735,Dead
51736,Dead
51737,Dead
51738,Dead
51739,Dead
51740,Dead
51741,Dead
51742,Dead
51743,Dead
51744,Dead
51745,Dead
51746,Dead
51747,Dead
51748,Dead
51749,Dead
51750,Dead
51751,Dead
51752,Dead
51753,Dead
51754,Dead
51755,Dead
51756,Dead
51757,Dead
51758,Dead
51759,Dead
51760,Dead
51761,Dead
51762,Dead
51763,Dead
51764,Dead
51765,Dead
51766,Dead
51767,Dead
51768,Dead
51769,Dead
51770,Dead
51771,Dead
51772,Dead
51773,Dead
51774,Dead
51775,Dead
51776,Dead
51777,Dead
51778,Dead
51779,Dead
51780,Dead
51781,Dead
51782,Dead
51783,Dead
51784,Dead
51785,Dead
51786,Dead
51787,Dead
51788,Dead
51789,Dead
51790,Dead
51791,Dead
51792,Dead
51793,Dead
51794,Dead
51795,Dead
51796,Dead
51797,Dead
51798,Dead
51799,Dead
51800,Dead
51801,Dead
51802,Dead
51803,Dead
51804,Dead
51805,Dead
51806,Dead
51807,Dead
51808,Dead
51809,Dead
51810,Dead
51811,Dead
51812,Dead
51813,Dead
51814,Dead
51815,Dead
51816,Dead
51817,Dead
51818,Dead
51819,Dead
51820,Dead
51821,Dead
51822,Dead
51823,Dead
51824,Dead
51825,Dead
51826,Dead
51827,Dead
51828,Dead
51829,Dead
51830,Dead
51831,Dead
51832,Dead
51833,Dead
51834,Dead
51835,Dead
51836,Dead
51837,Dead
51838,Dead
51839,Dead
51840,Dead
51841,Dead
51842,Dead
51843,Dead
51844,Dead
51845,Dead
51846,Dead
51847,Dead
51848,Dead
51849,Dead
51850,Dead
51851,Dead
51852,Dead
51853,Dead
51854,Dead
51855,Dead
51856,Dead
51857,Dead
51858,Dead
51859,Dead
51860,Dead
51861,Dead
51862,Dead
51863,Dead
51864,Dead
51865,Dead
51866,Dead
51867,Dead
51868,Dead
51869,Dead
51870,Dead
51871,Dead
51872,Dead
51873,Dead
51874,Dead
51875,Dead
51876,Dead
51877,Dead
51878,Dead
51879,Dead
51880,Dead
51881,Dead
51882,Dead
51883,Dead
51884,Dead
51885,Dead
51886,Dead
51887,Dead
51888,Dead
51889,Dead
51890,Dead
51891,Dead
51892,Dead
51893,Dead
51894,Dead
51895,Dead
51896,Dead
51897,Dead
51898,Dead
51899,Dead
51900,Dead
51901,Dead
51902,Dead
51903,Dead
51904,Dead
51905,Dead
51906,Dead
51907,Dead
51908,Dead
51909,Dead
51910,Dead
51911,Dead
51912,Dead
51913,Dead
51914,Dead
51915,Dead
51916,Dead
51917,Dead
51918,Dead
51919,Dead
51920,Dead
51921,Dead
51922,Dead
51923,Dead
51924,Dead
51925,Dead
51926,Dead
51927,Dead
51928,Dead
51929,Dead
51930,Dead
51931,Dead
51932,Dead
51933,Dead
51934,Dead
51935,Dead
51936,Dead
51937,Dead
51938,Dead
51939,Dead
51940,Dead
51941,Dead
51942,Dead
51943,Dead
51944,Dead
51945,Dead
51946,Dead
51947,Dead
51948,Dead
51949,Dead
51950,Dead
51951,Dead
51952,Dead
51953,Dead
51954,Dead
51955,Dead
51956,Dead
51957,Dead
51958,Dead
51959,Dead
51960,Dead
51961,Dead
51962,Dead
51963,Dead
51964,Dead
51965,Dead
51966,Dead
51967,Dead
51968,Dead
51969,Dead
51970,Dead
51971,Dead
51972,Dead
51973,Dead
51974,Dead
51975,Dead
51976,Dead
51977,Dead
51978,Dead
51979,Dead
51980,Dead
51981,Dead
51982,Dead
51983,Dead
51984,Dead
51985,Dead
51986,Dead
51987,Dead
51988,Dead
51989,Dead
51990,Dead
51991,Dead
51992,Dead
51993,Dead
51994,Dead
51995,Dead
51996,Dead
51997,Dead
51998,Dead
51999,Dead
52000,Dead
52001,Dead
52002,Dead
52003,Dead
52004,Dead
52005,Dead
52006,Dead
52007,Dead
52008,Dead
52009,Dead
52010,Dead
52011,Dead
52012,Dead
52013,Dead
52014,Dead
52015,Dead
52016,Dead
52017,Dead
52018,Dead
52019,Dead
52020,Dead
52021,Dead
52022,Dead
52023,Dead
52024,Dead
52025,Dead
52026,Dead
52027,Dead
52028,Dead
52029,Dead
52030,Dead
52031,Dead
52032,Dead
52033,Dead
52034,Dead
52035,Dead
52036,Dead
52037,Dead
52038,Dead
52039,Dead
52040,Dead
52041,Dead
52042,Dead
52043,Dead
52044,Dead
52045,Dead
52046,Dead
52047,Dead
52048,Dead
52049,Dead
52050,Dead
52051,Dead
52052,Dead
52053,Dead
52054,Dead
52055,Dead
52056,Dead
52057,Dead
52058,Dead
52059,Dead
52060,Dead
52061,Dead
52062,Dead
52063,Dead
52064,Dead
52065,Dead
52066,Dead
52067,Dead
52068,Dead
52069,Dead
52070,Dead
52071,Dead
52072,Dead
52073,Dead
52074,Dead
52075,Dead
52076,Dead
52077,Dead
52078,Dead
52079,Dead
52080,Dead
52081,Dead
52082,Dead
52083,Dead
52084,Dead
52085,Dead
52086,Dead
52087,Dead
52088,Dead
52089,Dead
52090,Dead
52091,Dead
52092,Dead
52093,Dead
52094,Dead
52095,Dead
52096,Dead
52097,Dead
52098,Dead
52099,Dead
52100,Dead
52101,Dead
52102,Dead
52103,Dead
52104,Dead
52105,Dead
52106,Dead
52107,Dead
52108,Dead
52109,Dead
52110,Dead
52111,Dead
52112,Dead
52113,Dead
52114,Dead
52115,Dead
52116,Dead
52117,Dead
52118,Dead
52119,Dead
52120,Dead
52121,Dead
52122,Dead
52123,Dead
52124,Dead
52125,Dead
52126,Dead
52127,Dead
52128,Dead
52129,Dead
52130,Dead
52131,Dead
52132,Dead
52133,Dead
52134,Dead
52135,Dead
52136,Dead
52137,Dead
52138,Dead
52139,Dead
52140,Dead
52141,Dead
52142,Dead
52143,Dead
52144,Dead
52145,Dead
52146,Dead
52147,Dead
52148,Dead
52149,Dead
52150,Dead
52151,Dead
52152,Dead
52153,Dead
52154,Dead
52155,Dead
52156,Dead
52157,Dead
52158,Dead
52159,Dead
52160,Dead
52161,Dead
52162,Dead
52163,Dead
52164,Dead
52165,Dead
52166,Dead
52167,Dead
52168,Dead
52169,Dead
52170,Dead
52171,Dead
52172,Dead
52173,Dead
52174,Dead
52175,Dead
52176,Dead
52177,Dead
52178,Dead
52179,Dead
52180,Dead
52181,Dead
52182,Dead
52183,Dead
52184,Dead
52185,Dead
52186,Dead
52187,Dead
52188,Dead
52189,Dead
52190,Dead
52191,Dead
52192,Dead
52193,Dead
52194,Dead
52195,Dead
52196,Dead
52197,Dead
52198,Dead
52199,Dead
52200,Dead
52201,Dead
52202,Dead
52203,Dead
52204,Dead
52205,Dead
52206,Dead
52207,Dead
52208,Dead
52209,Dead
52210,Dead
52211,Dead
52212,Dead
52213,Dead
52214,Dead
52215,Dead
52216,Dead
52217,Dead
52218,Dead
52219,Dead
52220,Dead
52221,Dead
52222,Dead
52223,Dead
52224,Dead
52225,Dead
52226,Dead
52227,Dead
52228,Dead
52229,Dead
52230,Dead
52231,Dead
52232,Dead
52233,Dead
52234,Dead
52235,Dead
52236,Dead
52237,Dead
52238,Dead
52239,Dead
52240,Dead
52241,Dead
52242,Dead
52243,Dead
52244,Dead
52245,Dead
52246,Dead
52247,Dead
52248,Dead
52249,Dead
52250,Dead
52251,Dead
52252,Dead
52253,Dead
52254,Dead
52255,Dead
52256,Dead
52257,Dead
52258,Dead
52259,Dead
52260,Dead
52261,Dead
52262,Dead
52263,Dead
52264,Dead
52265,Dead
52266,Dead
52267,Dead
52268,Dead
52269,Dead
52270,Dead
52271,Dead
52272,Dead
52273,Dead
52274,Dead
52275,Dead
52276,Dead
52277,Dead
52278,Dead
52279,Dead
52280,Dead
52281,Dead
52282,Dead
52283,Dead
52284,Dead
52285,Dead
52286,Dead
52287,Dead
52288,Dead
52289,Dead
52290,Dead
52291,Dead
52292,Dead
52293,Dead
52294,Dead
52295,Dead
52296,Dead
52297,Dead
52298,Dead
52299,Dead
52300,Dead
52301,Dead
52302,Dead
52303,Dead
52304,Dead
52305,Dead
52306,Dead
52307,Dead
52308,Dead
52309,Dead
52310,Dead
52311,Dead
52312,Dead
52313,Dead
52314,Dead
52315,Dead
52316,Dead
52317,Dead
52318,Dead
52319,Dead
52320,Dead
52321,Dead
52322,Dead
52323,Dead
52324,Dead
52325,Dead
52326,Dead
52327,Dead
52328,Dead
52329,Dead
52330,Dead
52331,Dead
52332,Dead
52333,Dead
52334,Dead
52335,Dead
52336,Dead
52337,Dead
52338,Dead
52339,Dead
52340,Dead
52341,Dead
52342,Dead
52343,Dead
52344,Dead
52345,Dead
52346,Dead
52347,Dead
52348,Dead
52349,Dead
52350,Dead
52351,Dead
52352,Dead
52353,Dead
52354,Dead
52355,Dead
52356,Dead
52357,Dead
52358,Dead
52359,Dead
52360,Dead
52361,Dead
52362,Dead
52363,Dead
52364,Dead
52365,Dead
52366,Dead
52367,Dead
52368,Dead
52369,Dead
52370,Dead
52371,Dead
52372,Dead
52373,Dead
52374,Dead
52375,Dead
52376,Dead
52377,Dead
52378,Dead
52379,Dead
52380,Dead
52381,Dead
52382,Dead
52383,Dead
52384,Dead
52385,Dead
52386,Dead
52387,Dead
52388,Dead
52389,Dead
52390,Dead
52391,Dead
52392,Dead
52393,Dead
52394,Dead
52395,Dead
52396,Dead
52397,Dead
52398,Dead
52399,Dead
52400,Dead
52401,Dead
52402,Dead
52403,Dead
52404,Dead
52405,Dead
52406,Dead
52407,Dead
52408,Dead
52409,Dead
52410,Dead
52411,Dead
52412,Dead
52413,Dead
52414,Dead
52415,Dead
52416,Dead
52417,Dead
52418,Dead
52419,Dead
52420,Dead
52421,Dead
52422,Dead
52423,Dead
52424,Dead
52425,Dead
52426,Dead
52427,Dead
52428,Dead
52429,Dead
52430,Dead
52431,Dead
52432,Dead
52433,Dead
52434,Dead
52435,Dead
52436,Dead
52437,Dead
52438,Dead
52439,Dead
52440,Dead
52441,Dead
52442,Dead
52443,Dead
52444,Dead
52445,Dead
52446,Dead
52447,Dead
52448,Dead
52449,Dead
52450,Dead
52451,Dead
52452,Dead
52453,Dead
52454,Dead
52455,Dead
52456,Dead
52457,Dead
52458,Dead
52459,Dead
52460,Dead
52461,Dead
52462,Dead
52463,Dead
52464,Dead
52465,Dead
52466,Dead
52467,Dead
52468,Dead
52469,Dead
52470,Dead
52471,Dead
52472,Dead
52473,Dead
52474,Dead
52475,Dead
52476,Dead
52477,Dead
52478,Dead
52479,Dead
52480,Dead
52481,Dead
52482,Dead
52483,Dead
52484,Dead
52485,Dead
52486,Dead
52487,Dead
52488,Dead
52489,Dead
52490,Dead
52491,Dead
52492,Dead
52493,Dead
52494,Dead
52495,Dead
52496,Dead
52497,Dead
52498,Dead
52499,Dead
52500,Dead
52501,Dead
52502,Dead
52503,Dead
52504,Dead
52505,Dead
52506,Dead
52507,Dead
52508,Dead
52509,Dead
52510,Dead
52511,Dead
52512,Dead
52513,Dead
52514,Dead
52515,Dead
52516,Dead
52517,Dead
52518,Dead
52519,Dead
52520,Dead
52521,Dead
52522,Dead
52523,Dead
52524,Dead
52525,Dead
52526,Dead
52527,Dead
52528,Dead
52529,Dead
52530,Dead
52531,Dead
52532,Dead
52533,Dead
52534,Dead
52535,Dead
52536,Dead
52537,Dead
52538,Dead
52539,Dead
52540,Dead
52541,Dead
52542,Dead
52543,Dead
52544,Dead
52545,Dead
52546,Dead
52547,Dead
52548,Dead
52549,Dead
52550,Dead
52551,Dead
52552,Dead
52553,Dead
52554,Dead
52555,Dead
52556,Dead
52557,Dead
52558,Dead
52559,Dead
52560,Dead
52561,Dead
52562,Dead
52563,Dead
52564,Dead
52565,Dead
52566,Dead
52567,Dead
52568,Dead
52569,Dead
52570,Dead
52571,Dead
52572,Dead
52573,Dead
52574,Dead
52575,Dead
52576,Dead
52577,Dead
52578,Dead
52579,Dead
52580,Dead
52581,Dead
52582,Dead
52583,Dead
52584,Dead
52585,Dead
52586,Dead
52587,Dead
52588,Dead
52589,Dead
52590,Dead
52591,Dead
52592,Dead
52593,Dead
52594,Dead
52595,Dead
52596,Dead
52597,Dead
52598,Dead
52599,Dead
52600,Dead
52601,Dead
52602,Dead
52603,Dead
52604,Dead
52605,Dead
52606,Dead
52607,Dead
52608,Dead
52609,Dead
52610,Dead
52611,Dead
52612,Dead
52613,Dead
52614,Dead
52615,Dead
52616,Dead
52617,Dead
52618,Dead
52619,Dead
52620,Dead
52621,Dead
52622,Dead
52623,Dead
52624,Dead
52625,Dead
52626,Dead
52627,Dead
52628,Dead
52629,Dead
52630,Dead
52631,Dead
52632,Dead
52633,Dead
52634,Dead
52635,Dead
52636,Dead
52637,Dead
52638,Dead
52639,Dead
52640,Dead
52641,Dead
52642,Dead
52643,Dead
52644,Dead
52645,Dead
52646,Dead
52647,Dead
52648,Dead
52649,Dead
52650,Dead
52651,Dead
52652,Dead
52653,Dead
52654,Dead
52655,Dead
52656,Dead
52657,Dead
52658,Dead
52659,Dead
52660,Dead
52661,Dead
52662,Dead
52663,Dead
52664,Dead
52665,Dead
52666,Dead
52667,Dead
52668,Dead
52669,Dead
52670,Dead
52671,Dead
52672,Dead
52673,Dead
52674,Dead
52675,Dead
52676,Dead
52677,Dead
52678,Dead
52679,Dead
52680,Dead
52681,Dead
52682,Dead
52683,Dead
52684,Dead
52685,Dead
52686,Dead
52687,Dead
52688,Dead
52689,Dead
52690,Dead
52691,Dead
52692,Dead
52693,Dead
52694,Dead
52695,Dead
52696,Dead
52697,Dead
52698,Dead
52699,Dead
52700,Dead
52701,Dead
52702,Dead
52703,Dead
52704,Dead
52705,Dead
52706,Dead
52707,Dead
52708,Dead
52709,Dead
52710,Dead
52711,Dead
52712,Dead
52713,Dead
52714,Dead
52715,Dead
52716,Dead
52717,Dead
52718,Dead
52719,Dead
52720,Dead
52721,Dead
52722,Dead
52723,Dead
52724,Dead
52725,Dead
52726,Dead
52727,Dead
52728,Dead
52729,Dead
52730,Dead
52731,Dead
52732,Dead
52733,Dead
52734,Dead
52735,Dead
52736,Dead
52737,Dead
52738,Dead
52739,Dead
52740,Dead
52741,Dead
52742,Dead
52743,Dead
52744,Dead
52745,Dead
52746,Dead
52747,Dead
52748,Dead
52749,Dead
52750,Dead
52751,Dead
52752,Dead
52753,Dead
52754,Dead
52755,Dead
52756,Dead
52757,Dead
52758,Dead
52759,Dead
52760,Dead
52761,Dead
52762,Dead
52763,Dead
52764,Dead
52765,Dead
52766,Dead
52767,Dead
52768,Dead
52769,Dead
52770,Dead
52771,Dead
52772,Dead
52773,Dead
52774,Dead
52775,Dead
52776,Dead
52777,Dead
52778,Dead
52779,Dead
52780,Dead
52781,Dead
52782,Dead
52783,Dead
52784,Dead
52785,Dead
52786,Dead
52787,Dead
52788,Dead
52789,Dead
52790,Dead
52791,Dead
52792,Dead
52793,Dead
52794,Dead
52795,Dead
52796,Dead
52797,Dead
52798,Dead
52799,Dead
52800,Dead
52801,Dead
52802,Dead
52803,Dead
52804,Dead
52805,Dead
52806,Dead
52807,Dead
52808,Dead
52809,Dead
52810,Dead
52811,Dead
52812,Dead
52813,Dead
52814,Dead
52815,Dead
52816,Dead
52817,Dead
52818,Dead
52819,Dead
52820,Dead
52821,Dead
52822,Dead
52823,Dead
52824,Dead
52825,Dead
52826,Dead
52827,Dead
52828,Dead
52829,Dead
52830,Dead
52831,Dead
52832,Dead
52833,Dead
52834,Dead
52835,Dead
52836,Dead
52837,Dead
52838,Dead
52839,Dead
52840,Dead
52841,Dead
52842,Dead
52843,Dead
52844,Dead
52845,Dead
52846,Dead
52847,Dead
52848,Dead
52849,Dead
52850,Dead
52851,Dead
52852,Dead
52853,Dead
52854,Dead
52855,Dead
52856,Dead
52857,Dead
52858,Dead
52859,Dead
52860,Dead
52861,Dead
52862,Dead
52863,Dead
52864,Dead
52865,Dead
52866,Dead
52867,Dead
52868,Dead
52869,Dead
52870,Dead
52871,Dead
52872,Dead
52873,Dead
52874,Dead
52875,Dead
52876,Dead
52877,Dead
52878,Dead
52879,Dead
52880,Dead
52881,Dead
52882,Dead
52883,Dead
52884,Dead
52885,Dead
52886,Dead
52887,Dead
52888,Dead
52889,Dead
52890,Dead
52891,Dead
52892,Dead
52893,Dead
52894,Dead
52895,Dead
52896,Dead
52897,Dead
52898,Dead
52899,Dead
52900,Dead
52901,Dead
52902,Dead
52903,Dead
52904,Dead
52905,Dead
52906,Dead
52907,Dead
52908,Dead
52909,Dead
52910,Dead
52911,Dead
52912,Dead
52913,Dead
52914,Dead
52915,Dead
52916,Dead
52917,Dead
52918,Dead
52919,Dead
52920,Dead
52921,Dead
52922,Dead
52923,Dead
52924,Dead
52925,Dead
52926,Dead
52927,Dead
52928,Dead
52929,Dead
52930,Dead
52931,Dead
52932,Dead
52933,Dead
52934,Dead
52935,Dead
52936,Dead
52937,Dead
52938,Dead
52939,Dead
52940,Dead
52941,Dead
52942,Dead
52943,Dead
52944,Dead
52945,Dead
52946,Dead
52947,Dead
52948,Dead
52949,Dead
52950,Dead
52951,Dead
52952,Dead
52953,Dead
52954,Dead
52955,Dead
52956,Dead
52957,Dead
52958,Dead
52959,Dead
52960,Dead
52961,Dead
52962,Dead
52963,Dead
52964,Dead
52965,Dead
52966,Dead
52967,Dead
52968,Dead
52969,Dead
52970,Dead
52971,Dead
52972,Dead
52973,Dead
52974,Dead
52975,Dead
52976,Dead
52977,Dead
52978,Dead
52979,Dead
52980,Dead
52981,Dead
52982,Dead
52983,Dead
52984,Dead
52985,Dead
52986,Dead
52987,Dead
52988,Dead
52989,Dead
52990,Dead
52991,Dead
52992,Dead
52993,Dead
52994,Dead
52995,Dead
52996,Dead
52997,Dead
52998,Dead
52999,Dead
53000,Dead
53001,Dead
53002,Dead
53003,Dead
53004,Dead
53005,Dead
53006,Dead
53007,Dead
53008,Dead
53009,Dead
53010,Dead
53011,Dead
53012,Dead
53013,Dead
53014,Dead
53015,Dead
53016,Dead
53017,Dead
53018,Dead
53019,Dead
53020,Dead
53021,Dead
53022,Dead
53023,Dead
53024,Dead
53025,Dead
53026,Dead
53027,Dead
53028,Dead
53029,Dead
53030,Dead
53031,Dead
53032,Dead
53033,Dead
53034,Dead
53035,Dead
53036,Dead
53037,Dead
53038,Dead
53039,Dead
53040,Dead
53041,Dead
53042,Dead
53043,Dead
53044,Dead
53045,Dead
53046,Dead
53047,Dead
53048,Dead
53049,Dead
53050,Dead
53051,Dead
53052,Dead
53053,Dead
53054,Dead
53055,Dead
53056,Dead
53057,Dead
53058,Dead
53059,Dead
53060,Dead
53061,Dead
53062,Dead
53063,Dead
53064,Dead
53065,Dead
53066,Dead
53067,Dead
53068,Dead
53069,Dead
53070,Dead
53071,Dead
53072,Dead
53073,Dead
53074,Dead
53075,Dead
53076,Dead
53077,Dead
53078,Dead
53079,Dead
53080,Dead
53081,Dead
53082,Dead
53083,Dead
53084,Dead
53085,Dead
53086,Dead
53087,Dead
53088,Dead
53089,Dead
53090,Dead
53091,Dead
53092,Dead
53093,Dead
53094,Dead
53095,Dead
53096,Dead
53097,Dead
53098,Dead
53099,Dead
53100,Dead
53101,Dead
53102,Dead
53103,Dead
53104,Dead
53105,Dead
53106,Dead
53107,Dead
53108,Dead
53109,Dead
53110,Dead
53111,Dead
53112,Dead
53113,Dead
53114,Dead
53115,Dead
53116,Dead
53117,Dead
53118,Dead
53119,Dead
53120,Dead
53121,Dead
53122,Dead
53123,Dead
53124,Dead
53125,Dead
53126,Dead
53127,Dead
53128,Dead
53129,Dead
53130,Dead
53131,Dead
53132,Dead
53133,Dead
53134,Dead
53135,Dead
53136,Dead
53137,Dead
53138,Dead
53139,Dead
53140,Dead
53141,Dead
53142,Dead
53143,Dead
53144,Dead
53145,Dead
53146,Dead
53147,Dead
53148,Dead
53149,Dead
53150,Dead
53151,Dead
53152,Dead
53153,Dead
53154,Dead
53155,Dead
53156,Dead
53157,Dead
53158,Dead
53159,Dead
53160,Dead
53161,Dead
53162,Dead
53163,Dead
53164,Dead
53165,Dead
53166,Dead
53167,Dead
53168,Dead
53169,Dead
53170,Dead
53171,Dead
53172,Dead
53173,Dead
53174,Dead
53175,Dead
53176,Dead
53177,Dead
53178,Dead
53179,Dead
53180,Dead
53181,Dead
53182,Dead
53183,Dead
53184,Dead
53185,Dead
53186,Dead
53187,Dead
53188,Dead
53189,Dead
53190,Dead
53191,Dead
53192,Dead
53193,Dead
53194,Dead
53195,Dead
53196,Dead
53197,Dead
53198,Dead
53199,Dead
53200,Dead
53201,Dead
53202,Dead
53203,Dead
53204,Dead
53205,Dead
53206,Dead
53207,Dead
53208,Dead
53209,Dead
53210,Dead
53211,Dead
53212,Dead
53213,Dead
53214,Dead
53215,Dead
53216,Dead
53217,Dead
53218,Dead
53219,Dead
53220,Dead
53221,Dead
53222,Dead
53223,Dead
53224,Dead
53225,Dead
53226,Dead
53227,Dead
53228,Dead
53229,Dead
53230,Dead
53231,Dead
53232,Dead
53233,Dead
53234,Dead
53235,Dead
53236,Dead
53237,Dead
53238,Dead
53239,Dead
53240,Dead
53241,Dead
53242,Dead
53243,Dead
53244,Dead
53245,Dead
53246,Dead
53247,Dead
53248,Dead
53249,Dead
53250,Dead
53251,Dead
53252,Dead
53253,Dead
53254,Dead
53255,Dead
53256,Dead
53257,Dead
53258,Dead
53259,Dead
53260,Dead
53261,Dead
53262,Dead
53263,Dead
53264,Dead
53265,Dead
53266,Dead
53267,Dead
53268,Dead
53269,Dead
53270,Dead
53271,Dead
53272,Dead
53273,Dead
53274,Dead
53275,Dead
53276,Dead
53277,Dead
53278,Dead
53279,Dead
53280,Dead
53281,Dead
53282,Dead
53283,Dead
53284,Dead
53285,Dead
53286,Dead
53287,Dead
53288,Dead
53289,Dead
53290,Dead
53291,Dead
53292,Dead
53293,Dead
53294,Dead
53295,Dead
53296,Dead
53297,Dead
53298,Dead
53299,Dead
53300,Dead
53301,Dead
53302,Dead
53303,Dead
53304,Dead
53305,Dead
53306,Dead
53307,Dead
53308,Dead
53309,Dead
53310,Dead
53311,Dead
53312,Dead
53313,Dead
53314,Dead
53315,Dead
53316,Dead
53317,Dead
53318,Dead
53319,Dead
53320,Dead
53321,Dead
53322,Dead
53323,Dead
53324,Dead
53325,Dead
53326,Dead
53327,Dead
53328,Dead
53329,Dead
53330,Dead
53331,Dead
53332,Dead
53333,Dead
53334,Dead
53335,Dead
53336,Dead
53337,Dead
53338,Dead
53339,Dead
53340,Dead
53341,Dead
53342,Dead
53343,Dead
53344,Dead
53345,Dead
53346,Dead
53347,Dead
53348,Dead
53349,Dead
53350,Dead
53351,Dead
53352,Dead
53353,Dead
53354,Dead
53355,Dead
53356,Dead
53357,Dead
53358,Dead
53359,Dead
53360,Dead
53361,Dead
53362,Dead
53363,Dead
53364,Dead
53365,Dead
53366,Dead
53367,Dead
53368,Dead
53369,Dead
53370,Dead
53371,Dead
53372,Dead
53373,Dead
53374,Dead
53375,Dead
53376,Dead
53377,Dead
53378,Dead
53379,Dead
53380,Dead
53381,Dead
53382,Dead
53383,Dead
53384,Dead
53385,Dead
53386,Dead
53387,Dead
53388,Dead
53389,Dead
53390,Dead
53391,Dead
53392,Dead
53393,Dead
53394,Dead
53395,Dead
53396,Dead
53397,Dead
53398,Dead
53399,Dead
53400,Dead
53401,Dead
53402,Dead
53403,Dead
53404,Dead
53405,Dead
53406,Dead
53407,Dead
53408,Dead
53409,Dead
53410,Dead
53411,Dead
53412,Dead
53413,Dead
53414,Dead
53415,Dead
53416,Dead
53417,Dead
53418,Dead
53419,Dead
53420,Dead
53421,Dead
53422,Dead
53423,Dead
53424,Dead
53425,Dead
53426,Dead
53427,Dead
53428,Dead
53429,Dead
53430,Dead
53431,Dead
53432,Dead
53433,Dead
53434,Dead
53435,Dead
53436,Dead
53437,Dead
53438,Dead
53439,Dead
53440,Dead
53441,Dead
53442,Dead
53443,Dead
53444,Dead
53445,Dead
53446,Dead
53447,Dead
53448,Dead
53449,Dead
53450,Dead
53451,Dead
53452,Dead
53453,Dead
53454,Dead
53455,Dead
53456,Dead
53457,Dead
53458,Dead
53459,Dead
53460,Dead
53461,Dead
53462,Dead
53463,Dead
53464,Dead
53465,Dead
53466,Dead
53467,Dead
53468,Dead
53469,Dead
53470,Dead
53471,Dead
53472,Dead
53473,Dead
53474,Dead
53475,Dead
53476,Dead
53477,Dead
53478,Dead
53479,Dead
53480,Dead
53481,Dead
53482,Dead
53483,Dead
53484,Dead
53485,Dead
53486,Dead
53487,Dead
53488,Dead
53489,Dead
53490,Dead
53491,Dead
53492,Dead
53493,Dead
53494,Dead
53495,Dead
53496,Dead
53497,Dead
53498,Dead
53499,Dead
53500,Dead
53501,Dead
53502,Dead
53503,Dead
53504,Dead
53505,Dead
53506,Dead
53507,Dead
53508,Dead
53509,Dead
53510,Dead
53511,Dead
53512,Dead
53513,Dead
53514,Dead
53515,Dead
53516,Dead
53517,Dead
53518,Dead
53519,Dead
53520,Dead
53521,Dead
53522,Dead
53523,Dead
53524,Dead
53525,Dead
53526,Dead
53527,Dead
53528,Dead
53529,Dead
53530,Dead
53531,Dead
53532,Dead
53533,Dead
53534,Dead
53535,Dead
53536,Dead
53537,Dead
53538,Dead
53539,Dead
53540,Dead
53541,Dead
53542,Dead
53543,Dead
53544,Dead
53545,Dead
53546,Dead
53547,Dead
53548,Dead
53549,Dead
53550,Dead
53551,Dead
53552,Dead
53553,Dead
53554,Dead
53555,Dead
53556,Dead
53557,Dead
53558,Dead
53559,Dead
53560,Dead
53561,Dead
53562,Dead
53563,Dead
53564,Dead
53565,Dead
53566,Dead
53567,Dead
53568,Dead
53569,Dead
53570,Dead
53571,Dead
53572,Dead
53573,Dead
53574,Dead
53575,Dead
53576,Dead
53577,Dead
53578,Dead
53579,Dead
53580,Dead
53581,Dead
53582,Dead
53583,Dead
53584,Dead
53585,Dead
53586,Dead
53587,Dead
53588,Dead
53589,Dead
53590,Dead
53591,Dead
53592,Dead
53593,Dead
53594,Dead
53595,Dead
53596,Dead
53597,Dead
53598,Dead
53599,Dead
53600,Dead
53601,Dead
53602,Dead
53603,Dead
53604,Dead
53605,Dead
53606,Dead
53607,Dead
53608,Dead
53609,Dead
53610,Dead
53611,Dead
53612,Dead
53613,Dead
53614,Dead
53615,Dead
53616,Dead
53617,Dead
53618,Dead
53619,Dead
53620,Dead
53621,Dead
53622,Dead
53623,Dead
53624,Dead
53625,Dead
53626,Dead
53627,Dead
53628,Dead
53629,Dead
53630,Dead
53631,Dead
53632,Dead
53633,Dead
53634,Dead
53635,Dead
53636,Dead
53637,Dead
53638,Dead
53639,Dead
53640,Dead
53641,Dead
53642,Dead
53643,Dead
53644,Dead
53645,Dead
53646,Dead
53647,Dead
53648,Dead
53649,Dead
53650,Dead
53651,Dead
53652,Dead
53653,Dead
53654,Dead
53655,Dead
53656,Dead
53657,Dead
53658,Dead
53659,Dead
53660,Dead
53661,Dead
53662,Dead
53663,Dead
53664,Dead
53665,Dead
53666,Dead
53667,Dead
53668,Dead
53669,Dead
53670,Dead
53671,Dead
53672,Dead
53673,Dead
53674,Dead
53675,Dead
53676,Dead
53677,Dead
53678,Dead
53679,Dead
53680,Dead
53681,Dead
53682,Dead
53683,Dead
53684,Dead
53685,Dead
53686,Dead
53687,Dead
53688,Dead
53689,Dead
53690,Dead
53691,Dead
53692,Dead
53693,Dead
53694,Dead
53695,Dead
53696,Dead
53697,Dead
53698,Dead
53699,Dead
53700,Dead
53701,Dead
53702,Dead
53703,Dead
53704,Dead
53705,Dead
53706,Dead
53707,Dead
53708,Dead
53709,Dead
53710,Dead
53711,Dead
53712,Dead
53713,Dead
53714,Dead
53715,Dead
53716,Dead
53717,Dead
53718,Dead
53719,Dead
53720,Dead
53721,Dead
53722,Dead
53723,Dead
53724,Dead
53725,Dead
53726,Dead
53727,Dead
53728,Dead
53729,Dead
53730,Dead
53731,Dead
53732,Dead
53733,Dead
53734,Dead
53735,Dead
53736,Dead
53737,Dead
53738,Dead
53739,Dead
53740,Dead
53741,Dead
53742,Dead
53743,Dead
53744,Dead
53745,Dead
53746,Dead
53747,Dead
53748,Dead
53749,Dead
53750,Dead
53751,Dead
53752,Dead
53753,Dead
53754,Dead
53755,Dead
53756,Dead
53757,Dead
53758,Dead
53759,Dead
53760,Dead
53761,Dead
53762,Dead
53763,Dead
53764,Dead
53765,Dead
53766,Dead
53767,Dead
53768,Dead
53769,Dead
53770,Dead
53771,Dead
53772,Dead
53773,Dead
53774,Dead
53775,Dead
53776,Dead
53777,Dead
53778,Dead
53779,Dead
53780,Dead
53781,Dead
53782,Dead
53783,Dead
53784,Dead
53785,Dead
53786,Dead
53787,Dead
53788,Dead
53789,Dead
53790,Dead
53791,Dead
53792,Dead
53793,Dead
53794,Dead
53795,Dead
53796,Dead
53797,Dead
53798,Dead
53799,Dead
53800,Dead
53801,Dead
53802,Dead
53803,Dead
53804,Dead
53805,Dead
53806,Dead
53807,Dead
53808,Dead
53809,Dead
53810,Dead
53811,Dead
53812,Dead
53813,Dead
53814,Dead
53815,Dead
53816,Dead
53817,Dead
53818,Dead
53819,Dead
53820,Dead
53821,Dead
53822,Dead
53823,Dead
53824,Dead
53825,Dead
53826,Dead
53827,Dead
53828,Dead
53829,Dead
53830,Dead
53831,Dead
53832,Dead
53833,Dead
53834,Dead
53835,Dead
53836,Dead
53837,Dead
53838,Dead
53839,Dead
53840,Dead
53841,Dead
53842,Dead
53843,Dead
53844,Dead
53845,Dead
53846,Dead
53847,Dead
53848,Dead
53849,Dead
53850,Dead
53851,Dead
53852,Dead
53853,Dead
53854,Dead
53855,Dead
53856,Dead
53857,Dead
53858,Dead
53859,Dead
53860,Dead
53861,Dead
53862,Dead
53863,Dead
53864,Dead
53865,Dead
53866,Dead
53867,Dead
53868,Dead
53869,Dead
53870,Dead
53871,Dead
53872,Dead
53873,Dead
53874,Dead
53875,Dead
53876,Dead
53877,Dead
53878,Dead
53879,Dead
53880,Dead
53881,Dead
53882,Dead
53883,Dead
53884,Dead
53885,Dead
53886,Dead
53887,Dead
53888,Dead
53889,Dead
53890,Dead
53891,Dead
53892,Dead
53893,Dead
53894,Dead
53895,Dead
53896,Dead
53897,Dead
53898,Dead
53899,Dead
53900,Dead
53901,Dead
53902,Dead
53903,Dead
53904,Dead
53905,Dead
53906,Dead
53907,Dead
53908,Dead
53909,Dead
53910,Dead
53911,Dead
53912,Dead
53913,Dead
53914,Dead
53915,Dead
53916,Dead
53917,Dead
53918,Dead
53919,Dead
53920,Dead
53921,Dead
53922,Dead
53923,Dead
53924,Dead
53925,Dead
53926,Dead
53927,Dead
53928,Dead
53929,Dead
53930,Dead
53931,Dead
53932,Dead
53933,Dead
53934,Dead
53935,Dead
53936,Dead
53937,Dead
53938,Dead
53939,Dead
53940,Dead
53941,Dead
53942,Dead
53943,Dead
53944,Dead
53945,Dead
53946,Dead
53947,Dead
53948,Dead
53949,Dead
53950,Dead
53951,Dead
53952,Dead
53953,Dead
53954,Dead
53955,Dead
53956,Dead
53957,Dead
53958,Dead
53959,Dead
53960,Dead
53961,Dead
53962,Dead
53963,Dead
53964,Dead
53965,Dead
53966,Dead
53967,Dead
53968,Dead
53969,Dead
53970,Dead
53971,Dead
53972,Dead
53973,Dead
53974,Dead
53975,Dead
53976,Dead
53977,Dead
53978,Dead
53979,Dead
53980,Dead
53981,Dead
53982,Dead
53983,Dead
53984,Dead
53985,Dead
53986,Dead
53987,Dead
53988,Dead
53989,Dead
53990,Dead
53991,Dead
53992,Dead
53993,Dead
53994,Dead
53995,Dead
53996,Dead
53997,Dead
53998,Dead
53999,Dead
54000,Dead
54001,Dead
54002,Dead
54003,Dead
54004,Dead
54005,Dead
54006,Dead
54007,Dead
54008,Dead
54009,Dead
54010,Dead
54011,Dead
54012,Dead
54013,Dead
54014,Dead
54015,Dead
54016,Dead
54017,Dead
54018,Dead
54019,Dead
54020,Dead
54021,Dead
54022,Dead
54023,Dead
54024,Dead
54025,Dead
54026,Dead
54027,Dead
54028,Dead
54029,Dead
54030,Dead
54031,Dead
54032,Dead
54033,Dead
54034,Dead
54035,Dead
54036,Dead
54037,Dead
54038,Dead
54039,Dead
54040,Dead
54041,Dead
54042,Dead
54043,Dead
54044,Dead
54045,Dead
54046,Dead
54047,Dead
54048,Dead
54049,Dead
54050,Dead
54051,Dead
54052,Dead
54053,Dead
54054,Dead
54055,Dead
54056,Dead
54057,Dead
54058,Dead
54059,Dead
54060,Dead
54061,Dead
54062,Dead
54063,Dead
54064,Dead
54065,Dead
54066,Dead
54067,Dead
54068,Dead
54069,Dead
54070,Dead
54071,Dead
54072,Dead
54073,Dead
54074,Dead
54075,Dead
54076,Dead
54077,Dead
54078,Dead
54079,Dead
54080,Dead
54081,Dead
54082,Dead
54083,Dead
54084,Dead
54085,Dead
54086,Dead
54087,Dead
54088,Dead
54089,Dead
54090,Dead
54091,Dead
54092,Dead
54093,Dead
54094,Dead
54095,Dead
54096,Dead
54097,Dead
54098,Dead
54099,Dead
54100,Dead
54101,Dead
54102,Dead
54103,Dead
54104,Dead
54105,Dead
54106,Dead
54107,Dead
54108,Dead
54109,Dead
54110,Dead
54111,Dead
54112,Dead
54113,Dead
54114,Dead
54115,Dead
54116,Dead
54117,Dead
54118,Dead
54119,Dead
54120,Dead
54121,Dead
54122,Dead
54123,Dead
54124,Dead
54125,Dead
54126,Dead
54127,Dead
54128,Dead
54129,Dead
54130,Dead
54131,Dead
54132,Dead
54133,Dead
54134,Dead
54135,Dead
54136,Dead
54137,Dead
54138,Dead
54139,Dead
54140,Dead
54141,Dead
54142,Dead
54143,Dead
54144,Dead
54145,Dead
54146,Dead
54147,Dead
54148,Dead
54149,Dead
54150,Dead
54151,Dead
54152,Dead
54153,Dead
54154,Dead
54155,Dead
54156,Dead
54157,Dead
54158,Dead
54159,Dead
54160,Dead
54161,Dead
54162,Dead
54163,Dead
54164,Dead
54165,Dead
54166,Dead
54167,Dead
54168,Dead
54169,Dead
54170,Dead
54171,Dead
54172,Dead
54173,Dead
54174,Dead
54175,Dead
54176,Dead
54177,Dead
54178,Dead
54179,Dead
54180,Dead
54181,Dead
54182,Dead
54183,Dead
54184,Dead
54185,Dead
54186,Dead
54187,Dead
54188,Dead
54189,Dead
54190,Dead
54191,Dead
54192,Dead
54193,Dead
54194,Dead
54195,Dead
54196,Dead
54197,Dead
54198,Dead
54199,Dead
54200,Dead
54201,Dead
54202,Dead
54203,Dead
54204,Dead
54205,Dead
54206,Dead
54207,Dead
54208,Dead
54209,Dead
54210,Dead
54211,Dead
54212,Dead
54213,Dead
54214,Dead
54215,Dead
54216,Dead
54217,Dead
54218,Dead
54219,Dead
54220,Dead
54221,Dead
54222,Dead
54223,Dead
54224,Dead
54225,Dead
54226,Dead
54227,Dead
54228,Dead
54229,Dead
54230,Dead
54231,Dead
54232,Dead
54233,Dead
54234,Dead
54235,Dead
54236,Dead
54237,Dead
54238,Dead
54239,Dead
54240,Dead
54241,Dead
54242,Dead
54243,Dead
54244,Dead
54245,Dead
54246,Dead
54247,Dead
54248,Dead
54249,Dead
54250,Dead
54251,Dead
54252,Dead
54253,Dead
54254,Dead
54255,Dead
54256,Dead
54257,Dead
54258,Dead
54259,Dead
54260,Dead
54261,Dead
54262,Dead
54263,Dead
54264,Dead
54265,Dead
54266,Dead
54267,Dead
54268,Dead
54269,Dead
54270,Dead
54271,Dead
54272,Dead
54273,Dead
54274,Dead
54275,Dead
54276,Dead
54277,Dead
54278,Dead
54279,Dead
54280,Dead
54281,Dead
54282,Dead
54283,Dead
54284,Dead
54285,Dead
54286,Dead
54287,Dead
54288,Dead
54289,Dead
54290,Dead
54291,Dead
54292,Dead
54293,Dead
54294,Dead
54295,Dead
54296,Dead
54297,Dead
54298,Dead
54299,Dead
54300,Dead
54301,Dead
54302,Dead
54303,Dead
54304,Dead
54305,Dead
54306,Dead
54307,Dead
54308,Dead
54309,Dead
54310,Dead
54311,Dead
54312,Dead
54313,Dead
54314,Dead
54315,Dead
54316,Dead
54317,Dead
54318,Dead
54319,Dead
54320,Dead
54321,Dead
54322,Dead
54323,Dead
54324,Dead
54325,Dead
54326,Dead
54327,Dead
54328,Dead
54329,Dead
54330,Dead
54331,Dead
54332,Dead
54333,Dead
54334,Dead
54335,Dead
54336,Dead
54337,Dead
54338,Dead
54339,Dead
54340,Dead
54341,Dead
54342,Dead
54343,Dead
54344,Dead
54345,Dead
54346,Dead
54347,Dead
54348,Dead
54349,Dead
54350,Dead
54351,Dead
54352,Dead
54353,Dead
54354,Dead
54355,Dead
54356,Dead
54357,Dead
54358,Dead
54359,Dead
54360,Dead
54361,Dead
54362,Dead
54363,Dead
54364,Dead
54365,Dead
54366,Dead
54367,Dead
54368,Dead
54369,Dead
54370,Dead
54371,Dead
54372,Dead
54373,Dead
54374,Dead
54375,Dead
54376,Dead
54377,Dead
54378,Dead
54379,Dead
54380,Dead
54381,Dead
54382,Dead
54383,Dead
54384,Dead
54385,Dead
54386,Dead
54387,Dead
54388,Dead
54389,Dead
54390,Dead
54391,Dead
54392,Dead
54393,Dead
54394,Dead
54395,Dead
54396,Dead
54397,Dead
54398,Dead
54399,Dead
54400,Dead
54401,Dead
54402,Dead
54403,Dead
54404,Dead
54405,Dead
54406,Dead
54407,Dead
54408,Dead
54409,Dead
54410,Dead
54411,Dead
54412,Dead
54413,Dead
54414,Dead
54415,Dead
54416,Dead
54417,Dead
54418,Dead
54419,Dead
54420,Dead
54421,Dead
54422,Dead
54423,Dead
54424,Dead
54425,Dead
54426,Dead
54427,Dead
54428,Dead
54429,Dead
54430,Dead
54431,Dead
54432,Dead
54433,Dead
54434,Dead
54435,Dead
54436,Dead
54437,Dead
54438,Dead
54439,Dead
54440,Dead
54441,Dead
54442,Dead
54443,Dead
54444,Dead
54445,Dead
54446,Dead
54447,Dead
54448,Dead
54449,Dead
54450,Dead
54451,Dead
54452,Dead
54453,Dead
54454,Dead
54455,Dead
54456,Dead
54457,Dead
54458,Dead
54459,Dead
54460,Dead
54461,Dead
54462,Dead
54463,Dead
54464,Dead
54465,Dead
54466,Dead
54467,Dead
54468,Dead
54469,Dead
54470,Dead
54471,Dead
54472,Dead
54473,Dead
54474,Dead
54475,Dead
54476,Dead
54477,Dead
54478,Dead
54479,Dead
54480,Dead
54481,Dead
54482,Dead
54483,Dead
54484,Dead
54485,Dead
54486,Dead
54487,Dead
54488,Dead
54489,Dead
54490,Dead
54491,Dead
54492,Dead
54493,Dead
54494,Dead
54495,Dead
54496,Dead
54497,Dead
54498,Dead
54499,Dead
54500,Dead
54501,Dead
54502,Dead
54503,Dead
54504,Dead
54505,Dead
54506,Dead
54507,Dead
54508,Dead
54509,Dead
54510,Dead
54511,Dead
54512,Dead
54513,Dead
54514,Dead
54515,Dead
54516,Dead
54517,Dead
54518,Dead
54519,Dead
54520,Dead
54521,Dead
54522,Dead
54523,Dead
54524,Dead
54525,Dead
54526,Dead
54527,Dead
54528,Dead
54529,Dead
54530,Dead
54531,Dead
54532,Dead
54533,Dead
54534,Dead
54535,Dead
54536,Dead
54537,Dead
54538,Dead
54539,Dead
54540,Dead
54541,Dead
54542,Dead
54543,Dead
54544,Dead
54545,Dead
54546,Dead
54547,Dead
54548,Dead
54549,Dead
54550,Dead
54551,Dead
54552,Dead
54553,Dead
54554,Dead
54555,Dead
54556,Dead
54557,Dead
54558,Dead
54559,Dead
54560,Dead
54561,Dead
54562,Dead
54563,Dead
54564,Dead
54565,Dead
54566,Dead
54567,Dead
54568,Dead
54569,Dead
54570,Dead
54571,Dead
54572,Dead
54573,Dead
54574,Dead
54575,Dead
54576,Dead
54577,Dead
54578,Dead
54579,Dead
54580,Dead
54581,Dead
54582,Dead
54583,Dead
54584,Dead
54585,Dead
54586,Dead
54587,Dead
54588,Dead
54589,Dead
54590,Dead
54591,Dead
54592,Dead
54593,Dead
54594,Dead
54595,Dead
54596,Dead
54597,Dead
54598,Dead
54599,Dead
54600,Dead
54601,Dead
54602,Dead
54603,Dead
54604,Dead
54605,Dead
54606,Dead
54607,Dead
54608,Dead
54609,Dead
54610,Dead
54611,Dead
54612,Dead
54613,Dead
54614,Dead
54615,Dead
54616,Dead
54617,Dead
54618,Dead
54619,Dead
54620,Dead
54621,Dead
54622,Dead
54623,Dead
54624,Dead
54625,Dead
54626,Dead
54627,Dead
54628,Dead
54629,Dead
54630,Dead
54631,Dead
54632,Dead
54633,Dead
54634,Dead
54635,Dead
54636,Dead
54637,Dead
54638,Dead
54639,Dead
54640,Dead
54641,Dead
54642,Dead
54643,Dead
54644,Dead
54645,Dead
54646,Dead
54647,Dead
54648,Dead
54649,Dead
54650,Dead
54651,Dead
54652,Dead
54653,Dead
54654,Dead
54655,Dead
54656,Dead
54657,Dead
54658,Dead
54659,Dead
54660,Dead
54661,Dead
54662,Dead
54663,Dead
54664,Dead
54665,Dead
54666,Dead
54667,Dead
54668,Dead
54669,Dead
54670,Dead
54671,Dead
54672,Dead
54673,Dead
54674,Dead
54675,Dead
54676,Dead
54677,Dead
54678,Dead
54679,Dead
54680,Dead
54681,Dead
54682,Dead
54683,Dead
54684,Dead
54685,Dead
54686,Dead
54687,Dead
54688,Dead
54689,Dead
54690,Dead
54691,Dead
54692,Dead
54693,Dead
54694,Dead
54695,Dead
54696,Dead
54697,Dead
54698,Dead
54699,Dead
54700,Dead
54701,Dead
54702,Dead
54703,Dead
54704,Dead
54705,Dead
54706,Dead
54707,Dead
54708,Dead
54709,Dead
54710,Dead
54711,Dead
54712,Dead
54713,Dead
54714,Dead
54715,Dead
54716,Dead
54717,Dead
54718,Dead
54719,Dead
54720,Dead
54721,Dead
54722,Dead
54723,Dead
54724,Dead
54725,Dead
54726,Dead
54727,Dead
54728,Dead
54729,Dead
54730,Dead
54731,Dead
54732,Dead
54733,Dead
54734,Dead
54735,Dead
54736,Dead
54737,Dead
54738,Dead
54739,Dead
54740,Dead
54741,Dead
54742,Dead
54743,Dead
54744,Dead
54745,Dead
54746,Dead
54747,Dead
54748,Dead
54749,Dead
54750,Dead
54751,Dead
54752,Dead
54753,Dead
54754,Dead
54755,Dead
54756,Dead
54757,Dead
54758,Dead
54759,Dead
54760,Dead
54761,Dead
54762,Dead
54763,Dead
54764,Dead
54765,Dead
54766,Dead
54767,Dead
54768,Dead
54769,Dead
54770,Dead
54771,Dead
54772,Dead
54773,Dead
54774,Dead
54775,Dead
54776,Dead
54777,Dead
54778,Dead
54779,Dead
54780,Dead
54781,Dead
54782,Dead
54783,Dead
54784,Dead
54785,Dead
54786,Dead
54787,Dead
54788,Dead
54789,Dead
54790,Dead
54791,Dead
54792,Dead
54793,Dead
54794,Dead
54795,Dead
54796,Dead
54797,Dead
54798,Dead
54799,Dead
54800,Dead
54801,Dead
54802,Dead
54803,Dead
54804,Dead
54805,Dead
54806,Dead
54807,Dead
54808,Dead
54809,Dead
54810,Dead
54811,Dead
54812,Dead
54813,Dead
54814,Dead
54815,Dead
54816,Dead
54817,Dead
54818,Dead
54819,Dead
54820,Dead
54821,Dead
54822,Dead
54823,Dead
54824,Dead
54825,Dead
54826,Dead
54827,Dead
54828,Dead
54829,Dead
54830,Dead
54831,Dead
54832,Dead
54833,Dead
54834,Dead
54835,Dead
54836,Dead
54837,Dead
54838,Dead
54839,Dead
54840,Dead
54841,Dead
54842,Dead
54843,Dead
54844,Dead
54845,Dead
54846,Dead
54847,Dead
54848,Dead
54849,Dead
54850,Dead
54851,Dead
54852,Dead
54853,Dead
54854,Dead
54855,Dead
54856,Dead
54857,Dead
54858,Dead
54859,Dead
54860,Dead
54861,Dead
54862,Dead
54863,Dead
54864,Dead
54865,Dead
54866,Dead
54867,Dead
54868,Dead
54869,Dead
54870,Dead
54871,Dead
54872,Dead
54873,Dead
54874,Dead
54875,Dead
54876,Dead
54877,Dead
54878,Dead
54879,Dead
54880,Dead
54881,Dead
54882,Dead
54883,Dead
54884,Dead
54885,Dead
54886,Dead
54887,Dead
54888,Dead
54889,Dead
54890,Dead
54891,Dead
54892,Dead
54893,Dead
54894,Dead
54895,Dead
54896,Dead
54897,Dead
54898,Dead
54899,Dead
54900,Dead
54901,Dead
54902,Dead
54903,Dead
54904,Dead
54905,Dead
54906,Dead
54907,Dead
54908,Dead
54909,Dead
54910,Dead
54911,Dead
54912,Dead
54913,Dead
54914,Dead
54915,Dead
54916,Dead
54917,Dead
54918,Dead
54919,Dead
54920,Dead
54921,Dead
54922,Dead
54923,Dead
54924,Dead
54925,Dead
54926,Dead
54927,Dead
54928,Dead
54929,Dead
54930,Dead
54931,Dead
54932,Dead
54933,Dead
54934,Dead
54935,Dead
54936,Dead
54937,Dead
54938,Dead
54939,Dead
54940,Dead
54941,Dead
54942,Dead
54943,Dead
54944,Dead
54945,Dead
54946,Dead
54947,Dead
54948,Dead
54949,Dead
54950,Dead
54951,Dead
54952,Dead
54953,Dead
54954,Dead
54955,Dead
54956,Dead
54957,Dead
54958,Dead
54959,Dead
54960,Dead
54961,Dead
54962,Dead
54963,Dead
54964,Dead
54965,Dead
54966,Dead
54967,Dead
54968,Dead
54969,Dead
54970,Dead
54971,Dead
54972,Dead
54973,Dead
54974,Dead
54975,Dead
54976,Dead
54977,Dead
54978,Dead
54979,Dead
54980,Dead
54981,Dead
54982,Dead
54983,Dead
54984,Dead
54985,Dead
54986,Dead
54987,Dead
54988,Dead
54989,Dead
54990,Dead
54991,Dead
54992,Dead
54993,Dead
54994,Dead
54995,Dead
54996,Dead
54997,Dead
54998,Dead
54999,Dead
55000,Dead
55001,Dead
55002,Dead
55003,Dead
55004,Dead
55005,Dead
55006,Dead
55007,Dead
55008,Dead
55009,Dead
55010,Dead
55011,Dead
55012,Dead
55013,Dead
55014,Dead
55015,Dead
55016,Dead
55017,Dead
55018,Dead
55019,Dead
55020,Dead
55021,Dead
55022,Dead
55023,Dead
55024,Dead
55025,Dead
55026,Dead
55027,Dead
55028,Dead
55029,Dead
55030,Dead
55031,Dead
55032,Dead
55033,Dead
55034,Dead
55035,Dead
55036,Dead
55037,Dead
55038,Dead
55039,Dead
55040,Dead
55041,Dead
55042,Dead
55043,Dead
55044,Dead
55045,Dead
55046,Dead
55047,Dead
55048,Dead
55049,Dead
55050,Dead
55051,Dead
55052,Dead
55053,Dead
55054,Dead
55055,Dead
55056,Dead
55057,Dead
55058,Dead
55059,Dead
55060,Dead
55061,Dead
55062,Dead
55063,Dead
55064,Dead
55065,Dead
55066,Dead
55067,Dead
55068,Dead
55069,Dead
55070,Dead
55071,Dead
55072,Dead
55073,Dead
55074,Dead
55075,Dead
55076,Dead
55077,Dead
55078,Dead
55079,Dead
55080,Dead
55081,Dead
55082,Dead
55083,Dead
55084,Dead
55085,Dead
55086,Dead
55087,Dead
55088,Dead
55089,Dead
55090,Dead
55091,Dead
55092,Dead
55093,Dead
55094,Dead
55095,Dead
55096,Dead
55097,Dead
55098,Dead
55099,Dead
55100,Dead
55101,Dead
55102,Dead
55103,Dead
55104,Dead
55105,Dead
55106,Dead
55107,Dead
55108,Dead
55109,Dead
55110,Dead
55111,Dead
55112,Dead
55113,Dead
55114,Dead
55115,Dead
55116,Dead
55117,Dead
55118,Dead
55119,Dead
55120,Dead
55121,Dead
55122,Dead
55123,Dead
55124,Dead
55125,Dead
55126,Dead
55127,Dead
55128,Dead
55129,Dead
55130,Dead
55131,Dead
55132,Dead
55133,Dead
55134,Dead
55135,Dead
55136,Dead
55137,Dead
55138,Dead
55139,Dead
55140,Dead
55141,Dead
55142,Dead
55143,Dead
55144,Dead
55145,Dead
55146,Dead
55147,Dead
55148,Dead
55149,Dead
55150,Dead
55151,Dead
55152,Dead
55153,Dead
55154,Dead
55155,Dead
55156,Dead
55157,Dead
55158,Dead
55159,Dead
55160,Dead
55161,Dead
55162,Dead
55163,Dead
55164,Dead
55165,Dead
55166,Dead
55167,Dead
55168,Dead
55169,Dead
55170,Dead
55171,Dead
55172,Dead
55173,Dead
55174,Dead
55175,Dead
55176,Dead
55177,Dead
55178,Dead
55179,Dead
55180,Dead
55181,Dead
55182,Dead
55183,Dead
55184,Dead
55185,Dead
55186,Dead
55187,Dead
55188,Dead
55189,Dead
55190,Dead
55191,Dead
55192,Dead
55193,Dead
55194,Dead
55195,Dead
55196,Dead
55197,Dead
55198,Dead
55199,Dead
55200,Dead
55201,Dead
55202,Dead
55203,Dead
55204,Dead
55205,Dead
55206,Dead
55207,Dead
55208,Dead
55209,Dead
55210,Dead
55211,Dead
55212,Dead
55213,Dead
55214,Dead
55215,Dead
55216,Dead
55217,Dead
55218,Dead
55219,Dead
55220,Dead
55221,Dead
55222,Dead
55223,Dead
55224,Dead
55225,Dead
55226,Dead
55227,Dead
55228,Dead
55229,Dead
55230,Dead
55231,Dead
55232,Dead
55233,Dead
55234,Dead
55235,Dead
55236,Dead
55237,Dead
55238,Dead
55239,Dead
55240,Dead
55241,Dead
55242,Dead
55243,Dead
55244,Dead
55245,Dead
55246,Dead
55247,Dead
55248,Dead
55249,Dead
55250,Dead
55251,Dead
55252,Dead
55253,Dead
55254,Dead
55255,Dead
55256,Dead
55257,Dead
55258,Dead
55259,Dead
55260,Dead
55261,Dead
55262,Dead
55263,Dead
55264,Dead
55265,Dead
55266,Dead
55267,Dead
55268,Dead
55269,Dead
55270,Dead
55271,Dead
55272,Dead
55273,Dead
55274,Dead
55275,Dead
55276,Dead
55277,Dead
55278,Dead
55279,Dead
55280,Dead
55281,Dead
55282,Dead
55283,Dead
55284,Dead
55285,Dead
55286,Dead
55287,Dead
55288,Dead
55289,Dead
55290,Dead
55291,Dead
55292,Dead
55293,Dead
55294,Dead
55295,Dead
55296,Dead
55297,Dead
55298,Dead
55299,Dead
55300,Dead
55301,Dead
55302,Dead
55303,Dead
55304,Dead
55305,Dead
55306,Dead
55307,Dead
55308,Dead
55309,Dead
55310,Dead
55311,Dead
55312,Dead
55313,Dead
55314,Dead
55315,Dead
55316,Dead
55317,Dead
55318,Dead
55319,Dead
55320,Dead
55321,Dead
55322,Dead
55323,Dead
55324,Dead
55325,Dead
55326,Dead
55327,Dead
55328,Dead
55329,Dead
55330,Dead
55331,Dead
55332,Dead
55333,Dead
55334,Dead
55335,Dead
55336,Dead
55337,Dead
55338,Dead
55339,Dead
55340,Dead
55341,Dead
55342,Dead
55343,Dead
55344,Dead
55345,Dead
55346,Dead
55347,Dead
55348,Dead
55349,Dead
55350,Dead
55351,Dead
55352,Dead
55353,Dead
55354,Dead
55355,Dead
55356,Dead
55357,Dead
55358,Dead
55359,Dead
55360,Dead
55361,Dead
55362,Dead
55363,Dead
55364,Dead
55365,Dead
55366,Dead
55367,Dead
55368,Dead
55369,Dead
55370,Dead
55371,Dead
55372,Dead
55373,Dead
55374,Dead
55375,Dead
55376,Dead
55377,Dead
55378,Dead
55379,Dead
55380,Dead
55381,Dead
55382,Dead
55383,Dead
55384,Dead
55385,Dead
55386,Dead
55387,Dead
55388,Dead
55389,Dead
55390,Dead
55391,Dead
55392,Dead
55393,Dead
55394,Dead
55395,Dead
55396,Dead
55397,Dead
55398,Dead
55399,Dead
55400,Dead
55401,Dead
55402,Dead
55403,Dead
55404,Dead
55405,Dead
55406,Dead
55407,Dead
55408,Dead
55409,Dead
55410,Dead
55411,Dead
55412,Dead
55413,Dead
55414,Dead
55415,Dead
55416,Dead
55417,Dead
55418,Dead
55419,Dead
55420,Dead
55421,Dead
55422,Dead
55423,Dead
55424,Dead
55425,Dead
55426,Dead
55427,Dead
55428,Dead
55429,Dead
55430,Dead
55431,Dead
55432,Dead
55433,Dead
55434,Dead
55435,Dead
55436,Dead
55437,Dead
55438,Dead
55439,Dead
55440,Dead
55441,Dead
55442,Dead
55443,Dead
55444,Dead
55445,Dead
55446,Dead
55447,Dead
55448,Dead
55449,Dead
55450,Dead
55451,Dead
55452,Dead
55453,Dead
55454,Dead
55455,Dead
55456,Dead
55457,Dead
55458,Dead
55459,Dead
55460,Dead
55461,Dead
55462,Dead
55463,Dead
55464,Dead
55465,Dead
55466,Dead
55467,Dead
55468,Dead
55469,Dead
55470,Dead
55471,Dead
55472,Dead
55473,Dead
55474,Dead
55475,Dead
55476,Dead
55477,Dead
55478,Dead
55479,Dead
55480,Dead
55481,Dead
55482,Dead
55483,Dead
55484,Dead
55485,Dead
55486,Dead
55487,Dead
55488,Dead
55489,Dead
55490,Dead
55491,Dead
55492,Dead
55493,Dead
55494,Dead
55495,Dead
55496,Dead
55497,Dead
55498,Dead
55499,Dead
55500,Dead
55501,Dead
55502,Dead
55503,Dead
55504,Dead
55505,Dead
55506,Dead
55507,Dead
55508,Dead
55509,Dead
55510,Dead
55511,Dead
55512,Dead
55513,Dead
55514,Dead
55515,Dead
55516,Dead
55517,Dead
55518,Dead
55519,Dead
55520,Dead
55521,Dead
55522,Dead
55523,Dead
55524,Dead
55525,Dead
55526,Dead
55527,Dead
55528,Dead
55529,Dead
55530,Dead
55531,Dead
55532,Dead
55533,Dead
55534,Dead
55535,Dead
55536,Dead
55537,Dead
55538,Dead
55539,Dead
55540,Dead
55541,Dead
55542,Dead
55543,Dead
55544,Dead
55545,Dead
55546,Dead
55547,Dead
55548,Dead
55549,Dead
55550,Dead
55551,Dead
55552,Dead
55553,Dead
55554,Dead
55555,Dead
55556,Dead
55557,Dead
55558,Dead
55559,Dead
55560,Dead
55561,Dead
55562,Dead
55563,Dead
55564,Dead
55565,Dead
55566,Dead
55567,Dead
55568,Dead
55569,Dead
55570,Dead
55571,Dead
55572,Dead
55573,Dead
55574,Dead
55575,Dead
55576,Dead
55577,Dead
55578,Dead
55579,Dead
55580,Dead
55581,Dead
55582,Dead
55583,Dead
55584,Dead
55585,Dead
55586,Dead
55587,Dead
55588,Dead
55589,Dead
55590,Dead
55591,Dead
55592,Dead
55593,Dead
55594,Dead
55595,Dead
55596,Dead
55597,Dead
55598,Dead
55599,Dead
55600,Dead
55601,Dead
55602,Dead
55603,Dead
55604,Dead
55605,Dead
55606,Dead
55607,Dead
55608,Dead
55609,Dead
55610,Dead
55611,Dead
55612,Dead
55613,Dead
55614,Dead
55615,Dead
55616,Dead
55617,Dead
55618,Dead
55619,Dead
55620,Dead
55621,Dead
55622,Dead
55623,Dead
55624,Dead
55625,Dead
55626,Dead
55627,Dead
55628,Dead
55629,Dead
55630,Dead
55631,Dead
55632,Dead
55633,Dead
55634,Dead
55635,Dead
55636,Dead
55637,Dead
55638,Dead
55639,Dead
55640,Dead
55641,Dead
55642,Dead
55643,Dead
55644,Dead
55645,Dead
55646,Dead
55647,Dead
55648,Dead
55649,Dead
55650,Dead
55651,Dead
55652,Dead
55653,Dead
55654,Dead
55655,Dead
55656,Dead
55657,Dead
55658,Dead
55659,Dead
55660,Dead
55661,Dead
55662,Dead
55663,Dead
55664,Dead
55665,Dead
55666,Dead
55667,Dead
55668,Dead
55669,Dead
55670,Dead
55671,Dead
55672,Dead
55673,Dead
55674,Dead
55675,Dead
55676,Dead
55677,Dead
55678,Dead
55679,Dead
55680,Dead
55681,Dead
55682,Dead
55683,Dead
55684,Dead
55685,Dead
55686,Dead
55687,Dead
55688,Dead
55689,Dead
55690,Dead
55691,Dead
55692,Dead
55693,Dead
55694,Dead
55695,Dead
55696,Dead
55697,Dead
55698,Dead
55699,Dead
55700,Dead
55701,Dead
55702,Dead
55703,Dead
55704,Dead
55705,Dead
55706,Dead
55707,Dead
55708,Dead
55709,Dead
55710,Dead
55711,Dead
55712,Dead
55713,Dead
55714,Dead
55715,Dead
55716,Dead
55717,Dead
55718,Dead
55719,Dead
55720,Dead
55721,Dead
55722,Dead
55723,Dead
55724,Dead
55725,Dead
55726,Dead
55727,Dead
55728,Dead
55729,Dead
55730,Dead
55731,Dead
55732,Dead
55733,Dead
55734,Dead
55735,Dead
55736,Dead
55737,Dead
55738,Dead
55739,Dead
55740,Dead
55741,Dead
55742,Dead
55743,Dead
55744,Dead
55745,Dead
55746,Dead
55747,Dead
55748,Dead
55749,Dead
55750,Dead
55751,Dead
55752,Dead
55753,Dead
55754,Dead
55755,Dead
55756,Dead
55757,Dead
55758,Dead
55759,Dead
55760,Dead
55761,Dead
55762,Dead
55763,Dead
55764,Dead
55765,Dead
55766,Dead
55767,Dead
55768,Dead
55769,Dead
55770,Dead
55771,Dead
55772,Dead
55773,Dead
55774,Dead
55775,Dead
55776,Dead
55777,Dead
55778,Dead
55779,Dead
55780,Dead
55781,Dead
55782,Dead
55783,Dead
55784,Dead
55785,Dead
55786,Dead
55787,Dead
55788,Dead
55789,Dead
55790,Dead
55791,Dead
55792,Dead
55793,Dead
55794,Dead
55795,Dead
55796,Dead
55797,Dead
55798,Dead
55799,Dead
55800,Dead
55801,Dead
55802,Dead
55803,Dead
55804,Dead
55805,Dead
55806,Dead
55807,Dead
55808,Dead
55809,Dead
55810,Dead
55811,Dead
55812,Dead
55813,Dead
55814,Dead
55815,Dead
55816,Dead
55817,Dead
55818,Dead
55819,Dead
55820,Dead
55821,Dead
55822,Dead
55823,Dead
55824,Dead
55825,Dead
55826,Dead
55827,Dead
55828,Dead
55829,Dead
55830,Dead
55831,Dead
55832,Dead
55833,Dead
55834,Dead
55835,Dead
55836,Dead
55837,Dead
55838,Dead
55839,Dead
55840,Dead
55841,Dead
55842,Dead
55843,Dead
55844,Dead
55845,Dead
55846,Dead
55847,Dead
55848,Dead
55849,Dead
55850,Dead
55851,Dead
55852,Dead
55853,Dead
55854,Dead
55855,Dead
55856,Dead
55857,Dead
55858,Dead
55859,Dead
55860,Dead
55861,Dead
55862,Dead
55863,Dead
55864,Dead
55865,Dead
55866,Dead
55867,Dead
55868,Dead
55869,Dead
55870,Dead
55871,Dead
55872,Dead
55873,Dead
55874,Dead
55875,Dead
55876,Dead
55877,Dead
55878,Dead
55879,Dead
55880,Dead
55881,Dead
55882,Dead
55883,Dead
55884,Dead
55885,Dead
55886,Dead
55887,Dead
55888,Dead
55889,Dead
55890,Dead
55891,Dead
55892,Dead
55893,Dead
55894,Dead
55895,Dead
55896,Dead
55897,Dead
55898,Dead
55899,Dead
55900,Dead
55901,Dead
55902,Dead
55903,Dead
55904,Dead
55905,Dead
55906,Dead
55907,Dead
55908,Dead
55909,Dead
55910,Dead
55911,Dead
55912,Dead
55913,Dead
55914,Dead
55915,Dead
55916,Dead
55917,Dead
55918,Dead
55919,Dead
55920,Dead
55921,Dead
55922,Dead
55923,Dead
55924,Dead
55925,Dead
55926,Dead
55927,Dead
55928,Dead
55929,Dead
55930,Dead
55931,Dead
55932,Dead
55933,Dead
55934,Dead
55935,Dead
55936,Dead
55937,Dead
55938,Dead
55939,Dead
55940,Dead
55941,Dead
55942,Dead
55943,Dead
55944,Dead
55945,Dead
55946,Dead
55947,Dead
55948,Dead
55949,Dead
55950,Dead
55951,Dead
55952,Dead
55953,Dead
55954,Dead
55955,Dead
55956,Dead
55957,Dead
55958,Dead
55959,Dead
55960,Dead
55961,Dead
55962,Dead
55963,Dead
55964,Dead
55965,Dead
55966,Dead
55967,Dead
55968,Dead
55969,Dead
55970,Dead
55971,Dead
55972,Dead
55973,Dead
55974,Dead
55975,Dead
55976,Dead
55977,Dead
55978,Dead
55979,Dead
55980,Dead
55981,Dead
55982,Dead
55983,Dead
55984,Dead
55985,Dead
55986,Dead
55987,Dead
55988,Dead
55989,Dead
55990,Dead
55991,Dead
55992,Dead
55993,Dead
55994,Dead
55995,Dead
55996,Dead
55997,Dead
55998,Dead
55999,Dead
56000,Dead
56001,Dead
56002,Dead
56003,Dead
56004,Dead
56005,Dead
56006,Dead
56007,Dead
56008,Dead
56009,Dead
56010,Dead
56011,Dead
56012,Dead
56013,Dead
56014,Dead
56015,Dead
56016,Dead
56017,Dead
56018,Dead
56019,Dead
56020,Dead
56021,Dead
56022,Dead
56023,Dead
56024,Dead
56025,Dead
56026,Dead
56027,Dead
56028,Dead
56029,Dead
56030,Dead
56031,Dead
56032,Dead
56033,Dead
56034,Dead
56035,Dead
56036,Dead
56037,Dead
56038,Dead
56039,Dead
56040,Dead
56041,Dead
56042,Dead
56043,Dead
56044,Dead
56045,Dead
56046,Dead
56047,Dead
56048,Dead
56049,Dead
56050,Dead
56051,Dead
56052,Dead
56053,Dead
56054,Dead
56055,Dead
56056,Dead
56057,Dead
56058,Dead
56059,Dead
56060,Dead
56061,Dead
56062,Dead
56063,Dead
56064,Dead
56065,Dead
56066,Dead
56067,Dead
56068,Dead
56069,Dead
56070,Dead
56071,Dead
56072,Dead
56073,Dead
56074,Dead
56075,Dead
56076,Dead
56077,Dead
56078,Dead
56079,Dead
56080,Dead
56081,Dead
56082,Dead
56083,Dead
56084,Dead
56085,Dead
56086,Dead
56087,Dead
56088,Dead
56089,Dead
56090,Dead
56091,Dead
56092,Dead
56093,Dead
56094,Dead
56095,Dead
56096,Dead
56097,Dead
56098,Dead
56099,Dead
56100,Dead
56101,Dead
56102,Dead
56103,Dead
56104,Dead
56105,Dead
56106,Dead
56107,Dead
56108,Dead
56109,Dead
56110,Dead
56111,Dead
56112,Dead
56113,Dead
56114,Dead
56115,Dead
56116,Dead
56117,Dead
56118,Dead
56119,Dead
56120,Dead
56121,Dead
56122,Dead
56123,Dead
56124,Dead
56125,Dead
56126,Dead
56127,Dead
56128,Dead
56129,Dead
56130,Dead
56131,Dead
56132,Dead
56133,Dead
56134,Dead
56135,Dead
56136,Dead
56137,Dead
56138,Dead
56139,Dead
56140,Dead
56141,Dead
56142,Dead
56143,Dead
56144,Dead
56145,Dead
56146,Dead
56147,Dead
56148,Dead
56149,Dead
56150,Dead
56151,Dead
56152,Dead
56153,Dead
56154,Dead
56155,Dead
56156,Dead
56157,Dead
56158,Dead
56159,Dead
56160,Dead
56161,Dead
56162,Dead
56163,Dead
56164,Dead
56165,Dead
56166,Dead
56167,Dead
56168,Dead
56169,Dead
56170,Dead
56171,Dead
56172,Dead
56173,Dead
56174,Dead
56175,Dead
56176,Dead
56177,Dead
56178,Dead
56179,Dead
56180,Dead
56181,Dead
56182,Dead
56183,Dead
56184,Dead
56185,Dead
56186,Dead
56187,Dead
56188,Dead
56189,Dead
56190,Dead
56191,Dead
56192,Dead
56193,Dead
56194,Dead
56195,Dead
56196,Dead
56197,Dead
56198,Dead
56199,Dead
56200,Dead
56201,Dead
56202,Dead
56203,Dead
56204,Dead
56205,Dead
56206,Dead
56207,Dead
56208,Dead
56209,Dead
56210,Dead
56211,Dead
56212,Dead
56213,Dead
56214,Dead
56215,Dead
56216,Dead
56217,Dead
56218,Dead
56219,Dead
56220,Dead
56221,Dead
56222,Dead
56223,Dead
56224,Dead
56225,Dead
56226,Dead
56227,Dead
56228,Dead
56229,Dead
56230,Dead
56231,Dead
56232,Dead
56233,Dead
56234,Dead
56235,Dead
56236,Dead
56237,Dead
56238,Dead
56239,Dead
56240,Dead
56241,Dead
56242,Dead
56243,Dead
56244,Dead
56245,Dead
56246,Dead
56247,Dead
56248,Dead
56249,Dead
56250,Dead
56251,Dead
56252,Dead
56253,Dead
56254,Dead
56255,Dead
56256,Dead
56257,Dead
56258,Dead
56259,Dead
56260,Dead
56261,Dead
56262,Dead
56263,Dead
56264,Dead
56265,Dead
56266,Dead
56267,Dead
56268,Dead
56269,Dead
56270,Dead
56271,Dead
56272,Dead
56273,Dead
56274,Dead
56275,Dead
56276,Dead
56277,Dead
56278,Dead
56279,Dead
56280,Dead
56281,Dead
56282,Dead
56283,Dead
56284,Dead
56285,Dead
56286,Dead
56287,Dead
56288,Dead
56289,Dead
56290,Dead
56291,Dead
56292,Dead
56293,Dead
56294,Dead
56295,Dead
56296,Dead
56297,Dead
56298,Dead
56299,Dead
56300,Dead
56301,Dead
56302,Dead
56303,Dead
56304,Dead
56305,Dead
56306,Dead
56307,Dead
56308,Dead
56309,Dead
56310,Dead
56311,Dead
56312,Dead
56313,Dead
56314,Dead
56315,Dead
56316,Dead
56317,Dead
56318,Dead
56319,Dead
56320,Dead
56321,Dead
56322,Dead
56323,Dead
56324,Dead
56325,Dead
56326,Dead
56327,Dead
56328,Dead
56329,Dead
56330,Dead
56331,Dead
56332,Dead
56333,Dead
56334,Dead
56335,Dead
56336,Dead
56337,Dead
56338,Dead
56339,Dead
56340,Dead
56341,Dead
56342,Dead
56343,Dead
56344,Dead
56345,Dead
56346,Dead
56347,Dead
56348,Dead
56349,Dead
56350,Dead
56351,Dead
56352,Dead
56353,Dead
56354,Dead
56355,Dead
56356,Dead
56357,Dead
56358,Dead
56359,Dead
56360,Dead
56361,Dead
56362,Dead
56363,Dead
56364,Dead
56365,Dead
56366,Dead
56367,Dead
56368,Dead
56369,Dead
56370,Dead
56371,Dead
56372,Dead
56373,Dead
56374,Dead
56375,Dead
56376,Dead
56377,Dead
56378,Dead
56379,Dead
56380,Dead
56381,Dead
56382,Dead
56383,Dead
56384,Dead
56385,Dead
56386,Dead
56387,Dead
56388,Dead
56389,Dead
56390,Dead
56391,Dead
56392,Dead
56393,Dead
56394,Dead
56395,Dead
56396,Dead
56397,Dead
56398,Dead
56399,Dead
56400,Dead
56401,Dead
56402,Dead
56403,Dead
56404,Dead
56405,Dead
56406,Dead
56407,Dead
56408,Dead
56409,Dead
56410,Dead
56411,Dead
56412,Dead
56413,Dead
56414,Dead
56415,Dead
56416,Dead
56417,Dead
56418,Dead
56419,Dead
56420,Dead
56421,Dead
56422,Dead
56423,Dead
56424,Dead
56425,Dead
56426,Dead
56427,Dead
56428,Dead
56429,Dead
56430,Dead
56431,Dead
56432,Dead
56433,Dead
56434,Dead
56435,Dead
56436,Dead
56437,Dead
56438,Dead
56439,Dead
56440,Dead
56441,Dead
56442,Dead
56443,Dead
56444,Dead
56445,Dead
56446,Dead
56447,Dead
56448,Dead
56449,Dead
56450,Dead
56451,Dead
56452,Dead
56453,Dead
56454,Dead
56455,Dead
56456,Dead
56457,Dead
56458,Dead
56459,Dead
56460,Dead
56461,Dead
56462,Dead
56463,Dead
56464,Dead
56465,Dead
56466,Dead
56467,Dead
56468,Dead
56469,Dead
56470,Dead
56471,Dead
56472,Dead
56473,Dead
56474,Dead
56475,Dead
56476,Dead
56477,Dead
56478,Dead
56479,Dead
56480,Dead
56481,Dead
56482,Dead
56483,Dead
56484,Dead
56485,Dead
56486,Dead
56487,Dead
56488,Dead
56489,Dead
56490,Dead
56491,Dead
56492,Dead
56493,Dead
56494,Dead
56495,Dead
56496,Dead
56497,Dead
56498,Dead
56499,Dead
56500,Dead
56501,Dead
56502,Dead
56503,Dead
56504,Dead
56505,Dead
56506,Dead
56507,Dead
56508,Dead
56509,Dead
56510,Dead
56511,Dead
56512,Dead
56513,Dead
56514,Dead
56515,Dead
56516,Dead
56517,Dead
56518,Dead
56519,Dead
56520,Dead
56521,Dead
56522,Dead
56523,Dead
56524,Dead
56525,Dead
56526,Dead
56527,Dead
56528,Dead
56529,Dead
56530,Dead
56531,Dead
56532,Dead
56533,Dead
56534,Dead
56535,Dead
56536,Dead
56537,Dead
56538,Dead
56539,Dead
56540,Dead
56541,Dead
56542,Dead
56543,Dead
56544,Dead
56545,Dead
56546,Dead
56547,Dead
56548,Dead
56549,Dead
56550,Dead
56551,Dead
56552,Dead
56553,Dead
56554,Dead
56555,Dead
56556,Dead
56557,Dead
56558,Dead
56559,Dead
56560,Dead
56561,Dead
56562,Dead
56563,Dead
56564,Dead
56565,Dead
56566,Dead
56567,Dead
56568,Dead
56569,Dead
56570,Dead
56571,Dead
56572,Dead
56573,Dead
56574,Dead
56575,Dead
56576,Dead
56577,Dead
56578,Dead
56579,Dead
56580,Dead
56581,Dead
56582,Dead
56583,Dead
56584,Dead
56585,Dead
56586,Dead
56587,Dead
56588,Dead
56589,Dead
56590,Dead
56591,Dead
56592,Dead
56593,Dead
56594,Dead
56595,Dead
56596,Dead
56597,Dead
56598,Dead
56599,Dead
56600,Dead
56601,Dead
56602,Dead
56603,Dead
56604,Dead
56605,Dead
56606,Dead
56607,Dead
56608,Dead
56609,Dead
56610,Dead
56611,Dead
56612,Dead
56613,Dead
56614,Dead
56615,Dead
56616,Dead
56617,Dead
56618,Dead
56619,Dead
56620,Dead
56621,Dead
56622,Dead
56623,Dead
56624,Dead
56625,Dead
56626,Dead
56627,Dead
56628,Dead
56629,Dead
56630,Dead
56631,Dead
56632,Dead
56633,Dead
56634,Dead
56635,Dead
56636,Dead
56637,Dead
56638,Dead
56639,Dead
56640,Dead
56641,Dead
56642,Dead
56643,Dead
56644,Dead
56645,Dead
56646,Dead
56647,Dead
56648,Dead
56649,Dead
56650,Dead
56651,Dead
56652,Dead
56653,Dead
56654,Dead
56655,Dead
56656,Dead
56657,Dead
56658,Dead
56659,Dead
56660,Dead
56661,Dead
56662,Dead
56663,Dead
56664,Dead
56665,Dead
56666,Dead
56667,Dead
56668,Dead
56669,Dead
56670,Dead
56671,Dead
56672,Dead
56673,Dead
56674,Dead
56675,Dead
56676,Dead
56677,Dead
56678,Dead
56679,Dead
56680,Dead
56681,Dead
56682,Dead
56683,Dead
56684,Dead
56685,Dead
56686,Dead
56687,Dead
56688,Dead
56689,Dead
56690,Dead
56691,Dead
56692,Dead
56693,Dead
56694,Dead
56695,Dead
56696,Dead
56697,Dead
56698,Dead
56699,Dead
56700,Dead
56701,Dead
56702,Dead
56703,Dead
56704,Dead
56705,Dead
56706,Dead
56707,Dead
56708,Dead
56709,Dead
56710,Dead
56711,Dead
56712,Dead
56713,Dead
56714,Dead
56715,Dead
56716,Dead
56717,Dead
56718,Dead
56719,Dead
56720,Dead
56721,Dead
56722,Dead
56723,Dead
56724,Dead
56725,Dead
56726,Dead
56727,Dead
56728,Dead
56729,Dead
56730,Dead
56731,Dead
56732,Dead
56733,Dead
56734,Dead
56735,Dead
56736,Dead
56737,Dead
56738,Dead
56739,Dead
56740,Dead
56741,Dead
56742,Dead
56743,Dead
56744,Dead
56745,Dead
56746,Dead
56747,Dead
56748,Dead
56749,Dead
56750,Dead
56751,Dead
56752,Dead
56753,Dead
56754,Dead
56755,Dead
56756,Dead
56757,Dead
56758,Dead
56759,Dead
56760,Dead
56761,Dead
56762,Dead
56763,Dead
56764,Dead
56765,Dead
56766,Dead
56767,Dead
56768,Dead
56769,Dead
56770,Dead
56771,Dead
56772,Dead
56773,Dead
56774,Dead
56775,Dead
56776,Dead
56777,Dead
56778,Dead
56779,Dead
56780,Dead
56781,Dead
56782,Dead
56783,Dead
56784,Dead
56785,Dead
56786,Dead
56787,Dead
56788,Dead
56789,Dead
56790,Dead
56791,Dead
56792,Dead
56793,Dead
56794,Dead
56795,Dead
56796,Dead
56797,Dead
56798,Dead
56799,Dead
56800,Dead
56801,Dead
56802,Dead
56803,Dead
56804,Dead
56805,Dead
56806,Dead
56807,Dead
56808,Dead
56809,Dead
56810,Dead
56811,Dead
56812,Dead
56813,Dead
56814,Dead
56815,Dead
56816,Dead
56817,Dead
56818,Dead
56819,Dead
56820,Dead
56821,Dead
56822,Dead
56823,Dead
56824,Dead
56825,Dead
56826,Dead
56827,Dead
56828,Dead
56829,Dead
56830,Dead
56831,Dead
56832,Dead
56833,Dead
56834,Dead
56835,Dead
56836,Dead
56837,Dead
56838,Dead
56839,Dead
56840,Dead
56841,Dead
56842,Dead
56843,Dead
56844,Dead
56845,Dead
56846,Dead
56847,Dead
56848,Dead
56849,Dead
56850,Dead
56851,Dead
56852,Dead
56853,Dead
56854,Dead
56855,Dead
56856,Dead
56857,Dead
56858,Dead
56859,Dead
56860,Dead
56861,Dead
56862,Dead
56863,Dead
56864,Dead
56865,Dead
56866,Dead
56867,Dead
56868,Dead
56869,Dead
56870,Dead
56871,Dead
56872,Dead
56873,Dead
56874,Dead
56875,Dead
56876,Dead
56877,Dead
56878,Dead
56879,Dead
56880,Dead
56881,Dead
56882,Dead
56883,Dead
56884,Dead
56885,Dead
56886,Dead
56887,Dead
56888,Dead
56889,Dead
56890,Dead
56891,Dead
56892,Dead
56893,Dead
56894,Dead
56895,Dead
56896,Dead
56897,Dead
56898,Dead
56899,Dead
56900,Dead
56901,Dead
56902,Dead
56903,Dead
56904,Dead
56905,Dead
56906,Dead
56907,Dead
56908,Dead
56909,Dead
56910,Dead
56911,Dead
56912,Dead
56913,Dead
56914,Dead
56915,Dead
56916,Dead
56917,Dead
56918,Dead
56919,Dead
56920,Dead
56921,Dead
56922,Dead
56923,Dead
56924,Dead
56925,Dead
56926,Dead
56927,Dead
56928,Dead
56929,Dead
56930,Dead
56931,Dead
56932,Dead
56933,Dead
56934,Dead
56935,Dead
56936,Dead
56937,Dead
56938,Dead
56939,Dead
56940,Dead
56941,Dead
56942,Dead
56943,Dead
56944,Dead
56945,Dead
56946,Dead
56947,Dead
56948,Dead
56949,Dead
56950,Dead
56951,Dead
56952,Dead
56953,Dead
56954,Dead
56955,Dead
56956,Dead
56957,Dead
56958,Dead
56959,Dead
56960,Dead
56961,Dead
56962,Dead
56963,Dead
56964,Dead
56965,Dead
56966,Dead
56967,Dead
56968,Dead
56969,Dead
56970,Dead
56971,Dead
56972,Dead
56973,Dead
56974,Dead
56975,Dead
56976,Dead
56977,Dead
56978,Dead
56979,Dead
56980,Dead
56981,Dead
56982,Dead
56983,Dead
56984,Dead
56985,Dead
56986,Dead
56987,Dead
56988,Dead
56989,Dead
56990,Dead
56991,Dead
56992,Dead
56993,Dead
56994,Dead
56995,Dead
56996,Dead
56997,Dead
56998,Dead
56999,Dead
57000,Dead
57001,Dead
57002,Dead
57003,Dead
57004,Dead
57005,Dead
57006,Dead
57007,Dead
57008,Dead
57009,Dead
57010,Dead
57011,Dead
57012,Dead
57013,Dead
57014,Dead
57015,Dead
57016,Dead
57017,Dead
57018,Dead
57019,Dead
57020,Dead
57021,Dead
57022,Dead
57023,Dead
57024,Dead
57025,Dead
57026,Dead
57027,Dead
57028,Dead
57029,Dead
57030,Dead
57031,Dead
57032,Dead
57033,Dead
57034,Dead
57035,Dead
57036,Dead
57037,Dead
57038,Dead
57039,Dead
57040,Dead
57041,Dead
57042,Dead
57043,Dead
57044,Dead
57045,Dead
57046,Dead
57047,Dead
57048,Dead
57049,Dead
57050,Dead
57051,Dead
57052,Dead
57053,Dead
57054,Dead
57055,Dead
57056,Dead
57057,Dead
57058,Dead
57059,Dead
57060,Dead
57061,Dead
57062,Dead
57063,Dead
57064,Dead
57065,Dead
57066,Dead
57067,Dead
57068,Dead
57069,Dead
57070,Dead
57071,Dead
57072,Dead
57073,Dead
57074,Dead
57075,Dead
57076,Dead
57077,Dead
57078,Dead
57079,Dead
57080,Dead
57081,Dead
57082,Dead
57083,Dead
57084,Dead
57085,Dead
57086,Dead
57087,Dead
57088,Dead
57089,Dead
57090,Dead
57091,Dead
57092,Dead
57093,Dead
57094,Dead
57095,Dead
57096,Dead
57097,Dead
57098,Dead
57099,Dead
57100,Dead
57101,Dead
57102,Dead
57103,Dead
57104,Dead
57105,Dead
57106,Dead
57107,Dead
57108,Dead
57109,Dead
57110,Dead
57111,Dead
57112,Dead
57113,Dead
57114,Dead
57115,Dead
57116,Dead
57117,Dead
57118,Dead
57119,Dead
57120,Dead
57121,Dead
57122,Dead
57123,Dead
57124,Dead
57125,Dead
57126,Dead
57127,Dead
57128,Dead
57129,Dead
57130,Dead
57131,Dead
57132,Dead
57133,Dead
57134,Dead
57135,Dead
57136,Dead
57137,Dead
57138,Dead
57139,Dead
57140,Dead
57141,Dead
57142,Dead
57143,Dead
57144,Dead
57145,Dead
57146,Dead
57147,Dead
57148,Dead
57149,Dead
57150,Dead
57151,Dead
57152,Dead
57153,Dead
57154,Dead
57155,Dead
57156,Dead
57157,Dead
57158,Dead
57159,Dead
57160,Dead
57161,Dead
57162,Dead
57163,Dead
57164,Dead
57165,Dead
57166,Dead
57167,Dead
57168,Dead
57169,Dead
57170,Dead
57171,Dead
57172,Dead
57173,Dead
57174,Dead
57175,Dead
57176,Dead
57177,Dead
57178,Dead
57179,Dead
57180,Dead
57181,Dead
57182,Dead
57183,Dead
57184,Dead
57185,Dead
57186,Dead
57187,Dead
57188,Dead
57189,Dead
57190,Dead
57191,Dead
57192,Dead
57193,Dead
57194,Dead
57195,Dead
57196,Dead
57197,Dead
57198,Dead
57199,Dead
57200,Dead
57201,Dead
57202,Dead
57203,Dead
57204,Dead
57205,Dead
57206,Dead
57207,Dead
57208,Dead
57209,Dead
57210,Dead
57211,Dead
57212,Dead
57213,Dead
57214,Dead
57215,Dead
57216,Dead
57217,Dead
57218,Dead
57219,Dead
57220,Dead
57221,Dead
57222,Dead
57223,Dead
57224,Dead
57225,Dead
57226,Dead
57227,Dead
57228,Dead
57229,Dead
57230,Dead
57231,Dead
57232,Dead
57233,Dead
57234,Dead
57235,Dead
57236,Dead
57237,Dead
57238,Dead
57239,Dead
57240,Dead
57241,Dead
57242,Dead
57243,Dead
57244,Dead
57245,Dead
57246,Dead
57247,Dead
57248,Dead
57249,Dead
57250,Dead
57251,Dead
57252,Dead
57253,Dead
57254,Dead
57255,Dead
57256,Dead
57257,Dead
57258,Dead
57259,Dead
57260,Dead
57261,Dead
57262,Dead
57263,Dead
57264,Dead
57265,Dead
57266,Dead
57267,Dead
57268,Dead
57269,Dead
57270,Dead
57271,Dead
57272,Dead
57273,Dead
57274,Dead
57275,Dead
57276,Dead
57277,Dead
57278,Dead
57279,Dead
57280,Dead
57281,Dead
57282,Dead
57283,Dead
57284,Dead
57285,Dead
57286,Dead
57287,Dead
57288,Dead
57289,Dead
57290,Dead
57291,Dead
57292,Dead
57293,Dead
57294,Dead
57295,Dead
57296,Dead
57297,Dead
57298,Dead
57299,Dead
57300,Dead
57301,Dead
57302,Dead
57303,Dead
57304,Dead
57305,Dead
57306,Dead
57307,Dead
57308,Dead
57309,Dead
57310,Dead
57311,Dead
57312,Dead
57313,Dead
57314,Dead
57315,Dead
57316,Dead
57317,Dead
57318,Dead
57319,Dead
57320,Dead
57321,Dead
57322,Dead
57323,Dead
57324,Dead
57325,Dead
57326,Dead
57327,Dead
57328,Dead
57329,Dead
57330,Dead
57331,Dead
57332,Dead
57333,Dead
57334,Dead
57335,Dead
57336,Dead
57337,Dead
57338,Dead
57339,Dead
57340,Dead
57341,Dead
57342,Dead
57343,Dead
57344,Dead
57345,Dead
57346,Dead
57347,Dead
57348,Dead
57349,Dead
57350,Dead
57351,Dead
57352,Dead
57353,Dead
57354,Dead
57355,Dead
57356,Dead
57357,Dead
57358,Dead
57359,Dead
57360,Dead
57361,Dead
57362,Dead
57363,Dead
57364,Dead
57365,Dead
57366,Dead
57367,Dead
57368,Dead
57369,Dead
57370,Dead
57371,Dead
57372,Dead
57373,Dead
57374,Dead
57375,Dead
57376,Dead
57377,Dead
57378,Dead
57379,Dead
57380,Dead
57381,Dead
57382,Dead
57383,Dead
57384,Dead
57385,Dead
57386,Dead
57387,Dead
57388,Dead
57389,Dead
57390,Dead
57391,Dead
57392,Dead
57393,Dead
57394,Dead
57395,Dead
57396,Dead
57397,Dead
57398,Dead
57399,Dead
57400,Dead
57401,Dead
57402,Dead
57403,Dead
57404,Dead
57405,Dead
57406,Dead
57407,Dead
57408,Dead
57409,Dead
57410,Dead
57411,Dead
57412,Dead
57413,Dead
57414,Dead
57415,Dead
57416,Dead
57417,Dead
57418,Dead
57419,Dead
57420,Dead
57421,Dead
57422,Dead
57423,Dead
57424,Dead
57425,Dead
57426,Dead
57427,Dead
57428,Dead
57429,Dead
57430,Dead
57431,Dead
57432,Dead
57433,Dead
57434,Dead
57435,Dead
57436,Dead
57437,Dead
57438,Dead
57439,Dead
57440,Dead
57441,Dead
57442,Dead
57443,Dead
57444,Dead
57445,Dead
57446,Dead
57447,Dead
57448,Dead
57449,Dead
57450,Dead
57451,Dead
57452,Dead
57453,Dead
57454,Dead
57455,Dead
57456,Dead
57457,Dead
57458,Dead
57459,Dead
57460,Dead
57461,Dead
57462,Dead
57463,Dead
57464,Dead
57465,Dead
57466,Dead
57467,Dead
57468,Dead
57469,Dead
57470,Dead
57471,Dead
57472,Dead
57473,Dead
57474,Dead
57475,Dead
57476,Dead
57477,Dead
57478,Dead
57479,Dead
57480,Dead
57481,Dead
57482,Dead
57483,Dead
57484,Dead
57485,Dead
57486,Dead
57487,Dead
57488,Dead
57489,Dead
57490,Dead
57491,Dead
57492,Dead
57493,Dead
57494,Dead
57495,Dead
57496,Dead
57497,Dead
57498,Dead
57499,Dead
57500,Dead
57501,Dead
57502,Dead
57503,Dead
57504,Dead
57505,Dead
57506,Dead
57507,Dead
57508,Dead
57509,Dead
57510,Dead
57511,Dead
57512,Dead
57513,Dead
57514,Dead
57515,Dead
57516,Dead
57517,Dead
57518,Dead
57519,Dead
57520,Dead
57521,Dead
57522,Dead
57523,Dead
57524,Dead
57525,Dead
57526,Dead
57527,Dead
57528,Dead
57529,Dead
57530,Dead
57531,Dead
57532,Dead
57533,Dead
57534,Dead
57535,Dead
57536,Dead
57537,Dead
57538,Dead
57539,Dead
57540,Dead
57541,Dead
57542,Dead
57543,Dead
57544,Dead
57545,Dead
57546,Dead
57547,Dead
57548,Dead
57549,Dead
57550,Dead
57551,Dead
57552,Dead
57553,Dead
57554,Dead
57555,Dead
57556,Dead
57557,Dead
57558,Dead
57559,Dead
57560,Dead
57561,Dead
57562,Dead
57563,Dead
57564,Dead
57565,Dead
57566,Dead
57567,Dead
57568,Dead
57569,Dead
57570,Dead
57571,Dead
57572,Dead
57573,Dead
57574,Dead
57575,Dead
57576,Dead
57577,Dead
57578,Dead
57579,Dead
57580,Dead
57581,Dead
57582,Dead
57583,Dead
57584,Dead
57585,Dead
57586,Dead
57587,Dead
57588,Dead
57589,Dead
57590,Dead
57591,Dead
57592,Dead
57593,Dead
57594,Dead
57595,Dead
57596,Dead
57597,Dead
57598,Dead
57599,Dead
57600,Dead
57601,Dead
57602,Dead
57603,Dead
57604,Dead
57605,Dead
57606,Dead
57607,Dead
57608,Dead
57609,Dead
57610,Dead
57611,Dead
57612,Dead
57613,Dead
57614,Dead
57615,Dead
57616,Dead
57617,Dead
57618,Dead
57619,Dead
57620,Dead
57621,Dead
57622,Dead
57623,Dead
57624,Dead
57625,Dead
57626,Dead
57627,Dead
57628,Dead
57629,Dead
57630,Dead
57631,Dead
57632,Dead
57633,Dead
57634,Dead
57635,Dead
57636,Dead
57637,Dead
57638,Dead
57639,Dead
57640,Dead
57641,Dead
57642,Dead
57643,Dead
57644,Dead
57645,Dead
57646,Dead
57647,Dead
57648,Dead
57649,Dead
57650,Dead
57651,Dead
57652,Dead
57653,Dead
57654,Dead
57655,Dead
57656,Dead
57657,Dead
57658,Dead
57659,Dead
57660,Dead
57661,Dead
57662,Dead
57663,Dead
57664,Dead
57665,Dead
57666,Dead
57667,Dead
57668,Dead
57669,Dead
57670,Dead
57671,Dead
57672,Dead
57673,Dead
57674,Dead
57675,Dead
57676,Dead
57677,Dead
57678,Dead
57679,Dead
57680,Dead
57681,Dead
57682,Dead
57683,Dead
57684,Dead
57685,Dead
57686,Dead
57687,Dead
57688,Dead
57689,Dead
57690,Dead
57691,Dead
57692,Dead
57693,Dead
57694,Dead
57695,Dead
57696,Dead
57697,Dead
57698,Dead
57699,Dead
57700,Dead
57701,Dead
57702,Dead
57703,Dead
57704,Dead
57705,Dead
57706,Dead
57707,Dead
57708,Dead
57709,Dead
57710,Dead
57711,Dead
57712,Dead
57713,Dead
57714,Dead
57715,Dead
57716,Dead
57717,Dead
57718,Dead
57719,Dead
57720,Dead
57721,Dead
57722,Dead
57723,Dead
57724,Dead
57725,Dead
57726,Dead
57727,Dead
57728,Dead
57729,Dead
57730,Dead
57731,Dead
57732,Dead
57733,Dead
57734,Dead
57735,Dead
57736,Dead
57737,Dead
57738,Dead
57739,Dead
57740,Dead
57741,Dead
57742,Dead
57743,Dead
57744,Dead
57745,Dead
57746,Dead
57747,Dead
57748,Dead
57749,Dead
57750,Dead
57751,Dead
57752,Dead
57753,Dead
57754,Dead
57755,Dead
57756,Dead
57757,Dead
57758,Dead
57759,Dead
57760,Dead
57761,Dead
57762,Dead
57763,Dead
57764,Dead
57765,Dead
57766,Dead
57767,Dead
57768,Dead
57769,Dead
57770,Dead
57771,Dead
57772,Dead
57773,Dead
57774,Dead
57775,Dead
57776,Dead
57777,Dead
57778,Dead
57779,Dead
57780,Dead
57781,Dead
57782,Dead
57783,Dead
57784,Dead
57785,Dead
57786,Dead
57787,Dead
57788,Dead
57789,Dead
57790,Dead
57791,Dead
57792,Dead
57793,Dead
57794,Dead
57795,Dead
57796,Dead
57797,Dead
57798,Dead
57799,Dead
57800,Dead
57801,Dead
57802,Dead
57803,Dead
57804,Dead
57805,Dead
57806,Dead
57807,Dead
57808,Dead
57809,Dead
57810,Dead
57811,Dead
57812,Dead
57813,Dead
57814,Dead
57815,Dead
57816,Dead
57817,Dead
57818,Dead
57819,Dead
57820,Dead
57821,Dead
57822,Dead
57823,Dead
57824,Dead
57825,Dead
57826,Dead
57827,Dead
57828,Dead
57829,Dead
57830,Dead
57831,Dead
57832,Dead
57833,Dead
57834,Dead
57835,Dead
57836,Dead
57837,Dead
57838,Dead
57839,Dead
57840,Dead
57841,Dead
57842,Dead
57843,Dead
57844,Dead
57845,Dead
57846,Dead
57847,Dead
57848,Dead
57849,Dead
57850,Dead
57851,Dead
57852,Dead
57853,Dead
57854,Dead
57855,Dead
57856,Dead
57857,Dead
57858,Dead
57859,Dead
57860,Dead
57861,Dead
57862,Dead
57863,Dead
57864,Dead
57865,Dead
57866,Dead
57867,Dead
57868,Dead
57869,Dead
57870,Dead
57871,Dead
57872,Dead
57873,Dead
57874,Dead
57875,Dead
57876,Dead
57877,Dead
57878,Dead
57879,Dead
57880,Dead
57881,Dead
57882,Dead
57883,Dead
57884,Dead
57885,Dead
57886,Dead
57887,Dead
57888,Dead
57889,Dead
57890,Dead
57891,Dead
57892,Dead
57893,Dead
57894,Dead
57895,Dead
57896,Dead
57897,Dead
57898,Dead
57899,Dead
57900,Dead
57901,Dead
57902,Dead
57903,Dead
57904,Dead
57905,Dead
57906,Dead
57907,Dead
57908,Dead
57909,Dead
57910,Dead
57911,Dead
57912,Dead
57913,Dead
57914,Dead
57915,Dead
57916,Dead
57917,Dead
57918,Dead
57919,Dead
57920,Dead
57921,Dead
57922,Dead
57923,Dead
57924,Dead
57925,Dead
57926,Dead
57927,Dead
57928,Dead
57929,Dead
57930,Dead
57931,Dead
57932,Dead
57933,Dead
57934,Dead
57935,Dead
57936,Dead
57937,Dead
57938,Dead
57939,Dead
57940,Dead
57941,Dead
57942,Dead
57943,Dead
57944,Dead
57945,Dead
57946,Dead
57947,Dead
57948,Dead
57949,Dead
57950,Dead
57951,Dead
57952,Dead
57953,Dead
57954,Dead
57955,Dead
57956,Dead
57957,Dead
57958,Dead
57959,Dead
57960,Dead
57961,Dead
57962,Dead
57963,Dead
57964,Dead
57965,Dead
57966,Dead
57967,Dead
57968,Dead
57969,Dead
57970,Dead
57971,Dead
57972,Dead
57973,Dead
57974,Dead
57975,Dead
57976,Dead
57977,Dead
57978,Dead
57979,Dead
57980,Dead
57981,Dead
57982,Dead
57983,Dead
57984,Dead
57985,Dead
57986,Dead
57987,Dead
57988,Dead
57989,Dead
57990,Dead
57991,Dead
57992,Dead
57993,Dead
57994,Dead
57995,Dead
57996,Dead
57997,Dead
57998,Dead
57999,Dead
58000,Dead
58001,Dead
58002,Dead
58003,Dead
58004,Dead
58005,Dead
58006,Dead
58007,Dead
58008,Dead
58009,Dead
58010,Dead
58011,Dead
58012,Dead
58013,Dead
58014,Dead
58015,Dead
58016,Dead
58017,Dead
58018,Dead
58019,Dead
58020,Dead
58021,Dead
58022,Dead
58023,Dead
58024,Dead
58025,Dead
58026,Dead
58027,Dead
58028,Dead
58029,Dead
58030,Dead
58031,Dead
58032,Dead
58033,Dead
58034,Dead
58035,Dead
58036,Dead
58037,Dead
58038,Dead
58039,Dead
58040,Dead
58041,Dead
58042,Dead
58043,Dead
58044,Dead
58045,Dead
58046,Dead
58047,Dead
58048,Dead
58049,Dead
58050,Dead
58051,Dead
58052,Dead
58053,Dead
58054,Dead
58055,Dead
58056,Dead
58057,Dead
58058,Dead
58059,Dead
58060,Dead
58061,Dead
58062,Dead
58063,Dead
58064,Dead
58065,Dead
58066,Dead
58067,Dead
58068,Dead
58069,Dead
58070,Dead
58071,Dead
58072,Dead
58073,Dead
58074,Dead
58075,Dead
58076,Dead
58077,Dead
58078,Dead
58079,Dead
58080,Dead
58081,Dead
58082,Dead
58083,Dead
58084,Dead
58085,Dead
58086,Dead
58087,Dead
58088,Dead
58089,Dead
58090,Dead
58091,Dead
58092,Dead
58093,Dead
58094,Dead
58095,Dead
58096,Dead
58097,Dead
58098,Dead
58099,Dead
58100,Dead
58101,Dead
58102,Dead
58103,Dead
58104,Dead
58105,Dead
58106,Dead
58107,Dead
58108,Dead
58109,Dead
58110,Dead
58111,Dead
58112,Dead
58113,Dead
58114,Dead
58115,Dead
58116,Dead
58117,Dead
58118,Dead
58119,Dead
58120,Dead
58121,Dead
58122,Dead
58123,Dead
58124,Dead
58125,Dead
58126,Dead
58127,Dead
58128,Dead
58129,Dead
58130,Dead
58131,Dead
58132,Dead
58133,Dead
58134,Dead
58135,Dead
58136,Dead
58137,Dead
58138,Dead
58139,Dead
58140,Dead
58141,Dead
58142,Dead
58143,Dead
58144,Dead
58145,Dead
58146,Dead
58147,Dead
58148,Dead
58149,Dead
58150,Dead
58151,Dead
58152,Dead
58153,Dead
58154,Dead
58155,Dead
58156,Dead
58157,Dead
58158,Dead
58159,Dead
58160,Dead
58161,Dead
58162,Dead
58163,Dead
58164,Dead
58165,Dead
58166,Dead
58167,Dead
58168,Dead
58169,Dead
58170,Dead
58171,Dead
58172,Dead
58173,Dead
58174,Dead
58175,Dead
58176,Dead
58177,Dead
58178,Dead
58179,Dead
58180,Dead
58181,Dead
58182,Dead
58183,Dead
58184,Dead
58185,Dead
58186,Dead
58187,Dead
58188,Dead
58189,Dead
58190,Dead
58191,Dead
58192,Dead
58193,Dead
58194,Dead
58195,Dead
58196,Dead
58197,Dead
58198,Dead
58199,Dead
58200,Dead
58201,Dead
58202,Dead
58203,Dead
58204,Dead
58205,Dead
58206,Dead
58207,Dead
58208,Dead
58209,Dead
58210,Dead
58211,Dead
58212,Dead
58213,Dead
58214,Dead
58215,Dead
58216,Dead
58217,Dead
58218,Dead
58219,Dead
58220,Dead
58221,Dead
58222,Dead
58223,Dead
58224,Dead
58225,Dead
58226,Dead
58227,Dead
58228,Dead
58229,Dead
58230,Dead
58231,Dead
58232,Dead
58233,Dead
58234,Dead
58235,Dead
58236,Dead
58237,Dead
58238,Dead
58239,Dead
58240,Dead
58241,Dead
58242,Dead
58243,Dead
58244,Dead
58245,Dead
58246,Dead
58247,Dead
58248,Dead
58249,Dead
58250,Dead
58251,Dead
58252,Dead
58253,Dead
58254,Dead
58255,Dead
58256,Dead
58257,Dead
58258,Dead
58259,Dead
58260,Dead
58261,Dead
58262,Dead
58263,Dead
58264,Dead
58265,Dead
58266,Dead
58267,Dead
58268,Dead
58269,Dead
58270,Dead
58271,Dead
58272,Dead
58273,Dead
58274,Dead
58275,Dead
58276,Dead
58277,Dead
58278,Dead
58279,Dead
58280,Dead
58281,Dead
58282,Dead
58283,Dead
58284,Dead
58285,Dead
58286,Dead
58287,Dead
58288,Dead
58289,Dead
58290,Dead
58291,Dead
58292,Dead
58293,Dead
58294,Dead
58295,Dead
58296,Dead
58297,Dead
58298,Dead
58299,Dead
58300,Dead
58301,Dead
58302,Dead
58303,Dead
58304,Dead
58305,Dead
58306,Dead
58307,Dead
58308,Dead
58309,Dead
58310,Dead
58311,Dead
58312,Dead
58313,Dead
58314,Dead
58315,Dead
58316,Dead
58317,Dead
58318,Dead
58319,Dead
58320,Dead
58321,Dead
58322,Dead
58323,Dead
58324,Dead
58325,Dead
58326,Dead
58327,Dead
58328,Dead
58329,Dead
58330,Dead
58331,Dead
58332,Dead
58333,Dead
58334,Dead
58335,Dead
58336,Dead
58337,Dead
58338,Dead
58339,Dead
58340,Dead
58341,Dead
58342,Dead
58343,Dead
58344,Dead
58345,Dead
58346,Dead
58347,Dead
58348,Dead
58349,Dead
58350,Dead
58351,Dead
58352,Dead
58353,Dead
58354,Dead
58355,Dead
58356,Dead
58357,Dead
58358,Dead
58359,Dead
58360,Dead
58361,Dead
58362,Dead
58363,Dead
58364,Dead
58365,Dead
58366,Dead
58367,Dead
58368,Dead
58369,Dead
58370,Dead
58371,Dead
58372,Dead
58373,Dead
58374,Dead
58375,Dead
58376,Dead
58377,Dead
58378,Dead
58379,Dead
58380,Dead
58381,Dead
58382,Dead
58383,Dead
58384,Dead
58385,Dead
58386,Dead
58387,Dead
58388,Dead
58389,Dead
58390,Dead
58391,Dead
58392,Dead
58393,Dead
58394,Dead
58395,Dead
58396,Dead
58397,Dead
58398,Dead
58399,Dead
58400,Dead
58401,Dead
58402,Dead
58403,Dead
58404,Dead
58405,Dead
58406,Dead
58407,Dead
58408,Dead
58409,Dead
58410,Dead
58411,Dead
58412,Dead
58413,Dead
58414,Dead
58415,Dead
58416,Dead
58417,Dead
58418,Dead
58419,Dead
58420,Dead
58421,Dead
58422,Dead
58423,Dead
58424,Dead
58425,Dead
58426,Dead
58427,Dead
58428,Dead
58429,Dead
58430,Dead
58431,Dead
58432,Dead
58433,Dead
58434,Dead
58435,Dead
58436,Dead
58437,Dead
58438,Dead
58439,Dead
58440,Dead
58441,Dead
58442,Dead
58443,Dead
58444,Dead
58445,Dead
58446,Dead
58447,Dead
58448,Dead
58449,Dead
58450,Dead
58451,Dead
58452,Dead
58453,Dead
58454,Dead
58455,Dead
58456,Dead
58457,Dead
58458,Dead
58459,Dead
58460,Dead
58461,Dead
58462,Dead
58463,Dead
58464,Dead
58465,Dead
58466,Dead
58467,Dead
58468,Dead
58469,Dead
58470,Dead
58471,Dead
58472,Dead
58473,Dead
58474,Dead
58475,Dead
58476,Dead
58477,Dead
58478,Dead
58479,Dead
58480,Dead
58481,Dead
58482,Dead
58483,Dead
58484,Dead
58485,Dead
58486,Dead
58487,Dead
58488,Dead
58489,Dead
58490,Dead
58491,Dead
58492,Dead
58493,Dead
58494,Dead
58495,Dead
58496,Dead
58497,Dead
58498,Dead
58499,Dead
58500,Dead
58501,Dead
58502,Dead
58503,Dead
58504,Dead
58505,Dead
58506,Dead
58507,Dead
58508,Dead
58509,Dead
58510,Dead
58511,Dead
58512,Dead
58513,Dead
58514,Dead
58515,Dead
58516,Dead
58517,Dead
58518,Dead
58519,Dead
58520,Dead
58521,Dead
58522,Dead
58523,Dead
58524,Dead
58525,Dead
58526,Dead
58527,Dead
58528,Dead
58529,Dead
58530,Dead
58531,Dead
58532,Dead
58533,Dead
58534,Dead
58535,Dead
58536,Dead
58537,Dead
58538,Dead
58539,Dead
58540,Dead
58541,Dead
58542,Dead
58543,Dead
58544,Dead
58545,Dead
58546,Dead
58547,Dead
58548,Dead
58549,Dead
58550,Dead
58551,Dead
58552,Dead
58553,Dead
58554,Dead
58555,Dead
58556,Dead
58557,Dead
58558,Dead
58559,Dead
58560,Dead
58561,Dead
58562,Dead
58563,Dead
58564,Dead
58565,Dead
58566,Dead
58567,Dead
58568,Dead
58569,Dead
58570,Dead
58571,Dead
58572,Dead
58573,Dead
58574,Dead
58575,Dead
58576,Dead
58577,Dead
58578,Dead
58579,Dead
58580,Dead
58581,Dead
58582,Dead
58583,Dead
58584,Dead
58585,Dead
58586,Dead
58587,Dead
58588,Dead
58589,Dead
58590,Dead
58591,Dead
58592,Dead
58593,Dead
58594,Dead
58595,Dead
58596,Dead
58597,Dead
58598,Dead
58599,Dead
58600,Dead
58601,Dead
58602,Dead
58603,Dead
58604,Dead
58605,Dead
58606,Dead
58607,Dead
58608,Dead
58609,Dead
58610,Dead
58611,Dead
58612,Dead
58613,Dead
58614,Dead
58615,Dead
58616,Dead
58617,Dead
58618,Dead
58619,Dead
58620,Dead
58621,Dead
58622,Dead
58623,Dead
58624,Dead
58625,Dead
58626,Dead
58627,Dead
58628,Dead
58629,Dead
58630,Dead
58631,Dead
58632,Dead
58633,Dead
58634,Dead
58635,Dead
58636,Dead
58637,Dead
58638,Dead
58639,Dead
58640,Dead
58641,Dead
58642,Dead
58643,Dead
58644,Dead
58645,Dead
58646,Dead
58647,Dead
58648,Dead
58649,Dead
58650,Dead
58651,Dead
58652,Dead
58653,Dead
58654,Dead
58655,Dead
58656,Dead
58657,Dead
58658,Dead
58659,Dead
58660,Dead
58661,Dead
58662,Dead
58663,Dead
58664,Dead
58665,Dead
58666,Dead
58667,Dead
58668,Dead
58669,Dead
58670,Dead
58671,Dead
58672,Dead
58673,Dead
58674,Dead
58675,Dead
58676,Dead
58677,Dead
58678,Dead
58679,Dead
58680,Dead
58681,Dead
58682,Dead
58683,Dead
58684,Dead
58685,Dead
58686,Dead
58687,Dead
58688,Dead
58689,Dead
58690,Dead
58691,Dead
58692,Dead
58693,Dead
58694,Dead
58695,Dead
58696,Dead
58697,Dead
58698,Dead
58699,Dead
58700,Dead
58701,Dead
58702,Dead
58703,Dead
58704,Dead
58705,Dead
58706,Dead
58707,Dead
58708,Dead
58709,Dead
58710,Dead
58711,Dead
58712,Dead
58713,Dead
58714,Dead
58715,Dead
58716,Dead
58717,Dead
58718,Dead
58719,Dead
58720,Dead
58721,Dead
58722,Dead
58723,Dead
58724,Dead
58725,Dead
58726,Dead
58727,Dead
58728,Dead
58729,Dead
58730,Dead
58731,Dead
58732,Dead
58733,Dead
58734,Dead
58735,Dead
58736,Dead
58737,Dead
58738,Dead
58739,Dead
58740,Dead
58741,Dead
58742,Dead
58743,Dead
58744,Dead
58745,Dead
58746,Dead
58747,Dead
58748,Dead
58749,Dead
58750,Dead
58751,Dead
58752,Dead
58753,Dead
58754,Dead
58755,Dead
58756,Dead
58757,Dead
58758,Dead
58759,Dead
58760,Dead
58761,Dead
58762,Dead
58763,Dead
58764,Dead
58765,Dead
58766,Dead
58767,Dead
58768,Dead
58769,Dead
58770,Dead
58771,Dead
58772,Dead
58773,Dead
58774,Dead
58775,Dead
58776,Dead
58777,Dead
58778,Dead
58779,Dead
58780,Dead
58781,Dead
58782,Dead
58783,Dead
58784,Dead
58785,Dead
58786,Dead
58787,Dead
58788,Dead
58789,Dead
58790,Dead
58791,Dead
58792,Dead
58793,Dead
58794,Dead
58795,Dead
58796,Dead
58797,Dead
58798,Dead
58799,Dead
58800,Dead
58801,Dead
58802,Dead
58803,Dead
58804,Dead
58805,Dead
58806,Dead
58807,Dead
58808,Dead
58809,Dead
58810,Dead
58811,Dead
58812,Dead
58813,Dead
58814,Dead
58815,Dead
58816,Dead
58817,Dead
58818,Dead
58819,Dead
58820,Dead
58821,Dead
58822,Dead
58823,Dead
58824,Dead
58825,Dead
58826,Dead
58827,Dead
58828,Dead
58829,Dead
58830,Dead
58831,Dead
58832,Dead
58833,Dead
58834,Dead
58835,Dead
58836,Dead
58837,Dead
58838,Dead
58839,Dead
58840,Dead
58841,Dead
58842,Dead
58843,Dead
58844,Dead
58845,Dead
58846,Dead
58847,Dead
58848,Dead
58849,Dead
58850,Dead
58851,Dead
58852,Dead
58853,Dead
58854,Dead
58855,Dead
58856,Dead
58857,Dead
58858,Dead
58859,Dead
58860,Dead
58861,Dead
58862,Dead
58863,Dead
58864,Dead
58865,Dead
58866,Dead
58867,Dead
58868,Dead
58869,Dead
58870,Dead
58871,Dead
58872,Dead
58873,Dead
58874,Dead
58875,Dead
58876,Dead
58877,Dead
58878,Dead
58879,Dead
58880,Dead
58881,Dead
58882,Dead
58883,Dead
58884,Dead
58885,Dead
58886,Dead
58887,Dead
58888,Dead
58889,Dead
58890,Dead
58891,Dead
58892,Dead
58893,Dead
58894,Dead
58895,Dead
58896,Dead
58897,Dead
58898,Dead
58899,Dead
58900,Dead
58901,Dead
58902,Dead
58903,Dead
58904,Dead
58905,Dead
58906,Dead
58907,Dead
58908,Dead
58909,Dead
58910,Dead
58911,Dead
58912,Dead
58913,Dead
58914,Dead
58915,Dead
58916,Dead
58917,Dead
58918,Dead
58919,Dead
58920,Dead
58921,Dead
58922,Dead
58923,Dead
58924,Dead
58925,Dead
58926,Dead
58927,Dead
58928,Dead
58929,Dead
58930,Dead
58931,Dead
58932,Dead
58933,Dead
58934,Dead
58935,Dead
58936,Dead
58937,Dead
58938,Dead
58939,Dead
58940,Dead
58941,Dead
58942,Dead
58943,Dead
58944,Dead
58945,Dead
58946,Dead
58947,Dead
58948,Dead
58949,Dead
58950,Dead
58951,Dead
58952,Dead
58953,Dead
58954,Dead
58955,Dead
58956,Dead
58957,Dead
58958,Dead
58959,Dead
58960,Dead
58961,Dead
58962,Dead
58963,Dead
58964,Dead
58965,Dead
58966,Dead
58967,Dead
58968,Dead
58969,Dead
58970,Dead
58971,Dead
58972,Dead
58973,Dead
58974,Dead
58975,Dead
58976,Dead
58977,Dead
58978,Dead
58979,Dead
58980,Dead
58981,Dead
58982,Dead
58983,Dead
58984,Dead
58985,Dead
58986,Dead
58987,Dead
58988,Dead
58989,Dead
58990,Dead
58991,Dead
58992,Dead
58993,Dead
58994,Dead
58995,Dead
58996,Dead
58997,Dead
58998,Dead
58999,Dead
59000,Dead
59001,Dead
59002,Dead
59003,Dead
59004,Dead
59005,Dead
59006,Dead
59007,Dead
59008,Dead
59009,Dead
59010,Dead
59011,Dead
59012,Dead
59013,Dead
59014,Dead
59015,Dead
59016,Dead
59017,Dead
59018,Dead
59019,Dead
59020,Dead
59021,Dead
59022,Dead
59023,Dead
59024,Dead
59025,Dead
59026,Dead
59027,Dead
59028,Dead
59029,Dead
59030,Dead
59031,Dead
59032,Dead
59033,Dead
59034,Dead
59035,Dead
59036,Dead
59037,Dead
59038,Dead
59039,Dead
59040,Dead
59041,Dead
59042,Dead
59043,Dead
59044,Dead
59045,Dead
59046,Dead
59047,Dead
59048,Dead
59049,Dead
59050,Dead
59051,Dead
59052,Dead
59053,Dead
59054,Dead
59055,Dead
59056,Dead
59057,Dead
59058,Dead
59059,Dead
59060,Dead
59061,Dead
59062,Dead
59063,Dead
59064,Dead
59065,Dead
59066,Dead
59067,Dead
59068,Dead
59069,Dead
59070,Dead
59071,Dead
59072,Dead
59073,Dead
59074,Dead
59075,Dead
59076,Dead
59077,Dead
59078,Dead
59079,Dead
59080,Dead
59081,Dead
59082,Dead
59083,Dead
59084,Dead
59085,Dead
59086,Dead
59087,Dead
59088,Dead
59089,Dead
59090,Dead
59091,Dead
59092,Dead
59093,Dead
59094,Dead
59095,Dead
59096,Dead
59097,Dead
59098,Dead
59099,Dead
59100,Dead
59101,Dead
59102,Dead
59103,Dead
59104,Dead
59105,Dead
59106,Dead
59107,Dead
59108,Dead
59109,Dead
59110,Dead
59111,Dead
59112,Dead
59113,Dead
59114,Dead
59115,Dead
59116,Dead
59117,Dead
59118,Dead
59119,Dead
59120,Dead
59121,Dead
59122,Dead
59123,Dead
59124,Dead
59125,Dead
59126,Dead
59127,Dead
59128,Dead
59129,Dead
59130,Dead
59131,Dead
59132,Dead
59133,Dead
59134,Dead
59135,Dead
59136,Dead
59137,Dead
59138,Dead
59139,Dead
59140,Dead
59141,Dead
59142,Dead
59143,Dead
59144,Dead
59145,Dead
59146,Dead
59147,Dead
59148,Dead
59149,Dead
59150,Dead
59151,Dead
59152,Dead
59153,Dead
59154,Dead
59155,Dead
59156,Dead
59157,Dead
59158,Dead
59159,Dead
59160,Dead
59161,Dead
59162,Dead
59163,Dead
59164,Dead
59165,Dead
59166,Dead
59167,Dead
59168,Dead
59169,Dead
59170,Dead
59171,Dead
59172,Dead
59173,Dead
59174,Dead
59175,Dead
59176,Dead
59177,Dead
59178,Dead
59179,Dead
59180,Dead
59181,Dead
59182,Dead
59183,Dead
59184,Dead
59185,Dead
59186,Dead
59187,Dead
59188,Dead
59189,Dead
59190,Dead
59191,Dead
59192,Dead
59193,Dead
59194,Dead
59195,Dead
59196,Dead
59197,Dead
59198,Dead
59199,Dead
59200,Dead
59201,Dead
59202,Dead
59203,Dead
59204,Dead
59205,Dead
59206,Dead
59207,Dead
59208,Dead
59209,Dead
59210,Dead
59211,Dead
59212,Dead
59213,Dead
59214,Dead
59215,Dead
59216,Dead
59217,Dead
59218,Dead
59219,Dead
59220,Dead
59221,Dead
59222,Dead
59223,Dead
59224,Dead
59225,Dead
59226,Dead
59227,Dead
59228,Dead
59229,Dead
59230,Dead
59231,Dead
59232,Dead
59233,Dead
59234,Dead
59235,Dead
59236,Dead
59237,Dead
59238,Dead
59239,Dead
59240,Dead
59241,Dead
59242,Dead
59243,Dead
59244,Dead
59245,Dead
59246,Dead
59247,Dead
59248,Dead
59249,Dead
59250,Dead
59251,Dead
59252,Dead
59253,Dead
59254,Dead
59255,Dead
59256,Dead
59257,Dead
59258,Dead
59259,Dead
59260,Dead
59261,Dead
59262,Dead
59263,Dead
59264,Dead
59265,Dead
59266,Dead
59267,Dead
59268,Dead
59269,Dead
59270,Dead
59271,Dead
59272,Dead
59273,Dead
59274,Dead
59275,Dead
59276,Dead
59277,Dead
59278,Dead
59279,Dead
59280,Dead
59281,Dead
59282,Dead
59283,Dead
59284,Dead
59285,Dead
59286,Dead
59287,Dead
59288,Dead
59289,Dead
59290,Dead
59291,Dead
59292,Dead
59293,Dead
59294,Dead
59295,Dead
59296,Dead
59297,Dead
59298,Dead
59299,Dead
59300,Dead
59301,Dead
59302,Dead
59303,Dead
59304,Dead
59305,Dead
59306,Dead
59307,Dead
59308,Dead
59309,Dead
59310,Dead
59311,Dead
59312,Dead
59313,Dead
59314,Dead
59315,Dead
59316,Dead
59317,Dead
59318,Dead
59319,Dead
59320,Dead
59321,Dead
59322,Dead
59323,Dead
59324,Dead
59325,Dead
59326,Dead
59327,Dead
59328,Dead
59329,Dead
59330,Dead
59331,Dead
59332,Dead
59333,Dead
59334,Dead
59335,Dead
59336,Dead
59337,Dead
59338,Dead
59339,Dead
59340,Dead
59341,Dead
59342,Dead
59343,Dead
59344,Dead
59345,Dead
59346,Dead
59347,Dead
59348,Dead
59349,Dead
59350,Dead
59351,Dead
59352,Dead
59353,Dead
59354,Dead
59355,Dead
59356,Dead
59357,Dead
59358,Dead
59359,Dead
59360,Dead
59361,Dead
59362,Dead
59363,Dead
59364,Dead
59365,Dead
59366,Dead
59367,Dead
59368,Dead
59369,Dead
59370,Dead
59371,Dead
59372,Dead
59373,Dead
59374,Dead
59375,Dead
59376,Dead
59377,Dead
59378,Dead
59379,Dead
59380,Dead
59381,Dead
59382,Dead
59383,Dead
59384,Dead
59385,Dead
59386,Dead
59387,Dead
59388,Dead
59389,Dead
59390,Dead
59391,Dead
59392,Dead
59393,Dead
59394,Dead
59395,Dead
59396,Dead
59397,Dead
59398,Dead
59399,Dead
59400,Dead
59401,Dead
59402,Dead
59403,Dead
59404,Dead
59405,Dead
59406,Dead
59407,Dead
59408,Dead
59409,Dead
59410,Dead
59411,Dead
59412,Dead
59413,Dead
59414,Dead
59415,Dead
59416,Dead
59417,Dead
59418,Dead
59419,Dead
59420,Dead
59421,Dead
59422,Dead
59423,Dead
59424,Dead
59425,Dead
59426,Dead
59427,Dead
59428,Dead
59429,Dead
59430,Dead
59431,Dead
59432,Dead
59433,Dead
59434,Dead
59435,Dead
59436,Dead
59437,Dead
59438,Dead
59439,Dead
59440,Dead
59441,Dead
59442,Dead
59443,Dead
59444,Dead
59445,Dead
59446,Dead
59447,Dead
59448,Dead
59449,Dead
59450,Dead
59451,Dead
59452,Dead
59453,Dead
59454,Dead
59455,Dead
59456,Dead
59457,Dead
59458,Dead
59459,Dead
59460,Dead
59461,Dead
59462,Dead
59463,Dead
59464,Dead
59465,Dead
59466,Dead
59467,Dead
59468,Dead
59469,Dead
59470,Dead
59471,Dead
59472,Dead
59473,Dead
59474,Dead
59475,Dead
59476,Dead
59477,Dead
59478,Dead
59479,Dead
59480,Dead
59481,Dead
59482,Dead
59483,Dead
59484,Dead
59485,Dead
59486,Dead
59487,Dead
59488,Dead
59489,Dead
59490,Dead
59491,Dead
59492,Dead
59493,Dead
59494,Dead
59495,Dead
59496,Dead
59497,Dead
59498,Dead
59499,Dead
59500,Dead
59501,Dead
59502,Dead
59503,Dead
59504,Dead
59505,Dead
59506,Dead
59507,Dead
59508,Dead
59509,Dead
59510,Dead
59511,Dead
59512,Dead
59513,Dead
59514,Dead
59515,Dead
59516,Dead
59517,Dead
59518,Dead
59519,Dead
59520,Dead
59521,Dead
59522,Dead
59523,Dead
59524,Dead
59525,Dead
59526,Dead
59527,Dead
59528,Dead
59529,Dead
59530,Dead
59531,Dead
59532,Dead
59533,Dead
59534,Dead
59535,Dead
59536,Dead
59537,Dead
59538,Dead
59539,Dead
59540,Dead
59541,Dead
59542,Dead
59543,Dead
59544,Dead
59545,Dead
59546,Dead
59547,Dead
59548,Dead
59549,Dead
59550,Dead
59551,Dead
59552,Dead
59553,Dead
59554,Dead
59555,Dead
59556,Dead
59557,Dead
59558,Dead
59559,Dead
59560,Dead
59561,Dead
59562,Dead
59563,Dead
59564,Dead
59565,Dead
59566,Dead
59567,Dead
59568,Dead
59569,Dead
59570,Dead
59571,Dead
59572,Dead
59573,Dead
59574,Dead
59575,Dead
59576,Dead
59577,Dead
59578,Dead
59579,Dead
59580,Dead
59581,Dead
59582,Dead
59583,Dead
59584,Dead
59585,Dead
59586,Dead
59587,Dead
59588,Dead
59589,Dead
59590,Dead
59591,Dead
59592,Dead
59593,Dead
59594,Dead
59595,Dead
59596,Dead
59597,Dead
59598,Dead
59599,Dead
59600,Dead
59601,Dead
59602,Dead
59603,Dead
59604,Dead
59605,Dead
59606,Dead
59607,Dead
59608,Dead
59609,Dead
59610,Dead
59611,Dead
59612,Dead
59613,Dead
59614,Dead
59615,Dead
59616,Dead
59617,Dead
59618,Dead
59619,Dead
59620,Dead
59621,Dead
59622,Dead
59623,Dead
59624,Dead
59625,Dead
59626,Dead
59627,Dead
59628,Dead
59629,Dead
59630,Dead
59631,Dead
59632,Dead
59633,Dead
59634,Dead
59635,Dead
59636,Dead
59637,Dead
59638,Dead
59639,Dead
59640,Dead
59641,Dead
59642,Dead
59643,Dead
59644,Dead
59645,Dead
59646,Dead
59647,Dead
59648,Dead
59649,Dead
59650,Dead
59651,Dead
59652,Dead
59653,Dead
59654,Dead
59655,Dead
59656,Dead
59657,Dead
59658,Dead
59659,Dead
59660,Dead
59661,Dead
59662,Dead
59663,Dead
59664,Dead
59665,Dead
59666,Dead
59667,Dead
59668,Dead
59669,Dead
59670,Dead
59671,Dead
59672,Dead
59673,Dead
59674,Dead
59675,Dead
59676,Dead
59677,Dead
59678,Dead
59679,Dead
59680,Dead
59681,Dead
59682,Dead
59683,Dead
59684,Dead
59685,Dead
59686,Dead
59687,Dead
59688,Dead
59689,Dead
59690,Dead
59691,Dead
59692,Dead
59693,Dead
59694,Dead
59695,Dead
59696,Dead
59697,Dead
59698,Dead
59699,Dead
59700,Dead
59701,Dead
59702,Dead
59703,Dead
59704,Dead
59705,Dead
59706,Dead
59707,Dead
59708,Dead
59709,Dead
59710,Dead
59711,Dead
59712,Dead
59713,Dead
59714,Dead
59715,Dead
59716,Dead
59717,Dead
59718,Dead
59719,Dead
59720,Dead
59721,Dead
59722,Dead
59723,Dead
59724,Dead
59725,Dead
59726,Dead
59727,Dead
59728,Dead
59729,Dead
59730,Dead
59731,Dead
59732,Dead
59733,Dead
59734,Dead
59735,Dead
59736,Dead
59737,Dead
59738,Dead
59739,Dead
59740,Dead
59741,Dead
59742,Dead
59743,Dead
59744,Dead
59745,Dead
59746,Dead
59747,Dead
59748,Dead
59749,Dead
59750,Dead
59751,Dead
59752,Dead
59753,Dead
59754,Dead
59755,Dead
59756,Dead
59757,Dead
59758,Dead
59759,Dead
59760,Dead
59761,Dead
59762,Dead
59763,Dead
59764,Dead
59765,Dead
59766,Dead
59767,Dead
59768,Dead
59769,Dead
59770,Dead
59771,Dead
59772,Dead
59773,Dead
59774,Dead
59775,Dead
59776,Dead
59777,Dead
59778,Dead
59779,Dead
59780,Dead
59781,Dead
59782,Dead
59783,Dead
59784,Dead
59785,Dead
59786,Dead
59787,Dead
59788,Dead
59789,Dead
59790,Dead
59791,Dead
59792,Dead
59793,Dead
59794,Dead
59795,Dead
59796,Dead
59797,Dead
59798,Dead
59799,Dead
59800,Dead
59801,Dead
59802,Dead
59803,Dead
59804,Dead
59805,Dead
59806,Dead
59807,Dead
59808,Dead
59809,Dead
59810,Dead
59811,Dead
59812,Dead
59813,Dead
59814,Dead
59815,Dead
59816,Dead
59817,Dead
59818,Dead
59819,Dead
59820,Dead
59821,Dead
59822,Dead
59823,Dead
59824,Dead
59825,Dead
59826,Dead
59827,Dead
59828,Dead
59829,Dead
59830,Dead
59831,Dead
59832,Dead
59833,Dead
59834,Dead
59835,Dead
59836,Dead
59837,Dead
59838,Dead
59839,Dead
59840,Dead
59841,Dead
59842,Dead
59843,Dead
59844,Dead
59845,Dead
59846,Dead
59847,Dead
59848,Dead
59849,Dead
59850,Dead
59851,Dead
59852,Dead
59853,Dead
59854,Dead
59855,Dead
59856,Dead
59857,Dead
59858,Dead
59859,Dead
59860,Dead
59861,Dead
59862,Dead
59863,Dead
59864,Dead
59865,Dead
59866,Dead
59867,Dead
59868,Dead
59869,Dead
59870,Dead
59871,Dead
59872,Dead
59873,Dead
59874,Dead
59875,Dead
59876,Dead
59877,Dead
59878,Dead
59879,Dead
59880,Dead
59881,Dead
59882,Dead
59883,Dead
59884,Dead
59885,Dead
59886,Dead
59887,Dead
59888,Dead
59889,Dead
59890,Dead
59891,Dead
59892,Dead
59893,Dead
59894,Dead
59895,Dead
59896,Dead
59897,Dead
59898,Dead
59899,Dead
59900,Dead
59901,Dead
59902,Dead
59903,Dead
59904,Dead
59905,Dead
59906,Dead
59907,Dead
59908,Dead
59909,Dead
59910,Dead
59911,Dead
59912,Dead
59913,Dead
59914,Dead
59915,Dead
59916,Dead
59917,Dead
59918,Dead
59919,Dead
59920,Dead
59921,Dead
59922,Dead
59923,Dead
59924,Dead
59925,Dead
59926,Dead
59927,Dead
59928,Dead
59929,Dead
59930,Dead
59931,Dead
59932,Dead
59933,Dead
59934,Dead
59935,Dead
59936,Dead
59937,Dead
59938,Dead
59939,Dead
59940,Dead
59941,Dead
59942,Dead
59943,Dead
59944,Dead
59945,Dead
59946,Dead
59947,Dead
59948,Dead
59949,Dead
59950,Dead
59951,Dead
59952,Dead
59953,Dead
59954,Dead
59955,Dead
59956,Dead
59957,Dead
59958,Dead
59959,Dead
59960,Dead
59961,Dead
59962,Dead
59963,Dead
59964,Dead
59965,Dead
59966,Dead
59967,Dead
59968,Dead
59969,Dead
59970,Dead
59971,Dead
59972,Dead
59973,Dead
59974,Dead
59975,Dead
59976,Dead
59977,Dead
59978,Dead
59979,Dead
59980,Dead
59981,Dead
59982,Dead
59983,Dead
59984,Dead
59985,Dead
59986,Dead
59987,Dead
59988,Dead
59989,Dead
59990,Dead
59991,Dead
59992,Dead
59993,Dead
59994,Dead
59995,Dead
59996,Dead
59997,Dead
59998,Dead
59999,Dead
60000,Dead
